"","V1","V2","V3","V4","V5","V6","V7","V8","V9","V10","V11","V12","V13","V14","V15","V16","V17","V18","V19","V20","V21","V22","V23","V24","V25","V26","V27","V28","V29","V30","V31","V32","V33","V34","V35","V36","V37","V38","V39","V40","V41","V42","V43","V44","V45","V46","V47","V48","V49","V50","V51","V52","V53","V54","V55","V56","V57","V58","V59","V60"
"1",NA,NA,NA,NA,NA,NA,NA,NA,NA,NA,NA,NA,NA,NA,NA,NA,NA,NA,NA,NA,NA,NA,NA,NA,NA,NA,NA,NA,NA,NA,NA,NA,NA,NA,NA,NA,NA,NA,NA,NA,NA,NA,NA,NA,NA,NA,NA,NA,NA,NA,NA,NA,NA,NA,NA,NA,NA,NA,NA,NA
"2",1308.70148922619,1313.51234462092,1318.31439955097,1323.10771803635,1327.89236328652,1332.66839771499,1337.43588295352,1342.19487986607,1346.94544856236,1351.68764841118,1356.42153805335,1361.14717541443,1411.5172788101,1406.10080461778,1412.11553558296,1413.82266298495,1399.16909989791,1397.97932077228,1427.43163191063,1444.67387883978,1439.2019745541,1445.16164427515,1446.81407500788,1432.1061756225,1421.15337410111,1472.24049442815,1457.83751972038,1465.98388428761,1440.41568761998,1463.95529001428,1447.16827000843,1452.34415250567,1504.40124193355,1489.53524742197,1497.71090302002,1471.44544047502,1525.19058049382,1483.49033968132,1522.40062663814,1579.22974690171,1558.22285970165,1570.97719923075,1538.36252394356,1562.29351924176,1519.57884685564,1559.43569486003,1617.64728325264,1596.12936663826,1614.62261475726,1580.72975359343,1609.96948035714,1573.29017098802,1609.75111692237,1676.98160455389,1635.27399603278,1646.34831669106,1611.78949507236,1641.60375290447,1604.20373219046,1641.38109884899
"3",623.789206784515,625.124342100354,626.458052863765,627.790345134583,629.121224927677,630.450698213423,631.778770918175,633.105448924725,634.430738072764,635.754644159322,637.077172939223,638.398330125515,652.45548184299,653.819449198333,655.181995019228,656.543125212727,657.902845643066,659.261162132098,660.618080459732,661.973606364366,663.327745543309,664.680503653198,666.031886310417,667.381899091501,678.485647161461,672.95894275094,683.057929957568,676.120572705918,673.712650799678,684.732597204508,683.187431256216,688.336069978532,682.698823048151,692.913406078626,685.845881445056,683.373543318866,709.264608883565,706.010443152748,713.445662478568,708.713104206214,718.900030197936,708.866836504369,710.696127006806,719.144212532825,715.880260134405,723.305731442785,718.563463536828,728.74071801507,730.231228747642,731.814886738379,733.401979220182,734.992513641459,736.586497466769,738.183938176861,739.784843268708,741.389220255539,742.997076666881,744.608420048587,746.223257962876,747.841597988368
"4",1043.83345054157,1040.70526140911,1037.59126955603,1034.491410548,1031.40562024313,1028.33383479065,1025.27599062957,1022.23202448736,1019.20187337866,1016.18547460399,1013.1827657484,1010.19368468022,963.41586130879,960.352232548312,957.303107406818,954.268417222281,951.248093657727,948.242068699701,945.250274656729,942.2726441578,939.309110150846,936.359605901229,933.424064990247,930.502421313628,893.385045017691,889.861983263973,886.338921510256,882.815859756538,879.292798002821,875.769736249103,872.246674495385,868.723612741668,865.20055098795,861.677489234233,858.154427480515,854.631365726797,862.569784610901,859.342565536659,856.127420781665,852.924305171055,849.73317369898,846.553981527979,843.386683988343,840.231236577492,837.087594959348,833.955714963711,830.83555258564,827.727063984834,772.625813168047,779.414060431353,763.643685754969,748.525565183139,742.671950314246,744.69372601173,759.594721187421,747.310893825848,753.756631310761,738.386623252842,723.650995325142,717.874180813185
"5",608.706265554007,609.233123402171,609.760437265341,610.288207538217,610.816434615838,611.345118893585,611.874260767181,612.403860632694,612.933918886532,613.464435925447,613.995412146535,614.526847947235,647.44336243031,648.288888482714,649.135518746462,649.983254663595,650.832097678035,651.682049235592,652.533110783964,653.385283772738,654.238569653396,655.092969879314,655.948485905767,656.805119189931,723.156327774995,724.748527483335,726.344232795947,727.943451431246,729.546191124645,731.152459628585,732.762264712577,734.375614163239,735.992515784332,737.6129773968,739.237006838806,740.86461196577,779.875469811614,782.605732686785,785.345553928203,788.094966998714,790.854005478312,793.622703064556,796.40109357297,799.189210937468,801.987089210761,804.794762564774,807.612265291066,810.439631801247,931.190923597303,937.6658186462,931.716386891025,957.872447985031,959.66177971632,967.452067235884,964.790842815788,963.563129433163,970.195604108489,964.404519037101,990.71969760609,992.668921355575
"6",513.084677037638,513.128606927784,513.172534937513,513.216461067146,513.260385317005,513.304307687412,513.348228178689,513.392146791156,513.436063525136,513.479978380949,513.523891358918,513.567802459363,511.740799387842,511.737735968963,511.734672550084,511.731609131205,511.728545712327,511.725482293448,511.722418874569,511.71935545569,511.716292036811,511.713228617932,511.710165199053,511.707101780174,510.520985858852,510.475663133515,510.430346480996,510.38503590048,510.339731391154,510.294432952205,510.249140582819,510.203854282182,510.158574049482,510.113299883906,510.06803178464,510.022769750872,511.837265202227,511.853068237558,511.868870303103,511.884671399011,511.90047152543,511.91627068251,511.932068870399,511.947866089247,511.963662339201,511.979457620411,511.995251933026,512.011045277193,523.80918449647,523.914129380727,524.01913328579,524.124196244852,524.229318291126,524.334499457841,524.439739778247,524.545039285612,524.650398013223,524.755815994384,524.861293262421,524.966829850675
"7",1240.83118639058,1276.63475570342,1268.86963804309,1255.6964352891,1257.26679122652,1256.69531243502,1276.2517122743,1235.81909347632,1271.47506396521,1263.73836740164,1250.61550137699,1252.17656079458,1242.48042260567,1260.82812351667,1221.88452582283,1253.00526892354,1258.04796229051,1233.6978432996,1231.98995733842,1235.68014706464,1254.03585568172,1215.10025626445,1246.22898822331,1251.27966104109,1151.61726404,1149.31604505066,1133.7725191636,1160.74353806237,1130.29106919116,1145.46004879853,1167.67372199024,1138.88364210299,1136.58776254023,1121.19647941397,1147.84789573336,1117.71378645565,1110.20222283109,1123.3637677366,1097.00352992956,1099.27318066175,1072.81045996537,1091.95179105978,1068.49002959925,1093.05165371782,1106.21319862333,1079.85296081629,1082.12261154848,1055.65989085211,915.137152230094,911.246236986207,907.355321742321,903.464406498434,899.573491254548,895.682576010661,891.791660766775,887.900745522888,884.009830279002,880.118915035115,876.227999791229,872.337084547343
"8",417.336638796151,419.490041112925,421.654554703205,423.830236899705,426.017145330969,428.215337922895,430.424872900272,432.645808788322,434.878204414248,437.122118908795,439.377611707813,441.644742553835,465.130669220366,457.5450623319,460.258925311416,466.137596210914,473.116726108273,474.930562037898,482.433096639906,486.557131711115,479.111511383488,481.966275504925,487.986768102701,495.108646269013,491.537726051102,496.277483316028,499.663730087765,495.960839091918,496.128878461581,501.907580278744,507.211060272452,508.411143190487,513.110370924777,516.45647481973,512.713821190358,512.84247190996,523.100361010142,523.515147525628,535.265796156715,534.378265066788,536.245149803368,534.296813380837,539.235453973785,538.931956226299,539.313311666736,551.030809851583,550.110404846976,551.944688188125,536.231419056984,538.006264073386,539.778186154254,541.547204459089,543.313337928687,545.076605288689,546.837025053055,548.59461552747,550.349394812667,552.101380807697,553.850591213121,555.597043534139
"9",468.945440414309,470.697479010978,472.456063442149,474.221218163878,475.992967723588,477.771336760416,479.556350005552,481.348032282588,483.146408507857,484.951503690783,486.763342934231,488.58195143485,488.33327707391,493.511810371355,498.234661641649,502.792326279526,501.643683850301,506.895524147732,514.042477583072,507.734864116129,513.119141664967,518.029632840854,522.76837448358,521.574096241444,487.57628980754,497.863090510401,488.167098832081,493.382199978969,499.625418136762,499.935981166724,503.968130511633,501.766095058126,512.258280451839,502.19096846475,507.465121924001,513.795800469162,495.947347736693,497.477575553693,499.005442783323,500.530963891866,502.054153191223,503.575024841254,505.093592852072,506.609871086301,508.123873261278,509.635612951219,511.145103589348,512.652358469973,489.168076058494,489.266554899335,489.365033740176,489.463512581017,489.561991421858,489.660470262699,489.75894910354,489.85742794438,489.955906785221,490.054385626062,490.152864466903,490.251343307744
"10",677.998566393695,675.552326076803,673.101642273834,670.646482545678,668.186814036553,665.722603466317,663.253817122599,660.780420852729,658.302380055483,655.819659672615,653.332224180186,650.840037579679,574.348636990373,570.703240786549,567.046164312286,563.377256414502,559.696362483428,556.00332433856,552.29798010967,548.580164112611,544.849706719632,541.1064342239,537.350168697907,533.580727845427,525.997566842083,526.922173634666,527.813001371699,524.026263660265,509.779056521168,504.853707552043,489.66076174249,495.55845601201,496.046516132023,496.491690686328,492.52896193553,478.738112783809,476.681279649169,473.755648064716,470.857781507484,467.987416479927,465.144291985164,462.328149503244,459.538732967639,456.775788741963,454.039065596903,451.328314687383,448.643289529933,445.983745980276,469.031868841904,466.714487757576,464.415303109539,462.134172016549,459.870952719286,457.625504571547,455.397688031506,453.187364653039,450.994397077125,448.818649023305,446.659985281217,444.518271702192
"11",20.3507527589504,20.4088044740595,20.4670217850885,20.5254051644098,20.5839550857427,20.6426720241581,20.701556456082,20.7606088592995,20.8198297129586,20.879219497574,20.9387786950311,20.9985077885901,21.2845231757787,21.5585809984532,21.6065227895516,21.5873846020993,21.466072257748,21.8476682824669,21.7906256508429,21.7355394661454,22.0109431525218,22.0602348234722,22.0424505440064,21.9224961477963,19.1888709017566,19.2215736351939,19.2542484608949,19.2868954736896,19.3195147678458,19.3521064370737,19.3846705745307,19.4172072728258,19.4497166240245,19.4821987196534,19.5146536507042,19.5470815076386,16.2792721586956,16.2608786650493,16.242485171403,16.2240916777566,16.2056981841103,16.187304690464,16.1689111968176,16.1505177031713,16.132124209525,16.1137307158786,16.0953372222323,16.076943728586,12.8393978565524,12.9735516802228,12.9727172128771,12.4940746799779,12.7652911500996,12.6457277857373,12.0069763988748,12.2660726457452,12.4002264694156,12.39939200207,11.9207494691707,12.1919659392924
"12",439.096593060191,445.015912403563,443.407891223114,433.403508710371,429.484966367906,435.045078576814,427.506795344786,425.862238927215,431.875244841314,430.360247020267,420.448229350502,416.62139799626,445.79280598669,444.372121622503,442.955964796751,441.544321080749,440.137176091798,438.734515493033,437.336324993278,435.942590346902,434.553297353674,433.168431858616,431.787979751861,430.411926968508,461.421455225538,460.896998952783,460.37313878231,459.849874036582,459.327204038834,458.805128113068,458.283645584058,457.762755777341,457.242458019225,456.722751636779,456.203635957842,455.685110311014,480.917728802224,481.200140146447,481.482857360616,481.765880776008,482.049210724259,482.332847537364,482.616791547677,482.901043087913,483.185602491148,483.470470090816,483.755646220716,484.041131215005,502.307131284138,503.17105150877,504.036457593562,504.903352094051,505.771737570171,506.641616586256,507.512991711052,508.385865517724,509.260240583862,510.136119491486,511.013504827062,511.892399181501
"13",317.769957376879,318.379088394634,318.99007148037,319.602912265314,320.217616397816,320.8341895434,321.452637384817,322.072965622094,322.695179972591,323.319286171051,323.945289969655,324.57319713807,344.019743126636,349.625766665292,350.354918321594,345.068801721815,358.942095725729,349.040152715371,352.718311998549,352.587386069252,358.239001318882,359.013987297122,353.773948921269,367.693566348995,375.564988839236,384.828623643295,384.992563982098,387.245017914232,391.958560756202,388.716166187471,396.292151525102,386.916139744922,396.17977454898,396.343714887783,398.596168819917,403.309711661887,434.691493311597,436.575635942704,438.455721476407,440.331784632541,442.203859614284,444.071980119076,445.936179349226,447.796490022247,449.652944380905,451.505574202995,453.354410810865,455.199485080685,463.20210725165,472.599718802303,457.158806005494,460.552853488199,459.129569985683,462.812649666681,473.423474680121,475.972564678099,485.552731589155,469.615443354563,473.029113513068,471.49547922531
"14",786.657203468459,789.457561828691,792.27226574991,795.101388720968,797.945004607182,800.803187652264,803.676012480257,806.563554097487,809.465887894518,812.383089648123,815.31523552326,818.262402075062,852.98054239105,855.934096803837,858.897878277191,861.871922223618,864.856264178249,867.850939799254,870.855984868277,873.871435290862,876.897327096878,879.933696440952,882.980579602903,886.038012988172,886.012596553365,888.59142030694,891.170244060515,893.749067814091,896.327891567666,898.90671532124,901.485539074815,904.064362828391,906.643186581966,909.222010335541,911.800834089116,914.379657842691,938.675367037915,941.590518054278,944.518743586582,947.460102274317,950.41465301997,953.38245499021,956.363567617067,959.358050599128,962.365963902728,965.387367763151,968.422322685839,971.470889447604,970.195496089365,972.407244832229,974.618993575093,976.830742317957,979.042491060821,981.254239803686,983.46598854655,985.677737289414,987.889486032278,990.101234775143,992.312983518007,994.524732260871
"15",1282.0028356189,1282.00911255867,1282.01536919267,1282.02160565194,1282.02782206628,1282.03401856421,1282.04019527305,1282.04635231889,1282.05248982661,1282.0586079199,1282.06470672132,1282.07078635221,1338.15736824564,1338.20603473325,1338.25470122086,1338.30336770847,1338.35203419608,1338.40070068369,1338.44936717129,1338.4980336589,1338.54670014651,1338.59536663412,1338.64403312173,1338.69269960934,1348.30421443758,1351.05315605688,1353.7986452146,1356.5406975472,1359.27932856948,1362.01455367591,1364.74638814196,1367.47484712539,1370.19994566754,1372.92169869461,1375.64012101888,1378.35522733995,1398.03137730288,1401.12053257631,1404.21651379118,1407.31933603039,1410.42901441021,1413.54556408027,1416.66900022369,1419.79933805716,1422.93659283097,1426.0807798291,1429.23191436934,1432.39001180328,1448.77284834671,1451.78733778981,1454.80809953888,1457.83514664485,1460.86849218577,1463.90814926691,1466.95413102083,1470.00645060737,1473.06512121381,1476.13015605482,1479.20156837259,1482.27937143686
"16",1760.29155702043,1755.43403936298,1750.56719734582,1745.69096902925,1740.80529176675,1735.91010219359,1731.00533621507,1726.09092899456,1721.16681494133,1716.23292769805,1711.28920012805,1706.33556430231,1688.20852625524,1683.35110914599,1678.50766809516,1673.67816288996,1668.86255343332,1664.06079974356,1659.27286195401,1654.4987003127,1649.73827518207,1644.99154703858,1640.25847647243,1635.53902418718,1575.7729605123,1571.19548925341,1566.63933879457,1562.10440982842,1557.59060351018,1553.09782145545,1548.62596573807,1544.17493888803,1539.74464388929,1535.33498417769,1530.94586363884,1526.57718660605,1471.65843620337,1466.39036425353,1461.12229230369,1455.85422035385,1450.586148404,1445.31807645416,1440.05000450432,1434.78193255448,1429.51386060464,1424.2457886548,1418.97771670496,1413.70964475511,1389.06880314371,1383.87585163206,1378.70231366231,1373.54811665807,1368.4131883143,1363.29745659624,1358.20084973844,1353.12329624375,1348.0647248823,1343.0250646905,1338.00424497006,1333.00219528701
"17",1308.15286550494,1309.15855080204,1310.16539484649,1311.1733989734,1312.18256451941,1313.1928928227,1314.204385223,1315.21704306158,1316.23086768124,1317.24586042636,1318.26202264285,1319.27935567815,1347.08163027443,1348.60133325393,1350.12103623343,1351.64073921293,1353.16044219244,1354.68014517194,1356.19984815144,1357.71955113094,1359.23925411044,1360.75895708995,1362.27866006945,1363.79836304895,1387.44631995951,1481.93939030567,1455.94046363194,1386.79474692566,1439.55186941931,1363.23350608979,1457.76639863144,1406.97738443829,1502.8210349007,1476.47578779169,1406.37385840538,1459.89557727643,1502.17519478029,1575.70003623745,1543.70725445624,1508.1255369646,1546.03633671504,1502.68403568015,1562.43511849121,1533.88058781288,1607.54055205673,1575.68346893167,1540.23802841989,1578.28568593862,1753.02459045944,1823.5895969489,1801.1533029758,1737.40252969443,1768.41410645912,1767.54868247465,1828.06303882735,1802.67704999769,1873.53649107938,1851.396377669,1787.94354127428,1819.2548216644
"18",815.515581846992,836.140593587732,828.865825479984,824.863364912763,829.251177532935,839.332237560847,825.633592922209,815.51117728551,836.136077628043,828.861348807553,824.85890985403,829.246698772321,814.504673966179,834.548900683651,833.713748152523,828.610766162819,808.893683016921,839.693378049707,818.30062210565,814.330066861984,834.369991176794,833.535012210695,828.433118784419,808.720257508483,826.625230690062,832.553515307438,846.380423171978,829.829812232463,825.524966179767,855.155225082549,808.190376152264,826.656799697567,832.585310717496,846.412746634824,829.861503623673,825.556493167918,822.232884245756,822.46912292835,849.808527033552,816.409156045771,825.367152311914,844.464329707992,817.764639648948,822.36807867686,822.604363060516,849.948269720953,816.543413341504,825.502889619666,823.494981025324,843.520358509525,848.67644358651,829.091018434491,841.295734996045,840.781355671327,829.495155794998,824.382096819734,844.428711106118,849.59001108056,829.983173524759,842.200689092651
"19",1248.7572378337,1137.76497167115,1165.03711470132,1159.80811780707,1156.64194859387,1230.47698523263,1137.82600964195,1247.49406827532,1136.61382024371,1163.85810889339,1158.63414338383,1155.47091930057,1215.29222178891,1070.25596300324,1142.10090927945,1151.11632499221,1136.78084916224,1176.67437722078,1120.43823828924,1210.26995784165,1065.23207392937,1137.07539300567,1146.0891794406,1131.75207225024,1150.80543278015,1052.41643824657,1111.15368697088,1097.98383633617,1095.89177262111,1170.92586218177,1093.99679663426,1143.19544046516,1044.81389616804,1103.55858783497,1090.39617285619,1088.3115375175,1114.40942675143,1014.01161454601,1034.68663387618,1049.51648195091,1059.88881723886,1113.70035480145,1023.92145253998,1102.00403843149,1001.62699422339,1022.32274678297,1037.17329337736,1047.56629253336,1028.93969397106,894.961721715025,936.289970647412,945.486661449926,916.09097935816,999.676830521487,934.0380429516,1006.98689340975,873.008921153717,914.337170086103,923.533860888618,894.138178796852
"20",1202.89651406633,1208.44622284982,1214.02153588706,1219.62257130638,1225.2494477811,1230.90228453206,1236.58120133014,1242.2863184988,1248.01775691662,1253.77563801987,1259.56008380509,1265.37121683166,1333.68071479402,1341.30946239613,1348.98184697171,1356.69811812732,1364.4585268973,1372.26332575191,1380.11276860556,1388.00711082506,1395.94660923795,1403.93152214083,1411.96210930779,1420.03863199884,1442.92813061495,1451.39921279109,1459.9200266425,1468.49086413183,1477.11201893576,1485.78378645507,1494.50646382478,1503.28034992431,1512.10574538774,1520.98295261409,1529.91227577768,1538.89402083859,1512.27953820435,1519.98369171892,1527.72709325601,1535.50994276067,1543.33244119652,1551.194790551,1559.09719384053,1567.03985511581,1575.02297946701,1583.04677302914,1591.11144298734,1599.21719758223,1516.81835542102,1522.45308883018,1528.1087543572,1533.7854297615,1539.48319309135,1545.20212268496,1550.94229717156,1556.70379547248,1562.4866968022,1568.2910806695,1574.11702687852,1579.96461552985
"21",1393.05906016355,1397.58373718042,1402.12311041707,1406.67722760704,1411.24613663891,1415.82988555682,1420.42852256093,1425.04209600798,1429.67065441176,1434.31424644364,1438.97292093308,1443.64672686811,1501.06855944702,1516.63409627628,1462.05303986816,1484.02472981974,1470.66832623202,1500.96415115507,1532.46217273177,1554.05147324619,1569.88518189967,1515.5736546614,1537.81623799865,1524.73209891738,1494.36786285909,1530.70630260749,1477.63890904916,1490.85888257371,1489.61272002602,1517.05093799257,1514.42737119502,1536.76111139152,1573.01451827847,1519.86276982887,1532.99905702816,1531.66986750232,1488.9758954814,1491.87409081302,1446.76182893174,1465.57099682997,1461.78095391018,1499.65783706133,1495.85478142995,1518.12857877059,1520.98588714413,1475.83296673343,1494.6017023067,1490.77145107308,1460.57803653464,1462.27266087142,1463.96925138294,1465.66781035044,1467.36834005781,1469.07084279157,1470.77532084093,1472.48177649772,1474.19021205645,1475.90062981428,1477.61303207105,1479.32742112926
"22",252.693156760242,251.98288869242,251.27105946043,250.557657734306,249.84267204395,249.126090776677,248.407902174703,247.688094332573,246.966655194534,246.243572551844,245.51883404002,244.792427136022,228.12171117689,227.070246706555,226.01608565879,224.959201492078,223.89956720766,222.837155338237,221.771937936297,220.703886562073,219.632972271089,218.559165601315,217.482436559875,216.402754609322,206.33358752291,205.305844873955,204.283221386477,203.265691562054,202.253230029273,201.245811543096,200.243410984227,199.246003358492,198.25356379621,197.266067551577,196.283490002045,195.305806647713,188.383217957576,187.118648173513,185.849782995015,184.576563513321,183.298929391321,182.016818813566,180.730168433972,179.438913321101,178.142986900866,176.842320896519,175.536845265749,174.226488134742,183.561040846325,182.660530989907,181.757073544635,180.850634353893,179.941178576499,179.028670667108,178.113074355868,177.19435262732,176.272467698488,175.347380996136,174.419053133135,173.487443883917
"23",248.271887641578,249.034449534137,249.799353619544,250.566607091798,251.336217166989,252.108191083376,252.882536101445,253.659259503987,254.438368596159,255.219870705557,256.003773182283,256.790083399015,257.881193966855,258.565313007797,259.24943204874,259.933551089682,260.617670130625,261.301789171567,261.98590821251,262.670027253452,263.354146294395,264.038265335337,264.72238437628,265.406503417222,256.009350323591,256.43351499482,256.857679666049,257.281844337278,257.706009008507,258.130173679737,258.554338350966,258.978503022195,259.402667693424,259.826832364653,260.250997035883,260.675161707112,215.893177508817,215.703431691811,215.513685874806,215.323940057801,215.134194240796,214.944448423791,214.754702606786,214.564956789781,214.375210972776,214.185465155771,213.995719338766,213.805973521761,179.577562232568,178.653861686968,177.730161141367,176.806460595767,175.882760050166,174.959059504565,174.035358958965,173.111658413364,172.187957867764,171.264257322163,170.340556776563,169.416856230962
"24",234.032243613208,232.949917182568,231.872596175472,230.800257443393,229.732877944855,228.670434744944,227.612905014812,226.560266031188,225.512495175888,224.46956993533,223.431467900053,222.398166764229,241.593236658446,240.853941788284,240.116909220298,239.38213203166,238.649603320727,237.919316206975,237.191263830936,236.46543935413,235.741835959005,235.020446848872,234.30126524784,233.584284400752,251.386137555128,243.229397780628,243.14146757376,246.652529863375,240.911544690536,252.820505418911,246.578184234428,249.576355042396,241.422554159278,241.33755807135,244.851549715213,239.113489139667,262.723801787931,259.959497147355,255.962793951096,259.732615651772,255.533021359854,265.750622122908,260.436708600105,263.802414784405,261.038749343103,257.042685724914,260.813147382681,256.614193427102,271.650140487027,269.778399150241,264.367771351866,272.902068363427,263.260629244165,276.03502643496,272.712604556029,273.976005508238,272.088238346115,266.631284821877,275.23865237507,265.514663377639
"25",118.772296593323,118.81962941821,118.866962243096,118.914295067983,118.96162789287,119.008960717756,119.056293542643,119.103626367529,119.150959192416,119.198292017302,119.245624842189,119.292957667076,133.092272395356,133.421820845217,133.751369295077,134.080917744938,134.410466194799,134.74001464466,135.069563094521,135.399111544382,135.728659994242,136.058208444103,136.387756893964,136.717305343825,146.143478022116,146.649064499829,147.154650977541,147.660237455253,148.165823932966,148.671410410678,149.176996888391,149.682583366103,150.188169843815,150.693756321528,151.19934279924,151.704929276953,162.464555614269,163.043170872176,163.621786130083,164.20040138799,164.779016645897,165.357631903804,165.936247161711,166.514862419618,167.093477677524,167.672092935431,168.250708193338,168.829323451245,172.340370508323,172.884025647017,173.426827148354,173.968780348112,174.509890523977,175.05016289644,175.589602629681,176.128214832431,176.666004558818,177.202976809199,177.739136530973,178.274488619377
"26",878.608111822801,880.742388302371,882.874080997715,885.003202373168,887.129764788217,889.253780498763,891.375261658356,893.494220319407,895.610668434393,897.72461785703,899.836080343442,901.945067553296,952.005476619171,955.207173127636,958.419637284801,961.642905303423,964.877013518046,968.121998385413,971.377896484872,974.644744518793,977.922579312981,981.211437817088,984.511357105034,987.822374375419,1011.62593275743,1014.35869195491,1017.09145115238,1019.82421034986,1022.55696954733,1025.28972874481,1028.02248794228,1030.75524713976,1033.48800633723,1036.22076553471,1038.95352473218,1041.68628392966,1071.28255886012,1113.33056620029,1088.93863830529,1149.99023621927,1100.94233571099,1091.08740975948,1077.58309911908,1092.29426491822,1134.34227225838,1109.95034436339,1171.00194227737,1121.95404176909,1148.64674771664,1152.18065871385,1155.72544209368,1159.28113130595,1162.8477599034,1166.425361542,1170.01396998125,1173.61361908453,1177.22434281939,1180.8461752579,1184.47915057694,1188.12330305855
"27",762.873274927042,764.69408196406,766.519234858214,768.348743982089,770.182619733025,772.020872533181,773.863512829589,775.710551094215,777.561997824023,779.417863541027,781.278158792356,783.142894150314,772.888576120983,774.431502921181,775.974429721379,777.517356521577,779.060283321776,780.603210121974,782.146136922172,783.68906372237,785.231990522569,786.774917322767,788.317844122965,789.860770923163,814.575789268465,816.331123109824,818.090239529718,819.853146679245,821.619852727069,823.390365859456,825.164694280315,826.942846211231,828.724829891508,830.510653578203,832.300325546166,834.093854088081,849.215196970304,851.095570444439,852.980107532714,854.868817454406,856.761709449204,858.658792777258,860.560076719222,862.465570576298,864.375283670284,866.28922534362,868.20740495943,870.129831901573,881.610190851509,883.47023308499,885.334199679992,887.202098916228,889.073939090878,890.949728518628,892.829475531707,894.713188479922,896.600875730698,898.492545669114,900.388206697938,902.28786723767
"28",1198.30422180605,1194.41614759165,1190.52807337725,1186.63999916285,1182.75192494845,1178.86385073406,1174.97577651966,1171.08770230526,1167.19962809086,1163.31155387646,1159.42347966206,1155.53540544766,1154.79604461323,1151.26594487167,1147.73584513011,1144.20574538854,1140.67564564698,1137.14554590542,1133.61544616386,1130.0853464223,1126.55524668074,1123.02514693917,1119.49504719761,1115.96494745605,1084.93758191991,1081.49172629949,1078.06283329012,1074.65081939146,1071.25560151419,1067.87709697801,1064.51522350961,1061.16989924071,1057.84104270601,1054.52857284123,1051.23240898117,1047.95247085768,997.701816078702,994.029412400376,990.357008722048,986.684605043721,983.012201365395,979.339797687067,975.66739400874,971.994990330413,968.322586652086,964.650182973759,960.977779295432,957.305375617105,961.426179949939,969.453904772377,971.72587262072,837.508424954897,931.051975955997,880.462557027481,942.41576755801,935.577377459822,943.605102282261,945.877070130603,811.659622464781,905.203173465881
"29",1207.67757890303,1209.1762664808,1210.67495405857,1212.17364163634,1213.67232921411,1215.17101679188,1216.66970436966,1218.16839194743,1219.6670795252,1221.16576710297,1222.66445468074,1224.16314225852,1254.83133280233,1256.4361516301,1258.04097045787,1259.64578928563,1261.2506081134,1262.85542694116,1264.46024576893,1266.06506459669,1267.66988342446,1269.27470225223,1270.87952107999,1272.48433990776,1333.48902404337,1336.58818933861,1339.68735463386,1342.7865199291,1345.88568522435,1348.9848505196,1352.08401581484,1355.18318111009,1358.28234640534,1361.38151170058,1364.48067699583,1367.57984229108,1458.78236498505,1464.22205852947,1469.6908465479,1475.18888465361,1480.71632929216,1486.27333774587,1491.86006813828,1497.47667943868,1503.1233314666,1508.80018489638,1514.50740126174,1520.24514296036,1940.69449183056,1950.4506242867,1960.25580213401,1970.11027193027,1980.01428147276,1989.96807980444,1999.97191722026,2010.02604527344,2020.13071678176,2030.286185834,2040.49270779623,2050.75053931832
"30",728.969952012074,729.135341282348,729.300786852942,729.466288743019,729.631846971753,729.797461558321,729.963132521908,730.128859881705,730.294643656911,730.46048386673,730.626380530372,730.792333667055,727.624813610554,727.87885808157,728.132902552587,728.386947023603,728.64099149462,728.895035965637,729.149080436653,729.40312490767,729.657169378686,729.911213849703,730.165258320719,730.419302791736,725.136548755799,725.13549781851,725.134447354567,725.133397363757,725.132347845867,725.131298800683,725.130250227994,725.129202127585,725.128154499244,725.127107342759,725.126060657917,725.125014444506,724.127476442119,724.113706289887,724.099936137654,724.086165985423,724.07239583319,724.058625680958,724.044855528726,724.031085376494,724.017315224263,724.00354507203,723.989774919799,723.976004767566,738.256145181513,738.570167283187,738.884468932566,739.19905037851,739.513911870098,739.829053656631,740.144475987632,740.460179112847,740.776163282243,741.09242874601,741.408975754563,741.725804558535
"31",670.334204095982,669.962990372815,669.591610138248,669.220063150354,668.848349166614,668.47646794391,668.104419238526,667.732202806144,667.359818401842,666.987265780097,666.614544694772,666.241654899125,658.046806474634,657.465702116641,656.885110917091,656.305032422827,655.725466181093,655.146411739531,654.567868646183,653.989836449491,653.412314698296,652.835302941835,652.258800729745,651.682807612061,637.30535332872,636.447609824973,635.591020750442,634.735584551388,633.881299676168,633.028164575225,632.176177701089,631.325337508371,630.475642453764,629.627090996036,628.779681596031,627.933412716663,600.704617860908,599.268798675502,597.831256693121,596.391983616928,594.950971079908,593.50821064402,592.063693799332,590.61741196314,589.16935647908,587.719518616218,586.267889568132,584.814460451972,530.570671574641,528.759013938009,526.944240707479,525.126330362849,523.305261122468,521.481010938684,519.653557493171,517.822878192162,515.988950161563,514.151750241965,512.311254983524,510.467440640737
"32",251.170182561767,252.24351024995,253.321424598517,254.403945207685,255.491091761425,256.582884027826,257.679341859453,258.780485193704,259.886334053177,260.996908546035,262.112228866367,263.232315294558,296.588064422649,298.211944216931,299.844715082374,301.486425699396,303.137125014948,304.796862243979,306.465686870897,308.143648651049,309.830797612201,311.527184056032,313.232858559633,314.947871977015,326.412981625548,327.906024156276,329.395673665651,330.881960781094,332.364915649485,333.844567947863,335.320946893816,336.794081255576,338.263999361825,339.730729111233,341.194297981712,342.654733039434,329.499391740107,330.880960958461,332.259649823683,333.635482198578,335.008481602135,336.378671216557,337.746073894117,339.110712163816,340.472608237881,341.831784018092,343.188261101938,344.542060788623,332.957064641191,334.076327838887,335.195591036584,336.314854234281,337.434117431978,338.553380629674,339.672643827371,340.791907025068,341.911170222765,343.030433420462,344.149696618158,345.268959815855
"33",702.854433078738,705.00293159886,707.162033351098,709.331790664338,711.512256125716,713.703482581897,715.905523140354,718.118431170654,720.342260305752,722.577064443293,724.822897746917,727.079814647569,753.110005627775,751.384856644905,765.449100754069,760.524171666978,751.938860034157,766.013807990289,769.370429640145,780.851649529022,779.339588046724,793.618556411768,788.910000908013,780.542724854704,764.534537911643,764.271281152164,775.185154229411,793.145021272329,799.03996996436,787.453519900459,772.71434087908,783.678592016479,783.340529455387,794.458016935758,812.794616538127,818.765795031621,759.67528554137,760.762712826821,761.850140112272,762.937567397723,764.024994683174,765.112421968625,766.199849254076,767.287276539527,768.374703824978,769.462131110429,770.54955839588,771.636985681331,735.062771595523,735.581462712008,736.099969381333,736.618291864418,737.136430421535,737.654385312315,738.172156795749,738.689745130189,739.207150573352,739.724373382322,740.24141381355,740.758272122858
"34",988.144533984891,985.547863730022,982.951193475154,980.354523220285,977.757852965417,975.161182710548,972.56451245568,969.967842200812,967.371171945943,964.774501691075,962.177831436206,959.581161181338,867.530354896843,863.291501935272,859.052648973699,854.813796012128,850.574943050555,846.336090088984,842.097237127412,837.858384165839,833.619531204267,829.380678242696,825.141825281123,820.902972319552,809.818116818079,814.313478816508,778.654283589833,788.096682575037,739.232522207745,752.208517789169,744.891802151127,772.247848995693,776.743210994122,741.084015767447,750.52641475265,701.662254385358,726.577323265123,663.78798953039,764.642174566149,753.865227536494,685.601915515096,715.158389004475,644.736113095441,691.519276256077,628.729942521344,729.584127557103,718.807180527449,650.54386850605,685.031058853897,644.975957292443,689.597700785892,661.931301857301,742.230512760402,727.729923020376,668.991713293798,662.564374191939,622.675222864039,667.461690799143,639.958799574626,720.420310431656
"35",1677.66627817219,1681.61542031665,1685.56456246111,1689.51370460556,1693.46284675002,1697.41198889447,1701.36113103893,1705.31027318339,1709.25941532784,1713.2085574723,1717.15769961676,1721.10684176121,1780.9369934666,1785.41443741459,1789.90852670267,1794.41932321155,1798.94688905196,1803.49128656555,1808.05257832572,1812.63082713851,1817.22609604344,1821.83844831438,1826.46794746042,1831.11465722678,1750.94997807726,1754.4335855527,1757.91719302814,1761.40080050358,1764.88440797903,1768.36801545447,1771.85162292991,1775.33523040536,1778.8188378808,1782.30244535624,1785.78605283168,1789.26966030713,1455.29213905123,1454.11359715255,1452.93635936923,1451.7604242582,1450.585790378,1449.41245628874,1448.24042055215,1447.06968173153,1445.90023839178,1444.73208909939,1443.56523242242,1442.39966693053,1118.91205744837,1147.74392822702,1118.77817655674,1175.15141350406,1196.75276873955,1047.92055844661,1138.21725266643,1075.17047145227,1102.62323307357,1074.54779677998,1128.42846229775,1148.89916504881
"36",354.611515997152,368.365244869228,344.958398663443,347.854628887635,331.879630566408,348.630973183206,343.589811831157,344.423539563046,358.24445142131,334.904345174221,337.866875251093,321.957739578738,373.988152294207,385.298344805337,376.92442652227,378.78188811525,366.391532692861,364.0536250697,346.582822579868,367.147668782697,378.26287182574,370.053493809835,371.888798434506,359.735253691059,379.110521159169,378.759977219991,378.409433280812,378.058889341633,377.708345402454,377.357801463275,377.007257524097,376.656713584918,376.306169645739,375.95562570656,375.605081767381,375.254537828203,390.729117478688,380.669368026078,397.199545276608,385.431911125082,388.67611411488,405.803101512594,388.257138317492,391.800204888584,381.742163722354,398.274051983824,386.508131572144,389.754051035045,406.819777403775,408.34087250211,405.60872017403,411.619664466871,419.697123062558,414.891722892525,413.054548631152,411.658463209656,413.197650106056,410.433001750437,416.515439791727,424.688971111568
"37",358.639553540788,359.094064979967,359.54915243104,360.004816623998,360.461058289759,360.917878160165,361.375276967989,361.833255446929,362.291814331616,362.750954357608,363.2106762614,363.670980780416,385.355819437267,386.720543548519,388.090100782319,389.464508255,390.843783143514,392.227942685642,393.617004180215,395.010984987325,396.409902528544,397.813774287143,399.222617808309,400.636450699364,446.950470154497,449.318700382074,451.699479012183,454.092872534306,456.498947790231,458.917771975919,461.349412643374,463.793937702537,466.251415423177,468.721914436802,471.205503738573,473.702252689231,464.379342627724,466.414147227416,468.462798477214,470.525390602241,472.602018468818,474.692777588819,476.797764124068,478.917074890761,481.050807363918,483.19905968187,485.361930650765,487.539519749123,499.494055141724,501.503922808095,503.509770356972,505.511629757901,507.50953253816,509.503509791449,511.493592186353,513.479809974601,515.462192999114,517.44077070185,519.415572131455,521.386625950727
"38",1638.12394615974,1642.43541944551,1646.75824034752,1651.09243873221,1655.43804454465,1659.7950878087,1664.16359862726,1668.54360718244,1672.9351437358,1677.33823862856,1681.75292228177,1686.17922519656,1708.56788406694,1669.01251643803,1750.41631712088,1685.92108292319,1781.89571036124,1832.84135790471,1811.52250574211,1746.78072718236,1707.16593199525,1788.51067295751,1723.95674291076,1819.87303446599,1895.05213626122,1873.70862673447,1795.36283074686,1785.38965830259,1824.00907399149,1784.27544578731,1852.60735950093,1935.94394576334,1914.73096607287,1836.51611658291,1826.67430862771,1865.42550813134,1869.81777151122,1932.47573491063,2028.85554645247,2006.19261536649,1890.71806373498,1958.2742258831,1964.05276716944,1917.30541979221,1980.12858559831,2076.67417426124,2054.17759701009,1938.86997793346,2078.36390599497,2030.99984380356,1995.9408149816,1998.73972786061,2152.66670809223,2115.95852885303,1979.30119892611,2133.15038157141,2084.53778440065,2048.55458603323,2051.42727933715,2209.41183424021
"39",308.953563168518,309.52545734181,310.098936085253,310.67400378928,311.250664856487,311.828923701671,312.408784751858,312.990252446342,313.573331236718,314.158025586912,314.744339973223,315.332278884348,330.579177894841,334.471492694321,312.644551688638,331.366770192755,306.327276575324,328.107892688073,312.876703206247,334.962366866121,338.867119780113,317.052652184406,335.787379494122,310.760430178354,328.42087286048,335.326630834025,330.834916625042,345.858593328091,314.079217575549,340.067188251139,320.351796292201,332.366925990885,339.348754430334,334.796375666366,349.992875710314,317.827219177924,341.16136272052,341.737535052511,342.314680456462,342.892800575751,343.471897056534,344.051971547743,344.633025701096,345.215061171103,345.798079615065,346.382082693082,346.967072068062,347.553049405715,356.319773557059,356.969159073339,357.619728081471,358.271482738345,358.924425204782,359.57855764554,360.233882229323,360.890401128788,361.54811652055,362.207030585192,362.867145507271,363.528463475326
"40",2052.83317410703,2048.29642309006,2043.77538701697,2039.27001145246,2034.78024214978,2030.30602505007,2025.84730628174,2021.40403215982,2016.97614918527,2012.56360404439,2008.16634360815,2003.78431493154,1987.1687795438,1982.96985410904,1978.78482376262,1974.61364252291,1970.45626456042,1966.31264419734,1962.182735907,1958.0664943134,1953.96387419069,1949.87483046269,1945.79931820237,1941.7372926314,1905.9401924715,1901.07770793846,1896.2276287033,1891.3899231173,1886.56455961248,1881.75150670141,1876.95073297697,1872.16220711219,1867.38589785999,1862.62177405305,1857.86980460353,1853.12995850291,1822.79757380293,1817.2420917685,1811.67806657718,1806.1054455539,1800.52417545279,1794.93420244825,1789.33547212593,1783.72792947349,1778.11151887114,1772.48618408204,1766.85186824245,1761.20851385173,1733.18529726308,1728.2213625426,1723.27164479473,1718.33610330132,1713.41469746081,1708.50738678794,1703.61413091342,1698.73488958354,1693.8696226599,1689.01829011908,1684.18085205225,1679.3572686649
"41",758.954094141936,759.519183609615,760.084905101182,760.651259323522,761.218246984314,761.785868792025,762.354125455916,762.923017686044,763.492546193255,764.062711689194,764.6335148863,765.204956497809,772.880312060454,773.407298617517,773.934285174582,774.461271731646,774.98825828871,775.515244845774,776.042231402837,776.569217959901,777.096204516965,777.623191074029,778.150177631093,778.677164188157,817.566975147957,818.894886849888,820.222798551819,821.55071025375,822.878621955681,824.206533657612,825.534445359543,826.862357061474,828.190268763404,829.518180465336,830.846092167266,832.174003869197,868.637242246335,870.700937042214,872.764631838092,874.82832663397,876.892021429848,878.955716225726,881.019411021604,883.083105817483,885.14680061336,887.210495409239,889.274190205117,891.337885000995,980.772369061838,984.548428668943,988.339026436588,992.14421833797,995.964060561779,999.798609513044,1003.64792181395,1007.5120543047,1011.39106404431,1015.28500831149,1019.1939446055,1023.11793064694
"42",45.3131100070826,45.321806818744,45.3305052995589,45.3392054498476,45.3479072699304,45.356610760128,45.3653159207608,45.3740227521494,45.3827312546145,45.3914414284768,45.4001532740571,45.4088667916763,44.1994284831688,44.1956852369563,44.1919415416363,44.1881973970629,44.1844528030903,44.1807077595725,44.1769622663634,44.1732163233168,44.1694699302865,44.1657230871263,44.1619757936896,44.1582280498302,43.9592545789146,43.9520395390468,43.9448244991789,43.9376094593111,43.9303944194433,43.9231793795755,43.9159643397076,43.9087492998398,43.901534259972,43.8943192201041,43.8871041802363,43.8798891403685,44.7543519122262,44.7559081128352,44.7574643675564,44.7590206763918,44.7605770393433,44.7621334564127,44.7636899276019,44.7652464529128,44.7668030323473,44.7683596659072,44.7699163535945,44.771473095411,44.8660190384372,44.8825420670627,44.8990650956882,44.9155881243137,44.9321111529393,44.9486341815648,44.9651572101903,44.9816802388158,44.9982032674413,45.0147262960668,45.0312493246924,45.0477723533179
"43",1395.86995536819,1395.86488465934,1395.85981393527,1395.85474319599,1395.8496724415,1395.84460167179,1395.83953088687,1395.83446008674,1395.82938927139,1395.82431844083,1395.81924759505,1395.81417673406,1348.2526484806,1347.83586468036,1347.41927775057,1347.00288759822,1346.58669413036,1346.1706972541,1345.75489687657,1345.33929290495,1344.92388524647,1344.5086738084,1344.09365849806,1343.67883922279,1322.39280631945,1321.64326893802,1320.8937315566,1320.14419417517,1319.39465679375,1318.64511941232,1317.8955820309,1317.14604464947,1316.39650726805,1315.64696988662,1314.89743250519,1314.14789512377,1246.2411226782,1244.21407170309,1242.18702072799,1240.15996975288,1238.13291877777,1236.10586780266,1234.07881682755,1232.05176585245,1230.02471487734,1227.99766390223,1225.97061292712,1223.94356195201,1165.62457273115,1162.86266979036,1160.1110957577,1157.36981200535,1154.63878004992,1151.91796155195,1149.20731831536,1146.50681228691,1143.8164055557,1141.13606035255,1138.46573904959,1135.80540415964
"44",367.108055878776,368.236536286697,369.368485613402,370.503914522256,371.642833709402,372.785253903863,373.931185867641,375.080640395824,376.233628316679,377.390160491763,378.550247816018,379.713901217879,401.798322734566,403.880173067651,405.972810157583,408.076289894128,410.190668456632,412.316002315526,414.452348233833,416.599763268684,418.758304772842,420.928030396234,423.10899808749,425.301266095491,429.343810929149,431.282640445145,433.221469961141,435.160299477138,437.099128993134,439.037958509131,440.976788025127,442.915617541123,444.85444705712,446.793276573116,448.732106089113,450.670935605109,449.938033436726,451.612166334302,453.286299231879,454.960432129455,456.634565027031,458.308697924608,459.982830822184,461.65696371976,463.331096617337,465.005229514913,466.679362412489,468.353495310066,461.735447215082,463.142322080169,472.995408656693,452.723647947027,460.577195180254,451.899406473501,458.332942547812,469.602514707275,471.014199767604,481.015282991599,460.38125604462,468.348863184879
"45",132.207512805917,132.327360768491,132.447772501433,132.568750656742,132.690297898897,132.812416904909,132.93511036438,133.058380979567,133.182231465437,133.306664549728,133.43168297301,133.557289488746,130.093255617451,130.093365429304,130.093474569216,130.093583045362,130.093690865767,130.093798038312,130.093904570737,130.094010470643,130.094115745498,130.094220402637,130.094324449268,130.094427892472,129.884146533827,129.889807421582,129.895514187194,129.901267202472,129.907066842242,129.912913484364,129.918807509762,129.924749302448,129.930739249544,129.936777741312,129.942865171174,129.949001935742,135.374653766353,135.831426533798,136.290582806333,136.752135021426,137.216095681445,137.682477353997,138.151292672269,138.62255433537,139.096275108673,139.572467824165,140.051145380791,140.532320744804,124.343392845032,123.450656247539,123.755322697832,131.029856591555,127.593017524086,128.403574329302,129.283129361801,124.349241439359,123.456504880393,123.761171369212,131.035705301462,127.598866272521
"46",1841.722406834,1835.33280302605,1828.9431992181,1822.55359541015,1816.1639916022,1809.77438779425,1803.38478398629,1796.99518017834,1790.60557637039,1784.21597256244,1777.82636875449,1771.43676494654,1698.91263788343,1689.36595666725,1679.81927545107,1670.27259423489,1660.72591301871,1651.17923180253,1641.63255058635,1632.08586937017,1622.539188154,1612.99250693782,1603.44582572164,1593.89914450546,1543.21249595604,1532.89384836138,1522.57520076673,1512.25655317207,1501.93790557742,1491.61925798276,1481.30061038811,1470.98196279346,1460.6633151988,1450.34466760415,1440.02602000949,1429.70737241484,1453.95606308898,1446.96485420828,1440.02664804511,1433.14104276796,1426.30763959174,1419.52604275467,1412.79585949538,1406.11670003017,1399.48817753041,1392.90990810015,1386.38151075387,1379.90260739446,1452.99434656924,1447.45988534423,1441.92542411921,1436.3909628942,1430.85650166918,1425.32204044417,1419.78757921915,1414.25311799414,1408.71865676912,1403.18419554411,1397.64973431909,1392.11527309408
"47",1707.25358542606,1711.40325135753,1715.56762852321,1719.74676907681,1723.94072535689,1728.14954988762,1732.37329537932,1736.61201472921,1740.86576102202,1745.1345875307,1749.41854771704,1753.71769523235,1790.43739052858,1794.54968985715,1798.67143436703,1802.80264575203,1806.94334575579,1811.09355617188,1815.25329884394,1819.42259566578,1823.60146858149,1827.78993958556,1831.98803072301,1836.19576408948,1815.46250593462,1818.54594328806,1821.63461764634,1824.72853790414,1827.82771297126,1830.93215177262,1834.04186324832,1837.15685635363,1840.27714005903,1843.40272335023,1846.53361522822,1849.66982470926,1521.95740293342,1520.65510993993,1519.35225904153,1518.04884928097,1516.74487969815,1515.44034933005,1514.13525721076,1512.82960237145,1511.52338384036,1510.2166006428,1508.90925180113,1507.60133633471,1368.56849401997,1364.19523559921,1359.81367925696,1355.42376655352,1351.02543833382,1346.61863471492,1342.2032950732,1337.77935803128,1333.34676144457,1328.90544238764,1324.45533714016,1319.99638117253
"48",479.237075131506,477.325538829138,475.425969008005,473.53829075628,471.662429631097,469.798311655613,467.945863316088,466.10501155899,464.275683788111,462.457807861706,460.651312089648,458.856125230597,515.905050392062,514.715093257993,513.527880811109,512.343406720673,511.161664670547,509.982648359163,508.806351499488,507.63276781899,506.461891059605,505.293714977702,504.128233344055,502.965439943801,504.434683675196,504.090459509978,503.746613188349,503.403144295562,503.060052417325,502.717337139803,502.374998049612,502.033034733825,501.691446779966,501.350233776013,501.009395310394,500.668930971993,518.041834440679,518.307550203268,518.573480991143,518.83962697831,519.105988338915,519.372565247245,519.639357877726,519.906366404929,520.173591003563,520.441031848481,520.708689114674,520.976562977278,524.800380853664,525.093361838949,525.386772175499,525.680612492509,525.974883420099,526.26958558931,526.564719632108,526.860286181387,527.156285870964,527.452719335591,527.749587210945,528.046890133637
"49",1630.0460341409,1717.86132546943,1569.63682455644,1573.2040570291,1620.87926176875,1673.56465894565,1660.17649928851,1645.41255590668,1733.21754841601,1584.98277623329,1588.53976485696,1636.20475304053,1755.30800153053,1759.6542389714,1763.99497098885,1768.33022500895,1772.66002822001,1776.98440757551,1781.30338979699,1785.61700137689,1789.92526858133,1794.22821745287,1798.52587381324,1802.81826326595,1931.41467282798,1939.1842190554,1946.98502001513,1954.8172014363,1962.68088955382,1970.57621111039,1978.50329335858,1986.46226406286,1994.45325150165,2002.4763844694,2010.53179227868,2018.61960476223,2073.52205629856,2082.56728538774,2091.65197206023,2100.77628844001,2109.94040740192,2119.14450257491,2128.38874834536,2137.67331986036,2146.99839303102,2156.36414453585,2165.77075182405,2175.21839311891,2219.28907100894,2229.05847895843,2238.87089227073,2248.72650025734,2258.62549306311,2268.56806166992,2278.55439790036,2288.58469442143,2298.65914474827,2308.77794324785,2318.94128514279,2329.14936651507
"50",0.800073739818034,0.804141435500271,0.808229811961465,0.81233897434582,0.816469028332106,0.820620080136383,0.850355350398683,0.85471821954801,0.859081088697336,0.863443957846663,0.867806826995989,0.872169696145316,0.949383526459171,0.954091018815273,0.958845858435329,NA,NA,NA,NA,NA,NA,NA,NA,NA,NA,NA,NA,NA,NA,NA,NA,NA,NA,NA,NA,NA,NA,NA,NA,NA,NA,NA,NA,NA,NA,NA,NA,NA,NA,NA,NA,NA,NA,NA,NA,NA,NA,NA,NA,NA
"51",0.900158137138328,0.906844107359555,0.913505516333037,0.920142721008052,0.926756069353505,0.933345900677252,0.891705499828084,0.893149125141924,0.894589920418714,0.896027901263859,0.897463083141648,0.898895481377021,0.891213005522172,0.891231406329142,0.891249807706076,NA,NA,NA,NA,NA,NA,NA,NA,NA,NA,NA,NA,NA,NA,NA,NA,NA,NA,NA,NA,NA,NA,NA,NA,NA,NA,NA,NA,NA,NA,NA,NA,NA,NA,NA,NA,NA,NA,NA,NA,NA,NA,NA,NA,NA
"52",6074401.17146411,6177837.46990565,6281273.76834719,6384710.06678872,6488146.36523026,6591582.6636718,6695018.96211334,6798455.26055487,6901891.55899641,7005327.85743795,7108764.15587948,7212200.45432102,5541952.17801422,5569098.08142867,5596137.36802122,5623071.38114698,5649901.43578592,5676628.81937992,5703254.79263821,5729780.59031278,5756207.42194486,5782536.47258406,5808768.9034812,5834905.85275609,4222165.55445387,4188590.88994905,4155016.22544422,4121441.56093939,4087866.89643457,4054292.23192974,4020717.56742492,3987142.90292009,3953568.23841526,3919993.57391044,NA,NA,NA,NA,NA,NA,NA,NA,NA,NA,NA,NA,NA,NA,NA,NA,NA,NA,NA,NA,NA,NA,NA,NA,NA,NA
"53",3290233.3165486,3201426.2980407,3112619.2795328,3023812.2610249,2935005.242517,2846198.2240091,2757391.2055012,2668584.1869933,2579777.1684854,2490970.14997751,2402163.13146961,2313356.11296171,3255435.06809487,3224125.80704295,3193339.17401704,3163066.44507909,3133299.04191489,3104028.52940325,3075246.61322572,3046945.13751632,3019116.08255038,2991751.56247199,2964843.82305948,2938385.23952803,2731968.46995773,2703672.74760247,2675670.09155175,2647957.46644009,2620531.86834009,2593390.32443684,2566529.89270565,2539947.66159315,2513640.74970173,2487606.30547715,NA,NA,NA,NA,NA,NA,NA,NA,NA,NA,NA,NA,NA,NA,NA,NA,NA,NA,NA,NA,NA,NA,NA,NA,NA,NA
"54",10327.1961930268,10465.3741640722,10603.5521351177,10741.7301061631,10879.9080772086,11018.086048254,11156.2640192995,11294.441990345,11432.6199613904,11570.7979324359,11708.9759034813,11847.1538745268,10298.5099231298,10315.017895852,10331.5258685743,10348.0338412966,10364.5418140188,10381.0497867411,10397.5577594634,10414.0657321856,10430.5737049079,10447.0816776302,10463.5896503524,10480.0976230747,10168.7622076273,10168.7657264966,10168.7692434247,10168.7727584138,10168.776271466,10168.7797825835,10168.7832917684,10168.7867990227,10168.7903043487,NA,NA,NA,NA,NA,NA,NA,NA,NA,NA,NA,NA,NA,NA,NA,NA,NA,NA,NA,NA,NA,NA,NA,NA,NA,NA,NA
"55",1384658841.30902,1400393083.24507,1416127325.18112,1431861567.11717,1447595809.05323,1463330050.98928,1496543788.13805,1510247669.6163,1523951551.09456,1537655432.57282,1551359314.05107,1565063195.52933,1486274174.09531,1489832099.51656,1493390024.93781,1496947950.35906,1500505875.78031,1504063801.20156,1487672925.34213,1489770262.82576,1491849472.45521,1493910889.53593,1495954839.93241,1497981640.4234,1483060116.09538,1484964181.11606,1486857568.39713,1488740410.4007,1490612837.05747,1492474975.83178,1496866045.38564,1498892142.1326,1500918238.87956,NA,NA,NA,NA,NA,NA,NA,NA,NA,NA,NA,NA,NA,NA,NA,NA,NA,NA,NA,NA,NA,NA,NA,NA,NA,NA,NA
"56",1486526303.50986,1486928984.85325,1487331902.38421,1487735056.24129,1488138446.5631,1488542073.48833,1482639600.76275,1482687642.23543,1482735685.26479,1482783729.85087,1482831775.99373,1482879823.6934,1495105004.90959,1495180825.48315,NA,NA,NA,NA,NA,NA,NA,NA,NA,NA,NA,NA,NA,NA,NA,NA,NA,NA,NA,NA,NA,NA,NA,NA,NA,NA,NA,NA,NA,NA,NA,NA,NA,NA,NA,NA,NA,NA,NA,NA,NA,NA,NA,NA,NA,NA
"57",292.723072719575,292.033637145118,291.345825362756,290.659633548054,289.975057885586,289.292094568913,348.208939271937,358.495244702089,339.12215730178,336.363440275754,337.778571409424,328.522266876521,181.14591097313,180.187238927721,179.2339460166,178.286002057302,177.343377036717,176.406041110137,192.174688272277,189.603377620573,187.083331503419,184.613527853527,182.19296498069,179.820661165521,141.983392569792,140.163254543203,138.366449544342,136.592678458431,134.841646005155,NA,NA,NA,NA,NA,NA,NA,NA,NA,NA,NA,NA,NA,NA,NA,NA,NA,NA,NA,NA,NA,NA,NA,NA,NA,NA,NA,NA,NA,NA,NA
"58",19090.9363187947,17660.0774260447,16229.2185332947,14798.3596405447,13367.5007477947,11936.6418550447,12971.2155926662,12409.1842884751,11871.5053038206,11357.1234742262,10865.0293545596,10394.2572380534,10270.0634911753,9905.68596298917,9563.27217929337,9241.49822180333,8939.11997463913,8654.96831404079,7391.9504931587,6842.73529100171,6270.30981577813,5670.18976904922,5036.11215518741,NA,NA,NA,NA,NA,NA,NA,NA,NA,NA,NA,NA,NA,NA,NA,NA,NA,NA,NA,NA,NA,NA,NA,NA,NA,NA,NA,NA,NA,NA,NA,NA,NA,NA,NA,NA,NA
"59",1251.68360424271,1130.84724071895,1010.0108771952,889.174513671443,768.338150147689,647.501786623935,936.178450639855,895.380757559892,857.372480842609,821.962902752344,788.974345290059,758.241278641583,487.235694844776,458.022532235309,430.56090154084,404.745786262805,380.478466370819,357.666140785698,449.055273055521,NA,NA,NA,NA,NA,NA,NA,NA,NA,NA,NA,NA,NA,NA,NA,NA,NA,NA,NA,NA,NA,NA,NA,NA,NA,NA,NA,NA,NA,NA,NA,NA,NA,NA,NA,NA,NA,NA,NA,NA,NA
"60",26975.1282202548,26273.2697124185,25571.4112045822,24869.5526967458,24167.6941889095,23465.8356810732,22763.9771732369,22062.1186654005,21360.2601575642,20658.4016497279,19956.5431418915,19254.6846340552,45453.6872732486,45264.2282192568,45074.769165265,44885.3101112732,44695.8510572815,44506.3920032897,44316.9329492979,44127.4738953061,43938.0148413144,43748.5557873226,43559.0967333308,43369.637679339,36992.796910081,37053.309091845,37113.4437535991,37173.2061770441,37232.6015296776,37291.6348681216,37350.311141329,37408.6351936728,37466.6117679246,NA,NA,NA,NA,NA,NA,NA,NA,NA,NA,NA,NA,NA,NA,NA,NA,NA,NA,NA,NA,NA,NA,NA,NA,NA,NA,NA
"61",11761.0703629874,11715.9500673564,11671.2183231844,11626.8717844776,11582.9071340559,11539.3210833049,18175.9428954124,18196.2575571574,18216.5722189025,18236.8868806475,18257.2015423925,18277.5162041376,31251.5669536915,31595.2521214226,31946.8815175677,32306.6387717129,32674.7117580133,33051.2926933053,65561.0592471577,67098.8424048292,68714.7791256343,70412.8413476191,72197.2028715624,74072.2496200896,75476.6631415295,78819.9382708223,82377.0518893956,86161.68127409,90188.3785110585,94472.6264492537,95639.4687763521,99986.4409911816,104530.990290851,109282.096881014,114249.149132537,119441.962133291,68647.8413938637,69985.1066026797,NA,NA,NA,NA,NA,NA,NA,NA,NA,NA,NA,NA,NA,NA,NA,NA,NA,NA,NA,NA,NA,NA
"62",3435.26680566369,3435.26506600631,3435.26332634892,3435.26158669153,3435.25984703414,3435.25810737675,3435.25636771936,3435.25462806198,3435.25288840459,3435.2511487472,3435.24940908981,3435.24766943242,5559.44763026239,5605.10932805122,5651.14606141616,5697.56091065626,5744.35698137012,5791.53740466373,5839.10533735993,5887.06396220969,5935.416488105,5984.16615029362,6033.31621059554,6082.86995762123,4628.19916393685,4661.8176274139,4695.43609089094,4729.05455436799,4762.67301784504,4796.29148132209,4829.90994479914,4863.52840827619,4897.14687175323,4930.76533523028,4964.38379870733,4998.00226218438,2405.44481611414,2374.64814503868,NA,NA,NA,NA,NA,NA,NA,NA,NA,NA,NA,NA,NA,NA,NA,NA,NA,NA,NA,NA,NA,NA
"63",544.909430952921,538.443909424891,532.140815966768,525.996070029476,520.005693576276,514.165808507428,508.472634149556,502.922484808086,497.511767381169,492.236979033546,487.094704928859,482.081616018923,490.98822562844,486.409308723647,481.873094431516,477.3791845109,472.927184434614,468.516703354804,464.14735406863,459.818752984277,455.530520087275,451.282278907138,447.073656484316,442.904283337448,383.906213036604,381.477081821021,379.047950605439,376.618819389857,374.189688174275,371.760556958692,369.33142574311,366.902294527528,364.473163311946,362.044032096363,359.614900880781,357.185769665199,172.816701343835,169.847459418323,NA,NA,NA,NA,NA,NA,NA,NA,NA,NA,NA,NA,NA,NA,NA,NA,NA,NA,NA,NA,NA,NA
"64",646.753696641358,623.39724285326,600.884269259227,579.184314949215,558.268019059214,538.107081044877,518.674222389811,499.943149696703,481.888519111356,464.485902031486,447.711752053899,431.543373115302,563.282112492788,555.485795398492,547.878209618544,540.454786392005,533.211067557368,526.142702875199,519.24544741558,512.515159008807,505.947795757796,499.539413610706,493.286163992327,487.184291492804,340.397324846535,338.892368018093,337.378958029705,335.856960817046,334.326238788087,332.786650692619,NA,NA,NA,NA,NA,NA,NA,NA,NA,NA,NA,NA,NA,NA,NA,NA,NA,NA,NA,NA,NA,NA,NA,NA,NA,NA,NA,NA,NA,NA
"65",579.223816983614,600.906115267485,624.173820629727,649.142857847835,675.937628105282,704.691628785321,735.548118584031,768.660831256353,804.194741551152,842.326887151359,883.247250714282,927.159706406589,557.332644008736,566.047506057198,574.677677403875,583.226024107005,591.695249371898,600.087906373413,608.406409800552,616.653046276073,624.829983782823,632.939280210562,640.982891121973,648.962676823632,360.437206709108,358.390400783992,356.336404929151,354.275126567615,352.20647104724,350.130341574014,348.046639142564,345.955262463715,343.856107888936,341.74906933152,339.634038184321,337.510903233847,131.750001605792,122.596217625851,NA,NA,NA,NA,NA,NA,NA,NA,NA,NA,NA,NA,NA,NA,NA,NA,NA,NA,NA,NA,NA,NA
"66",10585.456693627,10833.9501846786,11093.9859561131,11366.100135601,11650.85375342,11948.8338991575,13533.2218508037,14026.8476689498,14538.4785453907,15068.7712166913,15618.4063739583,16188.0895365841,14024.4401223891,14501.8865961211,14995.587204299,15506.0953008612,16033.9830780658,16579.8422078202,17168.167173263,17743.1251012993,18337.3382367014,18951.4514318882,19586.1311352364,20242.0661143237,15364.7531851877,15566.2636383181,15766.4780537386,15965.429143776,16163.1482026189,16359.6651925465,13289.6472414696,13398.181763047,13506.2783108906,13613.9438690009,13721.1852287881,13828.0089965706,9992.61090627697,9988.67334063918,NA,NA,NA,NA,NA,NA,NA,NA,NA,NA,NA,NA,NA,NA,NA,NA,NA,NA,NA,NA,NA,NA
"67",69565.5626142952,71632.0890901357,73804.3651549485,76087.802293028,78488.088908537,81011.2044962239,83663.4345372929,86451.3861575344,89382.0045867244,92462.5904602925,95700.8180063639,99104.7541634787,54994.4336388101,55077.9009943265,55161.3683498429,55244.8357053593,55328.3030608757,55411.7704163921,55495.2377719085,55578.7051274249,55662.1724829413,55745.6398384577,55829.1071939741,55912.5745494905,45536.3464639007,45536.7560557104,45537.1635556143,45537.5689848903,45537.9723644933,45538.3737150613,45538.7730569223,45539.1704101003,45539.565794321,45539.9592290183,45540.3507333395,45540.7403261511,37195.0017315448,NA,NA,NA,NA,NA,NA,NA,NA,NA,NA,NA,NA,NA,NA,NA,NA,NA,NA,NA,NA,NA,NA,NA
"68",85050.8954938632,83003.6822338062,80956.4689737493,78909.2557136923,76862.0424536353,74814.8291935784,67010.8191787943,64905.1761380186,62865.6975266515,60890.3042972788,58976.9827312166,57123.7823857232,43127.8767127354,41518.8971598819,39969.9441003043,38478.7781146833,37043.2433301242,35661.2643032748,38845.2794529855,NA,NA,NA,NA,NA,NA,NA,NA,NA,NA,NA,NA,NA,NA,NA,NA,NA,NA,NA,NA,NA,NA,NA,NA,NA,NA,NA,NA,NA,NA,NA,NA,NA,NA,NA,NA,NA,NA,NA,NA,NA
"69",46087.634429256,44898.7408002425,43693.7612413083,42471.7919529756,41231.8363940846,39972.7910610078,31392.0924632148,29969.4287562143,28486.2217315534,26933.4800789592,25299.7055668739,23569.7823502128,23756.2658878546,23008.7478368751,22299.0540380121,21625.2705922684,20985.5804435232,20378.2584783033,19763.7473894933,NA,NA,NA,NA,NA,NA,NA,NA,NA,NA,NA,NA,NA,NA,NA,NA,NA,NA,NA,NA,NA,NA,NA,NA,NA,NA,NA,NA,NA,NA,NA,NA,NA,NA,NA,NA,NA,NA,NA,NA,NA
"70",64456.9243671538,64441.0070077588,64424.7151500556,64408.0306447331,64390.9339877015,64373.4041816697,71546.8086874308,71531.6492845745,71516.3681643565,71500.9633297237,71485.4327338444,71469.7742784366,60323.9303203266,60608.0926862034,60894.4861154199,61183.1281248759,61474.0363690025,61767.2286408424,45899.6812642059,46088.606491816,46276.7505952163,46464.1231438312,46650.7335134382,46836.5908916081,34494.311661787,34543.5644267118,34592.893741017,34642.2997236766,34691.7824938499,34741.3421708811,24864.8645263343,24272.9511885879,23681.0378508415,23089.124513095,22497.2111753486,21905.2978376022,18448.6743647238,16889.4664067261,NA,NA,NA,NA,NA,NA,NA,NA,NA,NA,NA,NA,NA,NA,NA,NA,NA,NA,NA,NA,NA,NA
"71",123531467.530297,123319406.294152,123107902.398045,122896954.377174,122686560.770584,122476720.121163,123653730.577727,123528545.37489,123403486.907697,123278555.04784,123153749.667146,123029070.637568,115057733.552559,114571233.93154,114084734.31052,113598234.6895,113111735.068481,112625235.447461,99893727.7569736,99182163.2481944,98468034.0123046,97751302.6899013,NA,NA,NA,NA,NA,NA,NA,NA,NA,NA,NA,NA,NA,NA,NA,NA,NA,NA,NA,NA,NA,NA,NA,NA,NA,NA,NA,NA,NA,NA,NA,NA,NA,NA,NA,NA,NA,NA
"72",14667485.8147702,14246531.4820966,13825577.1494229,13404622.8167493,12983668.4840756,12562714.151402,13822871.2946947,13604036.5903301,13390762.5633419,13182907.9146936,12980334.9358138,12782909.4173607,8586550.9780921,8362885.64864037,8147707.31135091,7940693.92687976,7741535.67568205,7549934.4943311,6855014.75964747,6664835.2873058,6482900.22028666,6308852.15819197,NA,NA,NA,NA,NA,NA,NA,NA,NA,NA,NA,NA,NA,NA,NA,NA,NA,NA,NA,NA,NA,NA,NA,NA,NA,NA,NA,NA,NA,NA,NA,NA,NA,NA,NA,NA,NA,NA
"73",33465974.8357482,33769922.1090943,34073869.3824404,34377816.6557866,34681763.9291327,34985711.2024788,26401499.3887335,26404020.2786364,26406541.1685393,26409062.0584423,26411582.9483452,26414103.8382482,20383336.7266711,20038294.4926427,19690155.6418313,19338807.8159782,18984131.3401371,18625998.5231147,17769052.9943365,17124675.5078032,16467921.6479321,15797782.5526882,NA,NA,NA,NA,NA,NA,NA,NA,NA,NA,NA,NA,NA,NA,NA,NA,NA,NA,NA,NA,NA,NA,NA,NA,NA,NA,NA,NA,NA,NA,NA,NA,NA,NA,NA,NA,NA,NA