12,12,"2",1081.44413231412,1094.04612854865,1103.35477788541,1100.11780489122,1107.29566319659,1126.77272375964,1110.42692292626,1117.39253916179,1117.9462886286,1126.87422860726,1127.06707185847,1133.91331532649,1141.99956731374,1144.28495269957,1159.23408845188,1167.97173252244,1179.07321218558,1184.53705242331,1192.64727753302,1188.04804146142,1188.93500947762,1193.68465454977,1210.1341316647,1214.02208758398,1231.96270844642,1250.44081993738,1264.91447134911,1277.54025253204,1292.35256092055,1308.20983721312,1311.73954629284,1312.56368796915,1308.89330040585,1302.98801975842,1311.64727068218,1334.38094467789,1348.94075368398,1365.84116114555,1347.63635372505,1341.92444466557,1314.27609177901,1365.44103481162,1429.42279177709,1382.59161186254,1383.88629287266,1384.95210714101,1397.89309998814,1401.45228680631,1399.10926963705,1412.67338736902,1413.17227983511,1423.52288722955,1419.45274683215,1428.53049880063,1428.975888363,1432.9660274611,1444.45231496341,1457.66207672008,1476.61576558113,1478.51556492927,1478.58241493404,1463.0175662345,1457.79890116693,1468.70140356371,1479.06541652813,1487.64787953308,1500.17010632363,1514.23307122744,1522.9993591962,1532.34048203569,1602.0918877578,1564.38477418323,1590.6951273347,1578.63881316853,1589.67435725119,1596.58387558483,1616.27210562758,1608.89791150316,1610.57097306362,1623.67606398852,1630.3160687614,1626.96526640186,1639.94481588663,1650.05958214028,1664.14502179038,1667.43602535862,1674.20098823796,1674.559189043,1696.03164818745,1705.22271834037
12,12,"3",561.950940283007,563.249671213259,564.919560482155,561.381595031086,567.706936162179,567.64614861393,569.279244955662,567.963119689799,568.193532589562,576.019832138957,573.45032765854,576.191567016634,579.438877532068,593.698624788542,593.612759392732,598.035032359065,602.118029735969,605.737866143846,605.340431594755,608.593366223921,608.847611943531,607.635646798076,609.938967128915,607.692278393152,606.496998774336,611.401371427988,615.544990021503,619.633976890561,622.376658238189,628.227242998545,624.630682217772,628.510742931683,629.80031558648,628.814504901265,635.049884986299,642.411936875982,649.206962372674,646.527794018435,642.19247240455,650.228255057792,647.353530280595,649.439302763254,652.615096503663,660.02562859092,660.971325046161,657.688471691932,657.677715877327,662.809280858009,666.04306421072,669.369341881062,666.935533597874,666.489088226883,667.949447970878,671.993818814932,672.483287085617,675.994345999555,678.535062004023,683.931369400482,686.725764696403,692.359739719382,691.478915530668,690.835826434424,694.400424359873,693.890592785767,696.384884103194,699.161313322561,703.620450399525,703.343412531073,703.924560561552,706.93980381493,710.852183548466,708.025894888084,711.195929815966,716.162741157001,714.277014566233,718.790070900123,720.90960677677,724.548013659019,729.770011581555,739.765357149032,731.073466777696,729.778800226359,733.128272366746,733.415398197396,735.430566380974,738.189117376983,740.045180669247,743.791792741236,747.614269775611,751.952309534306
12,12,"4",1179.64612120612,1172.30119941442,1163.97802289947,1164.85604290598,1159.98078443112,1150.83760137362,1135.92829776991,1153.28036960075,1148.02679411923,1153.69557132966,1154.4920154096,1142.36208178372,1149.92654720947,1137.3376006678,1128.47748735007,1133.10773576149,1130.84449839596,1120.62462595764,1129.49667196174,1118.21322407269,1122.58815770059,1118.53219491871,1105.07208504698,1061.22353429285,1061.23887488207,1058.31480471855,1063.03312799486,1049.5321259116,1032.52271558948,1040.70258858247,1043.27852497549,1045.0756516476,1047.35528192937,1041.06429380124,1030.25585429056,1020.16794208659,1011.25138559557,1004.88559728399,999.108159799319,986.183991028783,968.510379962312,948.059788670148,960.50265842525,966.78208362504,961.717557273681,953.469757537935,951.503998758531,952.68898317495,950.751876875134,935.480632860302,943.288340803465,934.379292683253,924.468207542291,913.555527978372,886.842697190459,895.812806008912,893.324127833616,887.481406908193,888.114848430288,876.894606421631,877.931089299935,860.24437806076,842.12036843482,853.594172969125,850.194374552681,845.707811845322,858.751488643027,849.92484875625,841.249288814082,834.243661505427,821.807959057864,819.366700726342,817.405984164502,812.457008267466,803.561985033966,799.222369087543,795.713307200799,785.337062066142,778.003690901774,776.72418381025,779.007638238613,778.94308695397,769.731910050023,767.575053515906,764.614274536359,760.669352247214,762.517911752203,764.080297725151,760.770946549871,745.268456550042
12,12,"5",592.584191789747,596.714394623069,590.496903394323,595.661560895303,593.162718246199,593.148368613822,594.136184232081,596.751100221734,596.838491440802,597.309465242099,595.207707927825,599.974840199512,595.489295258068,590.190890186566,595.741932687611,591.992634089902,592.888200812828,595.750224021691,593.726590135404,595.5669122645,597.271220715919,600.508795531016,601.53581128202,604.868679013988,605.403649931313,610.482173919849,611.315640358558,610.287063135611,607.190610261032,612.412738331835,614.660226971316,619.271570859276,620.887651671,620.376731695243,620.941747476214,627.696208962443,630.610743033979,634.191329393424,640.593533015345,637.52802059383,637.738100038877,643.841710953209,648.486546097676,654.003625926816,654.739724800198,657.303257877475,659.369731591235,666.354244530581,670.945061316564,688.322219611504,690.053503269384,691.002974030804,702.358779346794,711.27364583508,723.248029735452,725.657951734553,734.395606096749,748.447800767441,746.244076049904,745.957355583211,750.800656704477,765.120100367022,777.328901077403,783.480919626592,781.09303812356,784.550552292291,783.309402687192,792.430959621998,811.557906339709,871.109081571309,856.414665304269,862.231433896028,876.9758345092,869.054680452771,864.347420034966,882.832305113695,925.566172275422,910.842324973484,946.780708854255,947.646478277706,969.8306377977,1004.75594803868,1005.55607894303,1010.92395240143,1006.29471773812,995.910298883722,1030.50380068714,1084.62044765655,1119.73311015093,1117.80786808251
12,12,"6",511.011337561388,510.645431620985,513.837146616479,515.664771740353,514.464285119831,518.048731353178,513.953060397784,516.121675584105,514.153569726576,518.869071973478,516.171579553253,513.862232867539,516.841688009986,515.925487602217,514.556427620882,516.537210783516,512.716624792497,512.98162185714,512.783380941435,511.264584804763,512.531914629138,510.503711403202,509.657893191088,510.125181824612,509.805346865105,508.097435863392,509.548920248064,508.850768408118,509.409452112937,509.999391094698,509.377173451152,509.375522678968,509.142628028917,510.172507284278,509.955809038665,511.164021070341,511.86595437784,513.744909222423,512.835072729836,510.758628887823,510.377401389371,511.817309793281,511.826062913049,510.234307057067,508.451664092649,508.187023734344,507.492186691012,508.148034200158,507.92840193613,506.997652629159,507.539039988757,507.949515416831,509.660548409607,511.101446889779,511.20996284268,511.897614698316,522.156887252671,511.872355062717,513.015859757831,513.103947386739,513.772962683686,512.695723821921,513.589132994211,514.334176143946,512.680245282499,512.908099795784,514.171304674421,516.352672116438,517.574187174647,518.454031991768,518.935653768013,525.043426488753,528.393666722362,521.373939386506,522.065179255598,522.82695811307,523.716356412451,524.779299660648,524.665537563385,528.753655148069,547.456243399729,568.710322600464,568.128303351262,590.486063791466,586.182927253833,615.806855140824,633.518363860019,637.161308667571,677.762462535972,708.489209981974
12,12,"7",1319.36459676144,1316.05599394559,1319.51799690572,1318.11627748513,1315.65763144428,1314.86927222267,1311.76178069133,1309.66094864379,1308.60092716612,1314.32187991917,1308.8412402716,1306.51970905134,1305.06854850352,1303.40750983381,1301.69000566041,1297.53623692069,1296.94112764286,1291.46872228512,1292.27553944772,1287.45823414934,1290.62611073775,1285.18889073691,1280.913298094,1276.48663965733,1273.0431082128,1272.29180647862,1271.1905119084,1266.01707911063,1265.5716715381,1264.28160980424,1262.90704714599,1264.09624507403,1267.50589673949,1273.94090433789,1268.68990135314,1271.72156234218,1267.43170537727,1261.03023279606,1255.09872682343,1251.53624439877,1252.70555174468,1248.66622969485,1245.93139408133,1237.35651736181,1229.50841051068,1225.09707647568,1192.57703543045,1195.83360739331,1195.71717874405,1183.23243847809,1162.5318100403,1170.55586933575,1149.99773078363,1164.66825906143,1154.83724807801,1146.25380557288,1145.90993790986,1128.34313223374,1123.34551055309,1122.10084605973,1114.71671562154,1118.75902437016,1113.85104216238,1117.63286784414,1113.47543671761,1106.92570536381,1100.10616794103,1086.47254416612,1075.22859401414,1078.97713276802,1061.68698823159,1043.31519702445,1017.21117243011,1017.2856843893,989.636121620924,972.07486666857,959.862693940884,925.608525726192,910.121255585351,886.566403536336,870.911789215274,838.546691376243,813.927801585815,793.475517762986,811.845812192316,775.518816168348,755.330312027479,723.214960347355,703.161377322049,691.125783433013
12,12,"8",293.445709403531,295.378511773196,296.335272563646,297.658095347588,297.207672796752,301.562104770834,302.405782920333,304.858875886576,308.210396894492,315.926514559311,321.307023540445,327.33805487024,326.741043984649,334.276488734816,337.62875165774,346.873003960295,349.997281974617,354.323396836829,362.600550458435,368.298239678121,368.48040291089,376.564438766931,383.338799953856,388.531895133229,383.86364835046,388.771708049216,394.859232317886,404.101324259538,412.612403975214,427.00351358997,420.50844429889,422.9679665701,429.699749806531,433.711670913395,440.710701303771,445.427203190391,445.506705493708,450.668319945596,457.305397256675,460.663687998075,455.977876506018,458.77188829544,460.792120639603,461.04952757516,464.634668921698,470.296353354033,469.234879407346,481.128795205667,483.572943839643,486.181354845562,487.454525794019,491.070718528956,495.246535262676,490.040397393516,489.802679258439,494.453020610384,495.935830749366,496.454525284491,501.492983946628,512.940913722751,514.688752030369,514.918377085411,522.226780966811,527.542801230074,519.213384786419,518.538978665225,524.097653333722,528.941758649054,527.847214777898,525.25794425431,530.324996967205,530.14310736188,529.910075919394,531.048148611415,529.489790287517,529.027222704881,527.829224624549,528.940700988642,533.105601957872,532.321468141245,535.343194884472,535.482589371719,534.488337072488,533.094507047295,534.145286668817,535.698922314791,536.575151673535,535.369438323247,536.153002528568,534.697108271995
12,12,"9",337.687339781632,336.586395026911,336.593137687204,336.878040009896,337.557135604056,337.719710893072,336.848948103967,337.509585313368,338.585489226743,339.934455447347,340.315137136616,339.669725439405,344.088479214976,349.299958213285,361.671869160956,367.481065518385,373.381800332396,383.892243371332,389.96563574933,405.520030763089,423.482504105431,441.613805549096,426.882944162806,433.928450744385,443.531964757738,449.081066478603,456.176402360201,467.491426418506,470.302424704191,472.64229333229,472.42317688858,482.760754033839,488.186235376214,487.911089023411,492.102331219519,484.4312931001,492.441087362627,487.849768294497,492.933746280189,489.531983511136,493.017620449784,487.208249736737,495.545252877404,487.187413713284,486.0213355384,496.095018065046,495.770566580106,501.164969358682,494.368840854965,496.711268790276,494.627983167545,493.290962693321,493.12986021923,490.850371247523,490.080698279342,486.727338951248,491.691345964029,491.810479835268,492.732132911965,492.77518726763,491.624463030862,490.817278625823,490.377194590995,487.870886848313,488.289231015309,489.272919424676,491.005174072545,489.693800346194,489.099807962706,489.218600616409,488.913884488504,488.251465031295,488.757739260883,488.733842743506,490.399399917483,489.947597506857,489.532435012363,488.910081878228,488.995458956094,490.001837990715,491.480289443122,491.295508902137,491.529110879811,490.342858082077,489.687883753859,489.386734437141,489.579238412782,489.215005516249,489.476738571946,490.993178452326
12,12,"10",837.812429171888,840.079910652898,854.96224982273,853.333661701162,850.494335799157,844.61656437086,834.206515137182,827.271691844732,820.061460085647,826.742548428209,823.742323158757,812.227374818177,805.138466876998,794.262982182961,789.865507993207,782.169733473658,765.51778009249,742.45644979389,746.487362988448,739.936231152562,727.740623434205,729.406755801884,729.213309668876,725.530179766212,720.894050874174,711.240611236423,688.667347511938,684.490734193104,682.041500730824,674.002655777212,673.452547307345,661.434978309978,653.25584259701,647.849149384141,631.186435246859,633.326075224182,625.687037932965,609.930362825839,609.689516475543,589.101811340642,583.569615435474,580.498112439607,571.656220582597,575.483575548007,570.566951520586,557.037218748517,557.010463724177,548.627857643552,548.989521837412,542.526681173007,542.748669495216,541.968515317352,533.452592131535,521.862779752596,527.387816531905,522.498992471576,513.664272488996,515.242866126384,507.764651812462,505.329490176553,501.65029491122,485.515099250871,476.926192277708,480.193739153824,487.895166050157,484.476347187127,479.207266624154,475.549239688733,481.157002794557,479.808683833429,475.249970988358,477.246707142948,487.101424271635,487.875752695524,487.001476770839,480.651038480862,479.823500562186,481.670424335312,475.142923225295,476.095593552718,476.153910327185,476.721151294236,476.034801707587,472.465109627244,470.221395229172,465.55599562824,467.124899303064,466.816344458115,465.906145960052,463.614257500163
12,12,"11",17.3398819274611,17.3832218212741,17.5809311245038,17.6593869613283,18.3144117254419,18.8686005054938,18.3786567348141,18.37609567723,18.2040313228449,18.5423691229736,18.6495183427073,18.4926500437986,18.3057160352561,18.4708894162553,18.6613854044982,18.8104888578071,18.9738027849184,19.1283000594996,19.1123803266957,19.0302334322748,19.0246660274306,19.1191975588755,19.171583728115,19.9193509037676,19.9450936923437,20.3214086432925,20.3798137825092,20.6975676259091,20.4153478735345,20.573855395822,20.1150337621411,20.6747965673921,20.6660689215213,20.6278483378713,20.9068593830601,21.1024959844814,20.9879258079916,20.9383702095964,20.9808602022995,21.2272943265308,21.3126676975745,21.300332824785,21.4201107248963,21.2089558127845,20.7702942926708,21.1536229806932,20.9147469520665,20.4053823527023,20.4782421396071,20.0513537234611,19.4198301298521,19.6464975882907,19.4512751443365,19.860418421262,19.1856727199423,18.702876352817,18.0873646520206,17.9633574750862,17.3004405420588,17.1456559326275,16.6938494813316,16.7693951846121,16.4783537580288,16.6978606291583,16.173322840388,15.9968977003792,16.0226421247282,15.8136603388031,15.5093310437564,15.5075918438252,15.2930549334015,14.8114200887074,14.8389844580029,14.4285661799972,14.1127914899966,13.670248802621,13.7792385204729,13.5258397489076,12.915325345666,13.2401324838434,12.8486646658604,12.7386177084386,12.4896436061052,12.4998842451673,12.0665019275498,11.8393763469677,11.7989822227594,11.8275897026882,11.3131637775198,11.2110037058383
12,12,"12",501.086485959851,498.726895290559,496.199274071157,488.931928342146,490.385232706651,492.155069213871,488.211337299335,479.385259856269,475.722692703907,475.144534189365,464.635446405275,466.159274922917,463.686878916643,461.280825486244,456.772015505844,449.464708684118,440.767393226052,432.001922482961,430.809315602645,429.057237730462,427.575886716258,423.525442870098,427.724599001229,434.272970665268,428.693050801093,432.216267133708,440.828898150164,438.99861003472,440.791009517472,434.609553126284,442.909701161938,444.389626920639,437.025321578868,431.212192228244,446.247810777504,448.817192031803,448.791865974338,449.363032212926,445.733135987872,445.933899935274,453.249046560699,453.380021274364,447.048004332633,450.054433689184,452.060557344165,452.24528206593,454.17230831312,454.793645523457,457.03409051876,458.76929942761,459.169930297254,458.674767730165,459.808611833182,462.66736764411,461.738136571855,462.997862951251,463.382043713238,465.561442983356,467.546286852147,470.523099972008,471.340520163387,472.968610539368,473.85222581855,473.434772341815,474.936063996664,477.754933325392,479.380183985989,479.725854466261,481.66248191337,483.244075546262,487.343602154614,489.57408625201,493.432084876311,492.36180938723,494.330502631686,497.732225874354,499.066585820548,499.992075516658,503.033554338067,503.69054766513,504.982662982838,505.909377599351,507.928274764298,512.516778041625,513.827178176303,517.212718747252,521.736840382294,522.764469703162,522.871869114397,525.937795380623
12,12,"13",260.39844488322,260.54449161977,259.880648447394,258.995073412747,259.334675061208,261.112529799907,259.872617131897,259.961872922395,260.60674030404,260.107869322503,260.112252619302,261.01559410668,261.459432011466,271.788128072481,283.881984956676,273.422362000537,278.459081279642,279.087300254025,282.57468877661,292.033939978017,291.802988211205,294.996824861047,295.826798002814,303.097195010556,312.085317391755,312.79033990599,316.25174810882,317.694071559704,323.545746855855,324.09386098207,322.550080779744,326.936394937159,331.146336234394,333.336945184796,336.670097510258,338.200387176475,341.621928343388,345.054383279675,348.223310025321,342.07987269704,341.898173675762,337.625842402976,347.078186178099,352.968095908175,361.667887301937,364.424838249672,382.635084092742,379.083494190217,380.529685401292,378.914061321049,381.292843581997,382.630685238543,384.986575127505,385.3181315168,383.527545282583,386.574333078458,387.595660963129,394.989629090912,410.108710088203,418.624464262575,414.964507355831,415.128440648523,415.900084586066,409.825153641051,421.687290583159,431.460116322531,439.551503670577,433.168855596994,430.905772394994,434.579739934365,434.655220856749,440.825738852028,440.020704182248,447.489679790017,445.001240344878,449.136542876293,447.77748678091,446.777764304686,457.168381218985,461.399318685488,460.014048591073,461.502436093742,466.780030492406,473.451279822721,475.636710270148,482.822052278674,484.757874983533,486.428310569241,487.378053439997,488.858594994116
12,12,"14",702.29517231293,701.900928985992,685.160013351572,689.970099705735,699.532747633511,706.312499348107,706.639454708058,719.06913398711,721.642214565987,709.749502709082,723.5658574299,741.224088373873,752.693107016963,750.81313275584,742.73597446227,740.285501209486,756.888429951357,754.761297360023,759.896305402862,770.88328573184,772.520777670235,766.723115095093,778.165572584047,794.284255598183,811.713330555604,796.792225592928,786.286396709453,790.922513217775,808.693047914209,804.179501621964,803.022764769943,820.630360722258,826.191190735893,824.400282662068,839.916696184171,860.06562843381,867.782306399369,867.442420920535,857.920115077876,846.189344172186,863.392031323484,866.642646696122,864.744244300256,875.822895246112,887.794895730486,859.920839041601,896.304180652942,899.623160013034,904.503288621117,904.783057577095,901.324489361712,896.35515585335,907.135524402614,899.456786966909,902.899998343766,917.172877277618,917.234561351507,906.378332677967,927.959610797476,946.935085608911,945.598931681194,945.914342128845,948.731149142796,945.102041246271,955.794485833139,956.721484776752,961.250410820248,966.095438789114,958.47239169147,957.276076687018,961.229609745779,954.2981042596,971.091690393598,962.315476519272,955.392095058939,950.877870941518,977.304188693137,968.397350368714,984.073908603639,999.506184168317,1000.9828885492,970.431857530308,1003.22793117799,1019.74310201036,1029.02806352301,1030.20508124096,1020.4769050342,1016.16811810196,1024.60513627402,1030.63281364025
12,12,"15",1305.82792442675,1172.89015433688,1145.42616566158,1141.84664325071,1290.98981554885,1163.67632750509,1178.02078385631,1166.54935933204,1157.26201798769,1060.38430031453,1153.99251215685,1232.37152767557,1372.79179019353,1198.51991416436,1188.96334306704,1184.15668142647,1198.55130294707,1202.94697127609,1216.48589963874,1206.43764488067,1205.42309411317,1197.64062541714,1198.72124917934,1257.06056586041,1393.76350044564,1216.3474660682,1229.26741680056,1225.16309500301,1238.1036583189,1243.00119671254,1254.78229133385,1251.70987695869,1243.65348907034,1234.71244017303,1248.10638101416,1256.5800230114,1452.06746108372,1286.90140122016,1274.91734526671,1275.24119530381,1291.48682807455,1299.76414747767,1311.47636854709,1305.5725924813,1293.77427126624,1175.63857511424,1232.44737308567,1350.14452931722,1546.50701176119,1321.09227402949,1327.86210798906,1320.88851962236,1339.50531108757,1347.96586425258,1353.23287289106,1349.99260511258,1343.36860880705,1334.06356584308,1335.80638797001,1339.58176018928,1366.51331100334,1370.87087135221,1369.45127540332,1368.62391206562,1381.36045909042,1392.81118739289,1403.78746359901,1400.33932197608,1391.65962525964,1381.17983938723,1385.795102316,1399.16798487646,1410.66504865903,1422.48563664957,1425.21862326376,1421.70881177397,1431.12486521639,1437.0968771673,1451.80447964459,1446.63488733961,1441.96983954286,1348.44934272029,1402.4480423592,1484.24796433749,1629.74454840929,1472.44389572685,1477.64504532317,1470.02167668381,1486.25245375407,1492.62094191409
12,12,"16",2023.51320843878,2006.65056344254,1995.93690919692,1950.28785214798,1937.48301119627,1929.28249819246,1941.73311569377,1896.29462519652,1869.67371669714,1882.27326915135,1877.94108093226,1899.18322861473,1926.25657980296,1998.25689291385,1868.3762730075,1857.80652395576,1826.61066313251,1796.10441559118,1806.05446758611,1778.8088295756,1759.82675764821,1771.9762562078,1776.99110352338,1800.04121086832,1817.99722633739,1898.70099244502,1769.38543552735,1767.33063412366,1734.7544801355,1704.53051979818,1734.56560876888,1711.72690336059,1702.13477913109,1704.08840602855,1689.77082955992,1719.34765472681,1731.71473758436,1742.11144376971,1694.40694386182,1677.19121948157,1631.01725031535,1625.86828709162,1652.30609995884,1617.83801131645,1601.61835898375,1608.57214750006,1590.1823831136,1595.51260016794,1627.06903315022,1620.37785087927,1589.14457566409,1558.53868262121,1533.38217157436,1511.30557829061,1546.13179454413,1518.30600071917,1481.05257051099,1485.52090767754,1485.08399964558,1524.0214447154,1537.91775186425,1535.88427090273,1486.46943329225,1471.63690365314,1447.86890561452,1408.00441378116,1467.83214227051,1401.18886180889,1375.96455165118,1376.08815033451,1402.09713060962,1409.38128956501,1430.25094770984,1425.58173031683,1381.37639206625,1387.59630380738,1352.06158992832,1318.47051294434,1330.7155530624,1306.99499953038,1278.77475804255,1278.13809381788,1303.83250553629,1315.01256548869,1356.63707316435,1342.17234133027,1301.19715937274,1289.96028097953,1263.02386627762,1231.09967933473
12,12,"17",1261.34203422305,1283.42867188179,1292.5172767288,1260.26109156844,1248.51070619225,1251.29449597274,1261.94292401189,1303.65247367073,1279.14186228417,1249.5721961351,1230.74542905686,1227.66397388153,1259.12245150918,1268.99397227951,1288.08926303736,1267.00650572009,1274.41275273953,1283.17563545785,1298.83647880681,1336.68690875651,1331.91241829203,1279.85084110101,1268.74830052348,1281.20330281702,1287.63488958204,1324.52423276024,1355.40745442257,1333.44303888511,1291.65458609716,1331.46543874234,1345.38984999545,1379.90348080779,1374.57363161322,1299.47344845239,1297.80665436507,1298.42419780336,1335.63287208359,1363.72708998926,1413.17146122053,1385.49729098067,1350.44231194956,1340.22172062927,1350.89637257947,1403.98812303718,1399.54324435947,1347.78681695551,1340.11496088628,1345.20223945508,1379.33571352738,1430.21682950459,1452.74697152009,1397.73111367712,1421.88954909804,1434.47793432786,1438.60408338226,1508.61398624655,1494.6426989759,1462.66325682362,1454.9774983467,1464.64722309056,1485.0675878547,1525.08419336988,1542.12552563654,1534.78036646507,1555.70453814304,1574.45495488428,1592.15805867798,1631.32840423445,1631.76416015666,1617.61267136277,1611.85776461631,1632.40182277494,1660.87725974432,1694.40555452006,1719.01310964447,1701.28875223894,1708.44252515284,1726.59394193963,1778.17801323219,1820.85568832869,1835.16336375357,1805.93601075528,1809.53388856256,1831.64981455257,1880.56824827581,1920.03601252432,1954.95606734183,1947.817451706,1959.11604298461,1972.5413498004
12,12,"18",812.012097180043,823.359296102792,827.563237497839,833.576700735596,842.435276645571,833.546298656206,824.259302854017,839.457404652877,831.887765188842,823.628620140198,830.6413763105,822.679845235868,812.485160212586,831.496812458007,830.26289910232,831.349736087016,840.58858123357,832.573761019174,825.041939235477,842.90412488159,837.036225384292,820.884647569866,825.311926025878,823.622183707092,811.841906846823,829.036803726679,828.408790926727,836.160179891035,847.158827471899,835.343805981026,829.993247131429,836.064563302494,834.494179026963,819.866047612021,828.69797501783,821.862908731678,807.721989948148,825.217168880633,832.424654448332,836.263893780411,841.524068144701,834.523091762288,822.341814193175,838.502342111529,830.619602526834,816.407839209212,824.408861869927,817.503481682269,810.620544703691,825.359753090078,838.01993066267,837.443353288545,848.429025977624,838.154275062827,822.86894688881,842.181894393809,827.969344994724,821.153202944964,829.030133280029,822.197265908797,814.854362853741,834.251788111499,842.131105861175,838.528776301562,849.945905782458,838.017746057562,833.318548199359,845.758909858119,831.088511425718,825.550720924272,835.589238513339,825.408754351127,812.744374189521,833.335011459724,840.704071932283,841.483527356352,854.340098005368,846.867172757658,841.928632862942,859.572415686995,841.552691209651,835.926665766941,861.729915587237,862.626468452666,867.851134503669,876.685858521578,882.617998568391,909.067237772234,1038.21577614043,1052.03352557171
12,12,"19",1212.60822542562,1187.40030438793,1158.37869263467,1180.29233491587,1170.21234471315,1177.85681779851,1193.25253492183,1167.00870559627,1166.90938322165,1165.09857425954,1180.59593894598,1195.14205013496,1197.11407175542,1173.52612233028,1162.24025923313,1168.99313869454,1159.93510053287,1169.44815179902,1183.66313220484,1161.18725521878,1161.83972466837,1163.49856611313,1179.24759185518,1189.27690335692,1193.96051831344,1173.60729685929,1158.17631985264,1170.42290861766,1168.16200534179,1178.73349684397,1183.37007823442,1158.19187910154,1152.23305346604,1148.91891561622,1159.9714262818,1172.78371490775,1172.42540730284,1149.75659901403,1126.66564254988,1136.57982622402,1132.751410896,1137.71775245569,1141.00113178968,1118.74958502322,1120.48112843611,1112.43552378886,1120.64874480925,1134.57806507288,1131.09882987148,1104.07745874136,1082.91762633291,1093.34468715433,1085.30467715294,1093.98514343363,1095.16217398182,1065.25891849874,1062.36062616829,1056.67300572823,1075.38111314232,1081.47633912504,1074.98533112999,1050.62631143578,1030.48459649556,1039.42253501152,1033.47782965593,1021.46126646724,1031.73343169996,1000.58295760006,988.788063961792,974.323152860073,981.819659295645,986.5143248699,978.407120155721,951.482055684642,936.165290400193,933.956632575207,920.265407358631,921.573890303862,920.306826089506,906.401620828529,898.144223078288,884.4099908249,893.646786365534,875.598675463191,857.607308876867,832.652464628918,800.03011257582,795.585269485411,782.129693068092,760.950159317642
12,12,"20",935.480502609692,913.503095902092,926.496308464627,942.749487807847,968.662399156088,985.640002551515,997.502839858807,952.340449022974,958.204915446557,983.915965968148,981.110919224905,993.651993511564,1007.56742290071,991.60027904591,1003.36793575693,1039.42559388753,1048.83092348181,1069.26932590973,1087.69752413747,1054.24973986445,1065.1930382304,1090.20469411061,1086.6846296248,1110.94365868637,1127.78328219955,1114.01799463638,1132.47162007987,1178.935681625,1186.74058176429,1205.35811131473,1225.94364743751,1195.48550949488,1206.05107106783,1228.96463523885,1226.22992864873,1243.60566651982,1251.90994629715,1225.40373688619,1238.49235145175,1276.55013182049,1280.76572375995,1297.6198936761,1326.30031242256,1304.93371867056,1309.19675206468,1336.25315058154,1330.59011778719,1348.9382733334,1375.22005120861,1346.28441441369,1361.85359139573,1395.11657979561,1395.24569228054,1413.92721570149,1417.32387881009,1394.97026303469,1403.3366511239,1423.29456813646,1411.20210148473,1432.57211677818,1440.66553770734,1412.84382205911,1419.3105085865,1452.86331864944,1460.24004595872,1466.88661494981,1484.82605910155,1450.10725748613,1452.68322821718,1473.60338822676,1440.37527970945,1464.33997291313,1474.87450376729,1442.67471694966,1443.03707357962,1473.95560191775,1477.56976580854,1491.54263605419,1506.74063464114,1472.99145975737,1473.96852114842,1491.18434323219,1480.57036553676,1493.227826392,1495.60370931679,1467.99756458459,1470.91782392934,1502.65699321974,1506.62925387305,1517.57859401883
12,12,"21",1018.40505371885,1038.58639135907,1013.94103430113,994.890981624749,1012.9399975111,1018.25146389208,1039.81159426674,1056.4810246938,1038.53858075394,1035.6475415149,1031.7714992481,1049.14735300989,1068.95496870215,1080.52921223996,1065.2750545166,1062.66795794109,1069.69350289838,1093.51866375559,1121.43492912457,1143.9215449001,1144.52399243922,1155.68907669896,1163.29663631781,1198.7590154977,1225.4825469604,1246.82329683282,1249.76862756451,1260.87689540568,1273.86095351738,1302.88566039674,1338.89771072285,1495.66072386779,1409.76013622361,1408.63779973792,1401.43395187857,1426.79765985367,1462.76979415837,1469.24247142562,1443.81666957973,1432.57403789744,1414.42077064902,1436.89764022045,1472.28512889896,1545.37794575949,1457.20954674137,1446.48510485392,1436.58464293162,1447.89598380841,1458.78012036828,1461.23710741232,1442.53706282016,1428.75827112741,1423.5441510329,1434.66883976303,1449.3250181661,1461.63900901555,1442.0301426157,1426.03048951862,1425.67761626501,1427.3030071981,1447.42805033131,1449.00612858014,1431.94316409085,1416.02998348786,1424.9908552556,1429.2344162977,1442.19141220687,1459.76382372178,1439.48223757797,1428.66484839775,1417.188534789,1426.90323296052,1449.44189437937,1440.86120028608,1426.09135046316,1420.456335329,1409.36985414468,1422.2984433057,1425.55518385449,1458.41398153183,1433.3091890309,1422.06379741525,1407.15860626581,1421.03167591592,1430.78543546755,1427.38793319787,1418.54873736171,1410.37120087705,1407.95165475498,1418.23275761078
12,12,"22",294.259710207472,292.07235517113,286.947929431286,284.61316099945,286.722156371595,281.076136752543,284.084304476245,285.841126609404,284.373821098806,279.289601117615,281.759294296711,285.093021036447,283.431169204838,280.842765022629,275.427545283847,275.279252454882,275.094959240997,268.889039116207,269.839695760156,271.271314603722,269.246812559936,263.110748344595,264.532517124222,261.797018774877,260.627909427041,257.925231167165,250.859374001174,249.014946061511,250.032331671836,245.268844150962,245.684229187602,246.154554666737,244.926716023963,239.195278211972,238.607127684356,237.609698352788,237.913829293189,235.255077679123,228.375379995959,228.102125442507,228.697152622322,222.67531788453,224.109347325956,225.208927311751,224.081365043625,217.855890380248,220.628292933674,217.652803205752,218.155243434135,216.520782022769,209.145408927251,208.32033705767,209.156596461195,202.883030241948,204.828421364169,205.460844713989,204.948492658331,195.766949147871,198.631093076834,199.540900689404,200.296158886567,198.305308844863,192.687715484069,192.973903334896,194.591146390129,189.576372775363,191.72625145895,194.614394444433,193.389046010716,187.325387219297,190.162427406917,192.254166885115,193.057599220492,192.402116307423,186.489358574228,186.540161869405,189.299878334647,185.606381267936,187.961853670409,190.88439735673,189.563653702361,185.474917423373,188.186774715161,190.082588970435,190.545378662285,189.791336808667,184.264210650297,182.430775569864,186.195057903768,181.873643190463
12,12,"23",225.73540343886,226.076928749925,224.683848373266,228.222034623199,225.72484932444,227.887685930273,230.661616670965,229.214271701603,228.001996225102,231.090792781781,228.057778974812,230.706998878097,235.561801876022,234.623513428212,230.85462329983,237.644848139204,231.747932302482,236.456311354628,240.036367109113,238.974835631853,239.824941820604,242.451981212702,239.58821481523,242.214751981411,247.947796504943,247.553271968674,243.442874061982,250.170749981291,245.159128638817,250.530147514902,253.845146883094,253.011964394582,254.535305603515,256.909273058103,253.702602877271,256.28247433665,261.697193436385,260.940814110525,258.633141707047,263.678176393961,255.989288942859,261.941482969711,267.872178611929,266.266855150552,262.654764345206,261.593067825039,260.077676620941,260.203151523215,262.636336751989,257.644537253194,255.360951488054,257.525351851868,253.983767330199,253.255600084308,252.860807692778,248.970738099471,245.407138739039,243.252445183172,235.63731627425,233.199179541767,233.835518181788,231.846684284771,226.925571313002,226.749473379139,219.630706591586,218.938789818203,218.233062144357,211.79522949574,205.287565894489,201.978278306905,193.614887357504,195.603811173897,200.15238963983,193.48243346073,191.877896459709,192.884571901646,186.855383557368,186.116008103879,184.394261904418,181.747137050705,175.696191553493,175.725254140558,171.424332041884,167.762084141221,172.192863439227,166.865538687244,162.420438651664,163.042013811434,158.272052018085,154.813979336844
12,12,"24",296.376527917405,286.714670649881,282.377930591218,279.722189708338,278.043717562035,273.179931584578,272.037794977244,241.518731870966,266.26522140788,266.457178001573,268.128544549391,265.668181056991,267.085793683736,260.820167123288,256.68073952099,249.903677285549,249.766923792594,246.861054398592,247.930470888209,242.588045025737,245.220402693872,243.578762526721,246.165507769853,245.106457010671,247.473841265227,249.401699937747,243.90518629437,241.212449052188,243.032493153286,239.839405005528,241.526103952532,238.205775895403,241.752166939962,243.481039296343,248.541486199902,246.648043528823,277.935049617786,260.302931633521,247.989757945816,246.81252432211,249.85129290341,243.976652588723,250.685077486157,241.877837680534,251.474265520337,251.44951285948,259.208720682422,258.393525699395,262.14677215323,258.573961020149,257.686765286206,252.096230047265,258.294552976653,252.198318672987,254.793383047382,237.417399283459,257.777158875526,258.71246083017,264.817523787727,264.45954832994,267.304621980928,264.359981934218,263.558764651981,261.024541569685,265.610955746079,262.246359863695,267.01703568765,261.791719090687,267.194580756042,269.350484810524,273.658800766716,271.186274577693,275.491779320534,272.20848996773,270.127477026082,270.932749502286,273.648713309912,271.386215347813,272.709299536051,268.852003824671,273.450145032618,274.466364892039,277.550075126396,278.002224983258,280.293152951702,277.276417363922,273.927703481408,273.32205300495,275.450564500194,275.36585430072
12,12,"25",114.035418131512,113.234500057542,116.062230721318,115.138713284102,112.222386218651,110.563227256985,109.105930312154,109.127697103475,111.022725351699,114.875945339877,114.330115708522,115.641030953571,115.134362870523,115.888140085442,118.057754515449,117.81991198117,116.020879392077,115.239029909041,115.150442142564,116.573608034775,118.948197436713,120.522976793403,120.90818691639,123.802246798221,125.439572940189,125.46465036749,129.884964172102,130.708130824159,128.331513129764,127.568485080673,126.469548326867,129.343347626858,134.40474833287,136.179264723877,133.979917531265,135.968001440709,137.843330365899,138.425800949226,142.567422108908,144.038833442125,140.876308660242,140.534814722465,139.88070702219,142.759240839333,145.835083498139,147.678125161161,147.356000640037,151.377463807773,152.143276876204,152.833716418257,154.191932262209,154.162579252811,151.900033350871,152.794510664162,150.603553129057,152.522897663436,158.663992062252,161.397447055705,160.926007208271,163.111258361018,163.555671291712,164.124709235926,167.130074303883,167.317984028729,164.859982328912,165.845941060421,165.160484203936,167.290140054274,169.762891991864,170.54950481799,170.687609729952,172.162671485131,172.213712302771,173.27691596159,177.70650438792,178.149138996503,176.169545155421,175.443865557139,176.236256025772,175.900102695416,180.117246503611,180.204096148408,180.348976977159,184.620564815678,185.521395252239,186.861942671805,191.684522427062,191.583535118727,189.921299999408,189.487332627086
12,12,"26",788.089490795673,785.569527618087,815.615632813309,800.514600803972,763.133484678054,818.451544108564,778.451537638561,828.784585969361,777.711241696581,824.11065798652,824.477305971344,842.238485986932,860.002497886165,858.508241651193,852.480464147911,838.393661127364,834.462403704729,784.642013470209,784.068632010843,802.149869220248,801.125095580343,797.884780661461,811.046563424697,813.730697713415,815.900338990076,824.101960639697,876.525623467681,889.585954174168,938.933014340342,969.176968999492,913.182247584228,950.897328140349,936.845259867502,940.762278560094,928.491307655162,955.483324968445,977.954499635564,1029.11591889079,1009.03066880353,1019.56156746755,980.790827842918,970.36976276057,1029.05369524903,1049.33067632253,1021.28287900172,1013.51839280715,976.374578784661,1004.98260265246,990.656863102804,1014.02201228529,995.449020299053,993.237830065835,986.639105609643,996.587480395534,987.421128813031,989.25629940869,999.58246483972,1007.84757728747,1010.06077445857,1046.644171234,1023.14043783331,1055.16058122868,1066.47213236581,1069.5873577466,1069.91833907789,1064.48615703878,1077.05369622997,1088.59589778433,1092.11581543124,1103.88264175088,1108.97038632755,1106.14140270352,1123.16284824719,1126.87041993215,1123.51660278852,1133.78541546299,1135.21836174938,1147.07533212674,1145.08821058286,1155.3270120199,1167.78617055099,1165.82634280247,1174.55896709163,1168.1206687708,1145.64973835992,1152.44236158448,1167.3604114551,1155.75748212952,1148.27034852765,1172.20307833116
12,12,"27",678.772132128519,685.164515105319,675.246089469504,686.074081307284,686.096607457718,687.668978442871,690.928100781197,687.517749990314,692.085346536064,696.030422447193,696.966676043935,703.154577563003,697.750571126003,700.582160509052,702.136035097896,708.196361884364,706.191524505967,710.912058107109,722.442723221645,729.707360361931,740.204878550593,746.05931798664,771.832112093008,749.831716067865,746.753625507056,747.959331683324,747.012618990118,750.387930758783,766.862666893072,759.937726341181,765.475374903541,766.115116167181,755.72315968626,743.251993540991,735.645342618302,754.987524240393,758.467170372993,758.510176720628,752.325142049401,735.103772952607,756.366915935563,758.944389483964,761.084489137616,771.102639001238,771.737123630008,781.671396529445,802.421924268126,807.463384105722,800.448464722374,805.455746485795,812.282878404315,809.055166698887,802.182258723689,812.480364268846,818.511352880297,818.909493669294,820.917663518774,830.961119755592,829.857235482669,830.572401204848,827.879492755619,829.939644170655,832.07420902363,844.065187261171,843.630282833792,845.982307197639,847.674229073102,847.127364267238,845.491291660794,845.340724514968,849.577276421708,860.204908645354,866.509149785995,873.152863076799,869.716724427763,867.002741094949,873.606491459029,866.064836309989,875.61645088191,881.687158138853,884.83382250864,891.943126870765,883.866782895875,884.7819200507,880.25028255852,887.974517067162,897.12052065679,897.189797189823,893.616589911358,886.103727565129
12,12,"28",1403.40079363616,1420.2855254576,1443.92941866406,1429.0391525746,1414.21364979096,1409.92738256196,1410.39119100108,1406.83863196597,1391.99726538854,1348.86520190433,1243.42001168181,1339.37620473873,1366.1843316086,1332.13574120919,1298.90047237084,1308.93550656137,1302.68903063756,1306.75804772908,1290.24269846112,1273.25327398473,1273.70002931717,1259.85332916714,1259.20647161613,1223.61987750764,1225.50593704676,1227.25072621644,1222.21394202156,1228.90192680081,1221.58568859826,1189.6807366577,1182.27935533967,1193.33890155939,1201.30925824162,1191.8293761413,1181.70552726224,1180.32083819084,1176.71485817133,1182.01639852942,1184.84016085545,1189.77571377543,1166.34249711612,1158.49557372361,1162.62813962165,1167.67404120232,1146.63426989221,1157.3079281181,1148.79492082296,1123.6252947098,1099.00036458632,1092.8383274253,1107.5472627565,1103.7834442785,1104.50181859743,1099.82738170057,1096.98929993345,1099.46896905105,1085.1434517336,1081.00024908814,1088.25870106196,1062.63397968228,1060.55043881242,1030.71447956936,1024.38836407442,1001.89240245703,999.554490498341,997.671292966926,991.326658515553,980.55909977069,970.180102949099,967.138375560656,946.244214383715,952.654883680105,969.880095317579,968.502136622334,951.602800124423,952.620008695589,946.975223034783,968.584395845213,932.024876579273,927.404372569147,926.146475443535,928.199839588739,945.297284966922,935.731115034835,925.605119369388,927.448945591733,917.03751957325,910.644797423223,904.251181274531,907.271360985632
12,12,"29",1162.69873615656,1182.05404294793,1175.64191922271,1175.20318080798,1187.97326184971,1169.20561201949,1182.67640226426,1103.32073482124,1169.59615766044,1160.16693466956,1159.90681289977,1160.91600408027,1164.37112691843,1162.07202332769,1158.66975066704,1177.03524517946,1168.69508222543,1164.82039774691,1189.52054060467,1197.53948094402,1191.8987766553,1183.48828357885,1201.8960336782,1202.64546368702,1204.99157330983,1178.06939318228,1170.09650634759,1186.52132937347,1182.97316093778,1198.58830289644,1219.12712946947,1228.46506474185,1215.15361756384,1223.81751101145,1227.1744653874,1236.25024182571,1243.59856517783,1241.89796086148,1260.33962736688,1296.59855677172,1301.84319872883,1300.59512717474,1310.21094384864,1314.1702798211,1312.47977987628,1348.13207391267,1358.90471450219,1353.21138804721,1382.48286850936,1370.74206913499,1381.96504244728,1384.00498761046,1396.45474147457,1392.62685536453,1393.47431045354,1395.17420798465,1378.82106863689,1400.08315462837,1416.5017469621,1424.72557693484,1448.56675937316,1462.38838494808,1479.8615183067,1497.81863169383,1482.2697954928,1510.00365737309,1489.99494770576,1489.08358867397,1501.52062480167,1525.42427700346,1548.15106021037,1550.51281914523,1559.46864432987,1571.37868063573,1599.55546371595,1662.32356732247,1923.19924192737,1967.65395336453,1991.13884579467,1866.11323159685,1891.4918051823,1875.46352897756,1917.90718301916,1919.85410892649,1951.28188433442,1988.55121437907,1948.24733154267,1920.22504575557,1984.20389456094,2027.11568135124
12,12,"30",715.060649922122,713.075341189121,719.404738049018,721.980291113735,725.970297421439,725.832964968233,729.802692826879,736.578931329805,733.20360273936,725.988030768224,735.231559753673,750.514323291196,756.477235525992,752.884830885483,749.555460411256,742.959681738223,736.215334659839,728.883859386348,728.973771103326,727.507691072882,727.858752700383,729.130642598861,730.3459198685,726.423142601997,715.728677555368,714.136560347373,726.713220594906,730.347198265397,732.478932093156,733.217399863226,724.645867415106,722.095397912466,722.193386483113,717.266634429446,714.308028063277,721.958254644768,719.925360539539,723.798860422661,724.974109435575,716.189162047158,724.466159890757,718.901620677297,728.298349524718,720.127697529719,717.942437499353,714.838889775486,719.145283454299,706.735863414669,709.904497913445,712.681142159229,708.531263857858,715.596298286117,720.75334133591,714.984867751464,719.845401435202,722.557080015663,724.604650876727,725.092011948696,722.081561330495,732.825870537661,722.511805492857,724.202628122602,733.197290284291,722.724699335147,722.032297824509,720.824184514902,725.23374572752,721.375591001098,725.646244945377,728.417346130013,727.929483518941,726.267626892252,729.520068908712,727.921314882246,730.814614699436,735.667452241741,748.280202310216,746.655135176894,755.409459019541,754.998794339696,750.516790345486,757.26670829376,771.22283381861,775.115527390669,789.490310573457,827.587972253407,866.237553934901,903.125437296787,940.217379342188,999.599933243894
12,12,"31",675.855386978601,684.632952194264,685.886152425331,683.57004441382,688.23178944282,685.001639739876,687.091855327333,682.859959826912,666.645927994093,666.90781012884,666.821998676034,667.017541879469,676.400915853043,682.316649778253,698.103127146194,692.745817870693,690.993319541288,692.721998333101,690.365987633798,695.853145237532,697.529565847847,686.987741567831,680.168975445847,681.67426139752,682.175029757393,677.67402901602,675.238933925442,672.620442581689,681.003215303082,663.851626830218,659.960589754023,659.536706823388,663.185319607334,669.155299055899,668.019765470787,674.532812896136,675.119703415962,669.690412767448,658.93351783855,645.87428735973,651.676393564469,644.604830706368,638.021131107052,642.767219226858,650.511738798779,644.60785966366,645.76940212612,635.611558486614,635.021824087012,640.920405372502,645.774753274694,642.566837289967,629.573624306616,629.166408667356,624.512989292785,624.409565475326,628.592600834986,640.099195763788,636.415491967683,627.983109347387,621.062145831563,610.359914831979,612.234667628221,611.463597318973,590.70818124491,585.875185442083,550.511211324667,555.163140776951,566.118354304212,568.172093084997,563.069871637769,554.627214557608,542.985902464575,543.685227549117,550.766149999175,536.658533478458,534.443378795223,513.469186873706,514.510905919582,497.758489820533,411.719204179402,452.857712202064,436.69843892684,405.026694312954,440.048719198181,436.773437126441,448.038558617928,438.046166043327,411.925642573664,399.339522681324
12,12,"32",200.449741492145,204.411046953927,205.240141099285,210.188307253035,214.392110457586,206.28662292795,211.034043060835,212.205521251776,205.970579680668,209.052087641439,209.662054090512,210.479682956898,211.000082343845,212.263164493442,214.320681892342,214.606520837188,224.949347116246,230.508071488358,234.056971259679,236.194230254576,234.51296122781,238.918497777482,236.1829817483,237.941020325408,239.272903804221,242.068120048502,244.450577621145,247.325535913145,248.53471906241,251.591633631296,251.736604050662,255.693103245218,260.748647996253,267.326889057641,284.882086473134,280.444289300841,273.432193060705,277.931290938092,288.792851830888,288.71044564886,290.944866326218,292.109696638329,298.717313315532,297.296963168001,288.96438382836,284.726719966066,285.754182845958,295.333440981051,296.724250641466,296.297291225559,296.390966855033,302.474032049625,310.721161240512,320.55062916592,329.443572410044,327.309664371926,333.516471441484,328.174397962057,328.151890618144,328.902830074582,324.755488618913,324.401082124943,328.41886996857,326.247873104236,330.188375454753,329.784015897602,319.240105292048,317.44852650073,308.668112136499,322.388290238486,318.71909897788,325.077474158799,333.341272937935,340.515189291005,327.969182471219,330.123511611392,331.408752465637,325.128438226509,324.594088391859,325.721287474771,326.834066247163,327.256237658649,328.161918517675,331.154847825971,333.488562649116,331.428922141813,336.868533588221,335.736088909586,335.093124872724,340.727797127365
12,12,"33",526.431617950598,522.67201566564,520.143313280091,521.526022958789,525.800259045862,526.865432878143,525.270361077564,525.692875638871,529.730940027547,527.154519284583,527.635742520914,534.704989406705,531.022239408693,533.283795001743,539.248233460237,557.424265926247,568.299737725828,590.017579670725,589.326391221562,588.871094747652,602.096554016216,618.205550222239,634.086324895923,681.365701454255,743.951416040675,718.136331604805,716.585632692437,708.866764012484,712.759708069437,719.268165782746,714.076229154272,733.226732282436,725.51088169584,715.647307166418,749.123207673097,768.127306981763,767.102490657047,765.637834671628,756.453087515985,750.440814150046,746.154043417155,746.753709378991,734.684929556345,739.679182140977,780.09425302735,770.744492507666,770.380628404034,744.2582944767,757.011526105352,755.5227107608,756.719275392563,760.937040403701,761.716000186074,764.389563678495,763.020952171874,761.069551815316,760.136953616723,756.058601547317,754.961551433008,754.865970360981,751.56083372448,755.434431952192,748.892436542631,746.255697895301,748.092953737215,748.31838492356,750.954683308933,752.162692401486,752.841236567111,751.386358973918,750.317309500393,734.303295308727,736.948140085645,729.542619275142,735.303196115415,740.21917573419,733.093794994237,736.681320449729,735.097582064458,725.883846017163,728.398317175239,728.992409897548,735.969709617629,739.787360332272,737.80757015766,733.211780658305,733.294342435998,741.234577237149,739.027921956875,737.688234610368
12,12,"34",1214.58869632438,1214.0169371146,1203.63970943263,1208.70506741905,1203.79331080432,1207.12692390495,1198.52728254288,1188.79930339814,1182.46044189242,1172.86884235615,1130.12295609979,1168.84246889668,1127.49525860861,1134.84939556841,1156.80965277532,1148.7348754127,1135.92769195353,1102.42587158407,1076.28819211231,1070.96166984563,1078.57881324189,1062.44458467828,1063.46380046801,1065.39310465528,1059.4523078563,1058.57234479688,1026.10044096558,1006.17010676021,1033.64610967034,1018.1854572164,1012.39914355898,989.390845815129,982.29569364233,985.012744999794,986.824629430996,984.152832738199,965.179092685722,953.725114722913,918.208643306552,916.985935850089,905.323123684662,903.737679689144,868.654448753811,880.151653355551,901.525016043634,891.876635284138,875.989519070378,854.63171296089,861.622624925899,857.213348288064,860.922291476367,845.216006254847,827.775555194019,834.65428940459,812.368153815981,814.127931711164,806.941154479996,789.570383473375,781.802423211905,776.69305474992,779.991280447171,760.406636851341,765.25608639714,775.620423300256,766.652917119516,754.275808389353,743.175684976249,739.96636356445,736.886527462136,739.360078141892,736.93025596224,740.748472194417,728.272782297211,735.056139515378,733.334714398829,740.241101583294,736.476399208155,725.416662361916,725.657931146338,736.985648081841,736.921760906249,739.495700218032,724.980838404815,733.852164575507,723.223587935526,718.141322204691,716.321649530194,708.449844063801,699.056522561326,698.172113649215
12,12,"35",1513.27594902909,1525.27552875063,1534.95886099737,1546.77015740222,1545.52643978246,1541.91331956014,1550.1145333607,1560.31157415715,1578.91723006965,1584.24039954728,1607.57941192094,1619.0564181625,1610.46205714116,1618.79380595213,1600.42103615984,1573.34000193874,1595.67625954496,1583.1012965888,1586.76987004042,1596.73296306753,1619.74428424272,1617.14117730446,1618.71057556459,1630.00232850041,1634.62769480063,1634.53205814406,1655.38024901525,1666.85788068002,1678.70879622428,1673.88182317144,1666.97638623086,1692.91038356601,1702.77313383364,1707.73640349716,1713.90691018831,1777.00439987601,1784.97019608936,1846.9537122795,1820.32217533367,1798.96915963719,1818.01501724587,1855.18081387867,1806.917361436,1838.17606905897,1841.89665008069,1832.01198100635,1824.51284605267,1849.0604463694,1845.21594162662,1830.4598789136,1840.80345670415,1827.33780182638,1810.60781131862,1788.55358367003,1769.86675792926,1766.80173110138,1767.42907484206,1711.43166236954,1549.99656209536,1532.77270782398,1502.45449550446,1591.161374172,1563.93024495815,1464.87858104896,1536.06322654307,1509.8897079246,1450.1003266083,1469.05528368023,1463.91433559287,1433.71041134685,1408.24716267501,1383.36985817217,1315.51459606562,1309.22242812922,1293.81515177738,1252.20546217771,1190.56881384439,1193.64181427807,1169.66558492285,1094.95129497066,1150.19920009478,1137.59149490098,1142.34508452227,1094.02860025977,1076.17726785061,1031.99127618237,1004.88978193759,1014.70657788449,995.338317502305,984.228890129045
12,12,"36",414.048864642383,414.674573835154,411.116801017344,413.320834312965,414.200149865287,413.422501769961,411.511964756685,406.869651454007,402.237263558164,390.607631364236,377.660625317747,385.247104280739,375.594751011293,369.841666824927,365.035261405908,362.813339859826,370.797451697198,362.671595776399,375.021308289343,360.838483541262,364.288118045638,356.119919547827,353.231675147675,355.438119617892,353.72984448184,357.399439206028,366.459030262911,361.32810066,357.090694424124,352.706375347051,355.890783340022,357.641851466355,355.647642257805,356.864450519523,357.219664312687,357.492878596259,362.591941192884,365.930706765823,366.393287732486,364.496826338185,363.820280050663,364.528347485903,367.454938934109,365.666458905346,370.932986243949,370.832765803639,371.75941975312,382.203520559189,385.186204908691,387.13090228228,387.956807148802,384.232845871792,378.018229390406,386.120027970318,383.999456794801,389.865736918288,392.091258629725,395.818045310828,393.167162047949,393.443783923866,392.117867867326,389.287509882213,390.008995283742,391.288257462229,394.229468380727,390.726722038693,393.475591469801,398.062406695441,401.556300087998,403.285337313676,404.866631227172,405.052487588941,401.195572026078,401.199266777067,404.927091343679,406.809277218898,407.751867412585,410.879940112532,411.425963103689,411.350777192807,413.741543549259,413.209000738648,409.071972546395,411.40370644943,413.145473670647,411.207978642298,413.993753522404,418.706467016681,416.343986241473,414.160507995542
12,12,"37",287.967553158818,291.486893527835,286.599853976013,285.453987478007,289.394741213367,289.410032675259,288.737048129005,296.712988601855,299.043157920431,304.777272495803,332.495479036506,302.480131606991,311.501718441484,334.675394410084,317.444648657086,319.580844017511,325.20048555089,332.565748639349,331.821047676593,328.542280671369,325.713024451052,333.188125501325,335.98522802103,332.243568431267,333.041445468239,335.518583773071,334.877313015711,343.251365615473,345.907701315649,345.100376789186,346.944200677347,360.887041982986,357.624104974909,358.339836390283,361.183109287996,362.977063613592,387.621697260125,369.143983104406,371.997983700074,372.139281836734,375.14307702269,375.939128750508,383.297664943129,383.473958395129,384.283170200168,384.846885671155,390.612494967539,406.298048767645,401.185634458142,408.051157318533,405.30853127997,431.287743989206,451.302497573721,456.447504446559,448.302022549832,467.15238367345,481.002655372048,459.444211959595,452.745238319993,432.019438520211,423.22371103077,445.309016260942,457.624315911077,461.155578962947,458.761165446598,467.442192862988,465.512118911387,468.772796907888,468.882111229578,473.838369020415,470.752759497686,477.925122217487,518.437444622328,481.156151548679,477.915179633139,478.413951772278,481.908309487431,479.456359237417,485.979809565424,494.495190736211,494.184936338343,493.901563922171,495.391683523255,495.274215365365,493.86951418556,492.058276589576,492.101845513045,505.376850155258,503.485908620531,512.255288882229
12,12,"38",1392.50338519062,1387.61073390129,1416.21746908126,1411.27168695113,1434.50773026607,1438.53562176516,1505.63894813534,1672.72338917474,1582.33078255495,1539.58949695775,1500.51966931224,1486.28539602807,1520.7063436257,1491.96958497286,1545.16394182087,1526.8159294484,1581.68996795828,1606.12871632818,1635.57091528109,1607.10498278252,1637.81370414818,1619.03747715024,1582.13962458998,1576.14575710044,1595.17386551521,1553.86091700395,1607.34161419376,1602.71342250852,1645.12813809063,1658.65541972625,1666.68014511367,1642.84638809048,1650.76466174614,1610.65043884875,1614.33862011637,1624.84696395661,1621.89639651379,1603.60247519408,1643.33667772083,1664.23971171583,1727.2568253615,1748.91360731642,1799.40997350605,1756.09828213986,1808.10669246732,1772.57983113219,1718.11023852561,1630.30571525175,1780.75056740326,1630.45377181754,1834.55417048603,1844.17241284964,1856.47676743074,1864.03397988843,1884.6798372026,1845.18713331066,1896.53904138902,1871.840435402,1869.84436283034,1865.22403701164,1898.28440025058,1806.92983971379,1914.0135056018,1935.37592949602,1915.65962684205,1939.61592771806,1953.76907738301,1922.34708938003,1926.32437196969,1856.36247071576,1853.68175288258,1858.39030962641,1861.72440268144,1858.42587435188,1867.54218552204,1985.39425855817,2016.80422964113,1987.38074671482,2036.8285851498,2003.48861052371,2073.55045966112,2012.92555082747,2045.23055308276,1987.85231121618,2049.1336709203,1978.60128794201,2071.0387893524,2081.3825054493,2125.29377723641,2132.4309789279
12,12,"39",286.434397744591,296.476764882623,302.576707303495,298.1918949676,293.284040811861,290.683903570503,290.880527902137,293.033569570557,297.56820145092,293.555007196196,291.545370316371,292.693213056078,287.641178661203,292.045341429752,294.038039621629,294.393995054277,294.470043212048,292.626774860953,294.574294579023,300.678009140116,305.257043464562,301.731925619044,295.256794152553,299.110412485896,303.427211019609,306.73059647978,311.669970143959,311.920240527382,312.631665789339,310.321952623967,314.131363264542,314.852048280583,321.648022673744,318.558153151108,318.352556280119,321.250182615359,321.74725172004,321.524548837881,330.400009791874,330.911141521345,322.306904177413,323.459285449922,322.441181045203,324.242696939765,330.984659789962,331.919163909933,328.81587679446,333.558153128808,320.420002014743,333.695012724737,339.254967963365,338.208047683829,335.224862004664,331.413454301156,326.137833940627,334.155866067134,329.302553158781,329.739581807758,329.998156514586,337.413184261434,339.446920769146,343.850804048559,348.468137681217,343.540886949954,338.794398749043,338.911937007234,339.683188439812,339.053874582806,342.548214873912,350.755337152607,351.436664396833,355.207217129647,359.905937603228,362.229618031989,366.209928712267,363.252041728553,359.358346059502,359.342215885901,359.895303144212,358.526655882061,366.881886768195,364.761320131468,365.019742998166,372.97293861002,373.374399748041,379.996090482271,381.957224805097,380.228559203989,376.037456956199,383.476152561762
12,12,"40",2275.81056030147,2266.62513921662,2254.99378926824,2266.84848673557,2235.78543011804,2179.52886842218,2215.36565705844,2185.99672123085,2218.12387536957,2227.25176696218,2214.77582150335,2246.58235174588,2231.96697664458,2204.39731743467,2178.81898370347,2173.57083290523,2148.23380848638,2107.29212304953,2138.73348674306,2079.7068183645,2085.21487991655,2137.95175211478,2093.89284178466,2113.34092916899,2059.63961203832,2031.61431865383,2018.01775629506,2042.70977785837,1996.12429261307,1975.68352825597,2065.05878959382,1981.56271307779,1988.1362947124,2076.75111694555,2075.64276306337,2072.25599347242,2075.64285117321,1959.76391530642,1943.93050653317,2023.04466249912,1970.05290826049,1953.48056791412,1997.30600284189,1949.71206112512,1941.0386065001,1954.50977145665,1951.59770349008,1946.54559313583,1942.25780620535,1929.3888770347,1894.2675970891,1940.91038155823,1926.50778118495,1905.42269083344,1920.7824526278,1905.08039656369,1863.64633099368,1858.14678001993,1837.63301607467,1868.80215535221,1871.04318688948,1867.06235462482,1815.05754664163,1850.28444925116,1859.69299774701,1828.59515649947,1758.1142923202,1700.9602536001,1736.41827639486,1770.4355121317,1751.01893432299,1760.3520232267,1750.7307068423,1789.60768664359,1725.99898775814,1765.89726169865,1682.80154446546,1651.37332976138,1658.76777540277,1607.51889507727,1629.79052341187,1707.7950708568,1739.60446064812,1694.20778147226,1661.89004850627,1595.60407357611,1558.45556367053,1570.58405414724,1554.29236888398,1516.47521264876
12,12,"41",723.376184663762,739.45151046795,747.571305242867,749.747751453138,740.606758642463,736.229461324831,744.735612172624,742.132754143261,724.488949837472,724.883809207648,744.355841425771,754.883347918449,747.581383165242,769.670117807079,752.379541298351,747.876666895889,750.712546924636,739.302262980329,745.637223260964,751.205583990502,745.422692164809,739.811536327326,745.644654593803,751.498767008588,741.249686995881,749.915343722862,751.771973204998,756.579045862333,756.78941997853,752.413928829541,761.892146078581,771.209812965104,749.228780328227,762.158523569541,777.17544919818,784.534241052989,772.861047754276,800.36323869732,800.099833250342,814.099536851619,817.871286981213,793.724703254809,788.186420468086,779.726450942731,772.869434609107,785.369368916244,808.243803717634,824.394567027452,817.281635575297,832.888956373078,791.59637178897,800.985429837752,869.03268113453,820.200934196854,840.009594854868,840.891324823072,820.981982621174,845.145833622686,883.470974890185,882.240543393066,855.84789539262,904.318477828032,908.772084549999,926.891179251007,925.342284011817,903.939144593441,922.982735501703,945.701056052404,944.198072758418,964.01451010578,975.391682777248,977.276035835312,969.556953025804,974.925233775338,964.23101348628,988.308196081993,1028.04069231655,1010.64405233384,1032.02039511294,1020.90924074237,1017.16393430958,1056.20290855731,1071.56849118338,1044.99863495671,1059.06515665337,1086.41460582967,1081.86199584879,1087.24489911746,1139.27783271308,1099.6775823385
12,12,"42",44.5974375576444,44.2431549202495,44.6749752799354,45.2454195165001,45.63892735273,45.0635181025972,44.4670644189416,44.7725859607712,43.973158960611,44.2287346487892,44.3226578647388,43.8366279512648,43.2687922877473,43.3498779495317,44.1252783842076,44.3205928341197,44.5643030545942,44.3625615859366,44.6037260423196,44.8770373744302,44.3218350813765,44.4606342617262,45.1919817926482,45.1885521511859,44.2811972715923,43.8762293668937,45.0240182621589,45.3373058006304,46.2443362977889,45.7474922265408,46.0225824138307,45.4406442435181,45.1533304321773,45.5254135852802,45.8589737086825,44.914657864342,43.9178291297756,43.6916165173632,44.2001438237971,43.5392866147451,44.3261962185532,42.8908265261174,43.6026828694544,43.7981022058301,43.6459311274852,43.8060392757534,44.6640437988769,44.2788253566429,44.1274844133607,43.936080780021,44.4048516038865,43.634779067201,44.5028835554854,43.9400585152931,43.7220351555341,44.3561194640412,43.8859733630186,44.2744804177077,45.5375829627663,44.0874331391267,43.5473321967688,43.3221236564289,43.8600445493021,44.8896682329858,44.9282908563769,44.3747717471111,44.3320876343092,45.0010547105846,44.4569039817535,44.6801432424976,44.9392894541674,44.16622297977,43.6796182780851,43.1611339183784,43.9909831294072,44.434550925408,45.5406034615317,44.5247971933185,45.576176202894,47.1220421559263,46.2392592922295,46.8548746271587,47.300140108976,46.8542707093449,47.0178817787138,46.9809596613252,49.1664987478273,50.1574360028682,51.2924794886277,51.7218907766121
12,12,"43",1428.65097559366,1394.93956482772,1417.23995609458,1402.78516356578,1386.6799547046,1394.27865169029,1393.54543032297,1375.7341209364,1363.64739205456,1385.31294477525,1372.02599970237,1366.40033049787,1387.51228854067,1402.57201994525,1403.10806040062,1405.51697171642,1396.31869646473,1404.05344502588,1398.76351062236,1383.48404324595,1370.3117346632,1399.37409498047,1357.31430902954,1380.6397571897,1400.68991235066,1370.39015940468,1388.83736352626,1369.20663006914,1341.45000862712,1375.12487041273,1378.60659636915,1346.39464715885,1318.05017900813,1322.4726112165,1304.08914150304,1326.50794213536,1349.02212141169,1315.0780806849,1324.49524866176,1320.76895870619,1312.74017133953,1327.12295305282,1329.88308649443,1316.54158292982,1309.20127423095,1313.70547259293,1285.37343547934,1313.11985780864,1316.29629847228,1289.4349429828,1305.69649005778,1299.83937526857,1288.15268471785,1310.75253857228,1315.15506850114,1280.12296364246,1271.35229051372,1275.78565904568,1237.7358065849,1240.91119602997,1259.76514422646,1235.82352013592,1229.52916317291,1217.27778624051,1203.29746182691,1218.02262015115,1213.36060500843,1191.63644674687,1182.27379649848,1192.77690159498,1144.45870946102,1166.21321911901,1187.25555905903,1165.60474856379,1164.05269294267,1135.48651169409,1105.72493810269,1124.92007367814,1118.24397645307,1069.54142952476,1040.15855659527,1037.88680420122,985.955352701487,990.817835699683,994.171474985562,983.229929649287,981.823901429428,955.700896639581,930.54243751584,937.150810892966
12,12,"44",270.54907465051,279.04736807039,280.802693926408,269.455977982611,278.306398093458,283.111330597811,283.912456077173,287.96108226938,300.751232971079,291.973353944863,291.563823109014,290.098882813077,285.257788399323,293.324191517618,307.335290142355,294.562516242978,299.500399356192,314.772753715171,319.547297174773,332.312856909419,345.070168675444,345.186383746997,342.11727611979,341.296686201789,350.55176060101,364.092485890786,364.470449272461,358.30615716366,359.481869448055,361.580774129817,363.484046227325,374.121644135306,383.30233001739,376.151830309578,380.265818597812,380.079911622348,386.639756191989,397.633270959432,390.97438112085,392.411820794695,400.671578494768,402.098857126153,398.382596162964,407.519871127998,416.828530981805,410.631237752978,395.143719809808,391.980239072813,401.477514328546,422.312213082725,425.41170104246,422.016472057448,422.623143032289,423.848746700938,424.193381877161,435.661286824698,434.148283320316,426.009074205481,422.170744975845,421.286172397302,425.473840630266,437.199659684751,441.970547100061,439.420645088534,424.992747321164,434.402751696894,442.210033876594,449.228240037788,450.858887143399,446.386176082592,445.231439392065,444.043923176791,444.255700723586,458.210598184134,455.456739337134,453.30431891673,445.408002921611,446.849820470135,456.290911893207,466.227963142584,465.812093280494,460.898180485176,461.629786469418,462.011582929804,461.678359416385,471.487858205197,474.55911386116,469.28804217215,460.768544620458,461.776920868721
12,12,"45",70.5582385405514,82.6273128399654,80.4850839073604,87.6829594710172,96.1869900537365,96.0278656974217,102.093723674305,96.4594487317894,101.202947074589,100.060149390825,82.6444386615794,82.5939320240758,74.6410328673326,84.6455458016359,85.9530517556832,88.3383268127739,110.313385350082,105.801759891133,116.61267852885,115.725617099643,108.331195099713,118.593015835638,107.661583076342,99.5307016418041,90.9915138995599,105.209917164189,107.195309307167,115.564560534167,125.317486947367,129.15045269146,133.228075873844,132.379634693385,123.047108697941,131.731695998943,125.295808442556,120.872363553516,118.073303766034,110.605581550396,108.043166342929,117.557382681163,130.033563634205,128.08796270157,129.96266560645,133.430433766712,136.17657398187,130.346879337456,123.621439495376,117.930206425244,113.637945576764,114.200292216208,115.613444799931,122.919760226674,129.997329472474,124.149109147361,130.837259744902,137.506488688856,130.908429649595,123.379435678942,112.969165180465,103.086657362354,106.010655392536,116.912371631583,105.171157133699,124.727791804401,139.899003839593,126.155899501812,135.671578579537,129.930630143111,133.116699931027,133.008955064044,118.27932002658,116.038319048591,103.321739214191,110.446455438294,111.11997570386,126.832894815994,132.926150108919,131.414931736264,129.210505364421,127.053413857296,124.785451204645,123.791922524469,120.873220653517,113.846158818384,111.685070701775,111.052861305645,109.732624415278,117.00072212603,128.446525611466,124.078944073643
12,12,"46",2358.06652031455,2334.00173403337,2325.53708116581,2340.82818652924,2316.63547669883,2330.89380875761,2316.59289343446,2300.36421315786,2310.86343998599,2310.25240305241,2311.58243957547,2327.55142921697,2299.02594994194,2256.21563263325,2259.54502436358,2253.62942335388,2206.65393656701,2257.68375817565,2148.83023840321,2073.6534668426,2096.86646656011,2061.64888760181,2001.29793009423,2053.4104270065,1999.53774559778,1982.28571078154,1965.83820093587,1959.755138899,1900.82137910623,1906.97594998766,1847.17415156977,1797.14564410835,1831.18057897547,1814.78679042499,1779.6837230717,1818.97064624737,1795.83842792959,1768.70123652375,1732.88267280517,1722.94967071016,1692.80359269731,1727.72672879726,1705.88249308928,1679.66785984343,1710.35921235484,1661.30473765291,1692.85617392205,1724.80655851927,1703.88921645104,1616.47323881175,1619.68627719516,1637.63609255055,1603.02610066823,1618.16048544113,1583.54144628678,1553.26052036956,1587.14463436062,1594.95594669965,1594.68333279046,1633.49579995275,1580.38496966005,1551.25099914596,1523.8103258938,1512.33679118872,1501.10385401223,1497.71024363111,1481.49759206572,1457.31820748769,1490.43035073612,1490.96091527999,1464.90047921634,1517.97712047899,1492.14257535247,1458.57264362037,1440.2958170137,1440.77081020064,1412.18532276785,1451.92930240599,1428.71594106384,1404.96851128547,1452.73162287881,1457.54512914554,1415.14276393316,1462.72756485319,1439.13843873121,1440.21210747881,1458.10386215511,1494.36765027351,1453.32380751264,1456.08036346824
12,12,"47",1504.89328146251,1567.35488454757,1576.3915207251,1565.80602743284,1578.05661431865,1537.59614903725,1540.66908890358,1588.87069572814,1554.21088685798,1553.88167021975,1584.99755597596,1612.93703845264,1607.31047364283,1638.76608252382,1653.52816733659,1659.20987028296,1688.37200430064,1675.21327875338,1710.81617817144,1746.85495482027,1716.60418802021,1703.6878079839,1729.87907449629,1732.29538847966,1717.08055198503,1743.08383119982,1735.91355897309,1756.88276153224,1780.79591378332,1749.39677094181,1734.83896093363,1763.72728346443,1757.67094152945,1732.45429028166,1768.53191505338,1734.77774067825,1711.56487755572,1724.13599787594,1729.00684832247,1730.86818462093,1730.63147486296,1775.5992769369,1775.22611544733,1797.0666378618,1810.95361645421,1778.09675835837,1809.89783814723,1821.40066025141,1823.73422319312,1848.49834962861,1849.72558767629,1833.89863351722,1837.13025860535,1815.20214488678,1804.13921038764,1804.94595381858,1772.07973034379,1760.82572688882,1648.55807245288,1623.90445940017,1524.48665768865,1589.79511243246,1574.58834390403,1601.16837040292,1594.69845851484,1545.55751981143,1484.76803661014,1540.78644074501,1504.08278720888,1449.86066059825,1495.08759283547,1448.86918200038,1364.06818520628,1416.85997986096,1411.11954483641,1362.15574364222,1378.31393436834,1379.67752096905,1360.73608612417,1393.46908519338,1333.04486614302,1313.55176579566,1303.93829816254,1267.59803956824,1223.04499660736,1216.58852173738,1149.54783352874,1133.20598673467,1150.97582523199,1115.87247658666
12,12,"48",569.876861743602,572.823141769228,558.777551496792,574.148018544012,559.008173408228,572.130461212373,542.993699696597,539.598391605212,530.829369150452,520.420423107642,523.730970209712,533.460675033018,525.101934359411,518.824448228334,514.055542383794,516.201155859666,511.439097065247,511.725142246635,500.181848392156,504.924265465329,492.555177135709,513.092600210909,511.604295755043,521.724862696388,511.487585225977,491.848198852153,478.1920680389,493.837653594456,483.905702643581,487.854974436272,487.307252420107,498.153115033332,485.343137775967,483.130121550637,492.618972629025,500.786704932288,501.677193925744,502.403877354565,502.128272183987,506.275232620611,512.305180503539,525.640153896771,524.677549251526,522.584710376569,521.191314522744,518.155255006307,520.790298954273,531.112937461097,523.986755620372,508.563089788337,507.79959820369,512.974332694322,504.872616037654,525.978042116345,516.231070420171,528.729741798684,516.508181874155,514.835932190535,515.177417715574,530.681646232985,517.916559949251,530.640284010677,517.872987761926,521.599860178424,515.934988368055,522.467132926027,519.549128218148,523.536687347397,519.057888639099,517.958961719526,524.920076479835,539.762982754203,535.148240143881,540.648341550739,534.455291201775,544.449254834231,533.341473752663,541.249738984636,539.426109108142,549.038715565948,533.748175798042,552.795165661195,556.892746659114,563.418070904028,565.386585303368,569.326978966664,567.915097865576,577.156144397287,577.131609257809,581.598776381767
12,12,"49",1489.04432179387,1525.84560665224,1529.89733628718,1544.20083078928,1518.10151673542,1478.52658431803,1521.87128830977,1508.1571698464,1454.58356888917,1471.81420987674,1513.65139300613,1524.6808732307,1588.58238810512,1570.72420907343,1559.84431689507,1595.9987017486,1593.94811079146,1543.62686341049,1573.6231425415,1565.91949166683,1519.81104012064,1542.07045876306,1580.08632046408,1573.85918350135,1613.42837795064,1668.65003668821,1685.57434117412,1691.67433466864,1708.72190204051,1690.9647693261,1719.05498748723,1657.9248031188,1668.50539784621,1700.95050249886,1734.66908035159,1696.81911329909,1742.96045706427,1768.20354751537,1786.71161333671,1834.54237405672,1841.75907240728,1756.41033586467,1850.49764714057,1809.16610302575,1784.2558049719,1874.88790101268,1920.83641048018,1915.94247696279,1969.42750969813,1990.79910217505,1993.93639667822,1990.62444725737,2003.79136237003,1965.03630736989,2008.76658146319,2011.62172094768,1968.49054719798,2005.02871695022,2052.83320513988,2039.70608649334,2088.90999935644,2056.31559556882,2048.49859809046,2072.8046098992,2093.63924559306,2045.87865464101,2096.22264688263,2102.89399569104,2075.7765675045,2123.71307931317,2143.92727579965,2134.64939900835,2172.72431706904,2193.19352464768,2175.50008277512,2198.44453254647,2206.29486110397,2191.11855910094,2237.68019221706,2224.5177236092,2202.59695659727,2190.80366949352,2213.61737718262,2220.77043079607,2282.58807368756,2329.63747171523,2312.76728070236,2331.86091910379,2329.03908404841,2279.88175928643
12,12,"50",0.768999951121904,0.796341386780584,0.788718772432234,0.775162447380347,0.802514743381206,0.784166596932747,0.790394860553404,0.797448381727608,0.817728232954475,0.851000353863958,0.870344641434934,0.875422721883377,0.864639637512519,0.845989600566304,0.850482826489605,0.845902996453083,0.86586804066376,0.90596665012965,0.940921836793439,0.957788366639505,0.964669731049899,0.954847917585648
12,12,"51",0.811341565604717,0.843473796838546,0.872460101304286,0.881552497847475,0.894673668961828,0.887847327118341,0.875788005262751,0.88597247934041,0.892510221734637,0.912620434478831,0.893981754643464,0.890108329151328,0.88741093210353,0.884829268477124,0.88432837882501,0.876857778317024,0.903223691080983,0.899652602434535,0.890989235863282,0.89226589863955,0.892400589625173,0.896476604591026
12,12,"52",5073108.03109563,5389989.67433085,5390975.88093913,4969517.41806195,5223890.68424634,5094457.32196683,4976938.45411422,4983041.58633781,5273786.86293227,5539211.73271296,5425172.11987121,5657837.21770348,5467914.24163765,5422385.45675326,5259463.54079845,5264694.22987474,5538576.92609103,5698698.46737844,5669621.23823131,5810968.91952937,5787699.23729144,6017125.71634251,6042020.93304097,6143069.32944105,6095073.78562473,6010097.41499746,5922924.83937792,6023325.57774092,5940339.76319436,5746735.42365024,5639464.4203356,5461235.48179102,5158214.26032652,4857888.28075497,4611078.04966526,4497675.30123979,4276298.47747916,4221451.96488163,4052110.361053,3944168.08464116,4038337.00108603,4148371.00704757,4219718.94132956,4070984.36966882,3993521.73301238,3952788.07905934,3968565.74102024,3928244.5671034,3967032.3165156,3929325.53642766,3971388.38014854
12,12,"53",6206266.97094488,5531328.5898436,5080559.3976301,5149380.55444642,4715109.10117201,4412385.32525648,4164944.29364448,4424056.50654142,4061995.53282227,3761560.28554985,3992041.12959549,3662379.99716744,3655069.43481824,3557905.82419096,3417248.05009577,3420360.7347384,3496337.01746065,3596627.55728783,3652741.92400837,3579984.04751554,3424394.57459947,3341501.60115751,3486867.17142775,3575614.42113692,3586316.04590673,3520923.53642136,3437136.47419386,3555882.21222559,3288594.06692718,3280874.62756934,3461398.6921658,3341028.29517684,3072126.88848983,2880223.86053965,2605206.13318858,2483476.90012818,2533063.44709986,2369125.4909075,2486633.70951144,2547008.66401334,2342035.43529158,2502821.06858277,2702220.73652529,2559405.45981766,2582049.08060027,2466806.32338476,2565577.96626987,2482028.52658219,2507878.52612813,2378746.50522132,2452366.13511953
12,12,"54",8064.75358440862,8686.55546058418,9485.06758166097,9642.58199135862,9841.40105412341,9834.37368954036,9756.80812354984,9777.6571113004,10076.1476585858,10259.6005178186,10181.3263368471,10183.0287299343,10120.2716934771,10066.663499181,10340.8865975829,10327.0581777927,10261.8516061291,10193.1049681645,10177.9914063842,10174.0422344297,10150.0187634295,10189.0082189691,10118.0312098044,10259.1253726876,10227.2557287153,10219.1883722701,10203.1982689581,10214.616072367,10214.685334045,10216.6482376726,10254.2546061921,10268.8552754742,10278.6250005591,10281.5756488387,10282.2772333564,10280.963088477,10278.707723396,10271.989256137,10254.9454152537,10190.7850784463,10188.2186304431,10156.0860567187,10142.4998022378,10137.5632782123,10141.5887056252,10188.0242754123,10264.8175125819,10285.4548306526,10309.9078865321,10308.0855276493
12,12,"55",931296729.942695,985987663.586088,1064547762.77028,1083342354.9001,1094145889.27083,1092955111.99494,1093814803.56935,1092293698.44749,1113719389.61504,1135626746.93716,1129983392.95318,1129177502.29682,1124568826.29388,1115868026.16859,1371590711.70616,1364495015.14869,1368738420.67231,1371313329.53674,1376805248.9175,1382914815.00046,1386243629.04971,1393070246.40071,1395139309.8616,1483360662.67703,1481813256.04187,1471435494.70507,1470626127.03593,1472504285.02107,1482213785.90563,1485312671.03703,1481939531.18907,1482512133.56299,1484469811.96971,1483403120.24756,1485249029.12104,1487618820.82124,1488054473.0092,1489688958.13723,1482280763.23931,1479451594.62119,1482959222.956,1481475372.36265,1483009908.71096,1482552945.64636,1482483406.7726,1482869130.39531,1482506783.29637,1483471314.51843,1495329826.73734,1495421534.58249
12,12,"56",1476408068.71271,1479267908.07419,1481181631.17838,1483194517.92798,1481765795.71072,1481884230.3213,1483636984.35104,1486666292.22111,1486181698.73905,1484736749.77242,1482855222.02545,1481779936.09399,1480450102.15258,1480953897.9318,1482166223.36453,1481573249.4322,1482789268.41497,1482635230.1584,1488242071.44208,1492229234.1122,1495469864.41066
12,12,"57",321.105974016497,306.428849057449,301.981387484074,244.629413947006,256.99634773347,274.915228839449,291.987154725784,344.433366189185,309.363627456992,360.008139536094,321.998930775011,319.435551252807,296.851214103046,236.522140513696,225.776676917083,255.079843703529,216.229748213764,255.132134303316,250.451144730475,353.887085886064,385.048267781341,344.812796284112,337.217927316243,339.835942886812,336.526814697552,213.505410696857,179.781157968044,170.42115227411,248.426797862762,153.030118756752,205.06425280324,193.913558397057,178.973636568355,170.348134470707,179.163534516382,193.074760920788,199.407063271436,192.284937538763,176.82863398549,160.088453587057,175.97763557,172.99410888057,179.716441541467
12,12,"58",42026.0036460919,36388.9668206263,37376.1218417286,38479.8755550247,35799.7480286295,32789.7337682375,29299.6368658368,28508.0096366948,27306.2015015954,24202.4594235322,20902.1740907797,19878.3101599796,17833.6963405155,16183.8418356861,14410.5047695538,14460.3316595306,13114.2206809258,12163.1600358696,12621.5270025113,13491.9380093544,13068.369452407,12358.1325970681,8560.87653661677,11097.4776566211,10748.4695904346,10688.6331206713,10228.68808637,10450.7669697213,9682.70012694894,8984.15186415153,8027.75606300548,4422.91543338948,3558.69777816832,3854.16214568933
12,12,"59",2687.05383212626,2277.11858733882,2610.46154588525,2459.4679348951,2274.2984105373,2189.49884026369,2004.57862438615,1918.31114159183,1692.82587831946,1399.94173529797,1442.23001758077,1387.99804008066,1311.73050793288,1218.19171379963,1141.51745684372,968.195683397956,884.499041524939,647.7077944547,400.440734579764,487.65650791966,443.955556326309,513.995452556516,519.842822661877,463.421440937041,409.201644530364,392.484107868315,471.04960884682,444.475300000212
12,12,"60",48777.8390340714,51223.9969273418,49857.7640976971,48719.7941079581,48543.9324672486,40767.8421280098,38166.4594861341,33003.5347240892,29201.7687328907,27907.7544469026,27785.9250357816,26204.6335512864,24421.8008001136,23082.9545468599,26805.7572010287,31232.7755036969,26288.5483817677,18519.5604461762,25941.5206360684,33106.8347333655,30248.3030434876,39776.8057252175,43914.7049549247,43356.4406188518,39334.5837256892,40748.5862725501,39520.3162724744,42825.3081986439,44934.936078641,41090.2934718156,39493.7076741934,38253.5500175262,39477.7907115154,36778.2352458673,38211.5496176197,37183.62134804,36498.2233478555,36286.1593792297,35573.8032456013,34804.214252756,35152.2172916641,33475.2838313254,33322.4061954666,32645.3889441965,33065.5144296837,32552.861599752,32641.0524897315,32514.7243955441,32024.4597672434
12,12,"61",14218.750492611,13330.9332712091,12953.3557960864,12130.5012489067,11934.6875514346,11597.3862559818,10333.1441641871,9774.51726173438,10667.451167102,11194.2891103464,11862.1671120838,11205.5874860424,11353.3898638191,13709.6942112421,13667.3824161484,12317.0084087771,12577.9304111213,12302.9952266628,12050.3227977498,12278.6439254118,12555.0717057764,12925.8615470704,20378.7396585569,19531.528549625,18000.3241397669,18998.3775794177,24689.7743219387,22627.8485346669,30625.1921850582,27473.7646941941,31277.3392455861,33068.0380529705,37160.9981128897,40851.4603966851,39560.8879371155,46978.9232060394,56686.956318856,65732.6422250787,66315.668624313,71152.226565429,75175.7521475071,73667.6038473925,73275.9159261428,74450.101508654,77843.8345117502,77689.4367859558,83080.1862098257,83908.434410934,83171.9761257282,91594.1459240685,85533.2040877775,83865.0389930041,80031.3894805582,67516.7973298503,59603.7191600993,66243.7890870125,62114.6911157581
12,12,"62",3369.01602166798,3413.3293461976,3488.50258308259,3450.00294075851,3607.00805015736,3631.60259673893,3452.19415023294,3444.48489510727,3437.83193273317,3325.86474227073,3219.01432327455,3135.68649664361,3127.0324351721,3121.56966366901,2995.57123035863,2889.15595894778,2942.14005809135,2862.98333540245,2941.9909429166,3394.03870420112,4455.49902526111,5183.1474607369,4539.35172691728,4816.07043173602,4054.87700516534,4323.82820566585,4793.66399250422,4392.71072767296,5130.97836557463,5889.47864851775,6025.06106436863,5733.45141061951,5685.68879371127,5461.17393219601,5264.47628026983,5589.93442862218,5531.38507304833,5255.59581285757,5117.25126377331,4094.85003527471,4774.57309737928,4537.69346903469,4618.0426432993,4545.32520446905,4789.22532938034,4454.98044908803,4155.84201159321,4075.12464374177,3649.52905741444,3263.48989500642,3145.25123418209,2717.43808985997,2724.1250471689,2636.80004470373,2513.51703627923,2332.31153620922,2177.82677184249
12,12,"63",681.497802964834,587.809832757145,586.299879545272,604.392001197746,554.429702149556,575.047807470348,546.935993497775,541.163192432471,570.705216103581,496.192233874283,403.90940788834,439.488785683452,339.651232402916,409.199810833736,392.160518334064,399.786093440115,386.416815821893,412.216688133739,509.383397198971,541.03513413337,518.825814887519,554.209196551155,506.701128824142,485.683858838985,460.053849535611,475.611055051967,495.220571005458,502.302325363723,454.878611460995,445.594667713368,458.099406241561,468.922953818319,464.298618645267,457.288225908219,437.361014835148,421.426553805292,409.01566487817,408.935923280803,403.548388820788,343.562152592923,346.09311224987,348.209067624702,320.120990153185,333.633318267267,467.791910097615,431.279669764847,389.161377600479,370.23639827856,255.208071568785,217.391249795663,210.033491210185,206.32205487826,205.196228828977,141.605935550513,208.754705192616,164.311252560867,132.098531156945
12,12,"64",1285.13705080546,981.380513029265,981.404839891642,963.038553821649,890.402337476473,841.614730510152,821.059308122487,724.295604160945,774.849764525218,805.648805404958,667.808425157817,657.034052419202,596.054889018708,517.395161375308,484.506377615958,529.708558421881,529.077229871894,483.983073673294,434.673810208692,479.078407451425,564.590648038712,696.696103560521,662.476901728986,609.596552455977,662.167121101077,692.077670634785,686.022817936427,564.853515142291,552.195503772773,549.015015409579,581.542222214348,536.033143181559,475.153380920411,502.288382546185,483.077445681407,501.763348963918,474.62123283674,321.267273998225,452.578354112779,412.749832530971,333.694511527372,252.268974428952,209.49018462886,172.401387142954,145.365855135798
12,12,"65",41.8168915263185,41.2011884728515,42.2529144847734,40.0732467477738,41.3588037132997,44.2114931785271,72.1551102526283,373.495929307464,519.541347899022,440.55998365962,481.171799970938,491.05570719339,628.110152703309,764.059404995296,481.835105505552,264.006002158935,543.050777652658,617.272880039078,861.877928240938,673.479932073916,616.385111670861,824.023033161113,667.074692647502,659.795553976342,602.973697883237,600.587055635767,585.441262966292,579.703525694462,566.738418704051,566.906084829236,568.72450529244,551.205885903993,538.572559423707,542.725776172956,507.225971789856,474.619245943292,454.90202245978,329.900615588076,295.163344579454,301.742983659709,395.841423713996,401.744341804414,352.369314010861,344.525160896087,346.680479918363,294.94549224204,235.721571723471,298.158617043898,268.616430256429,231.304326541708,277.200905812878,233.666184398086,199.0160756755,170.587688600144,164.419894725071,138.386441504963,153.238511331617
12,12,"66",3716.55398302959,4047.64086835096,4208.45311905695,3933.06042022652,4165.63719338233,3652.74411167616,3617.98024521454,3809.48039861692,4212.09122739107,4135.94127020715,3863.51504060041,4566.37934755006,5838.49168969773,6978.2102830418,6097.97402312334,4996.55782294834,6541.65375353929,8282.09550901811,10314.517099773,10705.6225222247,11933.7330083023,12638.5208014654,12671.3644383988,13832.9647763697,11687.7201995566,13867.1301738323,13787.6363178682,12642.1585523032,13147.4424916613,12948.4600271187,14105.6015000099,13964.9348813345,15338.8855699035,15169.7007795052,14343.3098267179,14611.1172463443,14890.9063803834,15209.7017011603,15530.4275296875,15110.9245797438,15278.6440438974,15165.0789334116,15171.5975694029,15295.9661573947,15479.3550771614,15379.9247545843,15146.4947323893,14708.0854237827,14243.0679706563,13817.6139529083,13619.969424621,12983.3264727935,12585.3311916093,12160.1043414582,10877.5627280356,9707.21354124312,9374.26967636397
12,12,"67",47536.4628850223,38202.1696392483,38834.7020800569,33766.1791915999,33457.710021939,33420.0107293762,34976.7812776212,30191.5680506652,27269.7159890102,35659.2139767503,52005.1619635124,41664.7043934363,27243.3976187766,34125.1321753914,34899.3713398807,34735.9166089052,36889.7233634744,62210.5324608734,68484.2114496597,67692.5512635481,62944.7633387354,61123.9973936302,51330.8575201795,52898.0882900967,59290.1753446466,50433.0277930508,56071.1682602026,49797.8757563622,46208.280338698,44497.5366329876,55428.5972218851,54540.4171566877,50388.2205545191,50830.3705154102,48847.3833831039,47559.6361389322,48357.179053691,47928.0200111561,48732.3748333041,47640.0320998222,47584.8626180835,46702.3201735937,46221.4839574467,45708.9787963014,45067.532838263,43989.4787789359,42002.8689973239,37881.5205016759,36877.4475569421,33099.0948703259,35252.4113281464,35738.4294174798,35535.0736810671,35382.3787424339,37074.4272841155
12,12,"68",140277.091375268,140005.210507698,138687.486849468,136224.455368193,138017.816674081,133533.572352862,120880.211594728,111783.075375136,88969.2296849284,80968.1883157998,82631.4922275108,70810.4343660826,72852.9846358367,72709.3973552616,72654.7668712079,71911.0998859526,69797.0568280211,70016.6722043669,65425.7542688965,58910.5982169205,41361.8511479983,45912.8823827296,42507.0825661363,29514.6650354387,37410.2178204507,37290.4467672497,38729.6894139198,39508.8986832981,40111.177420729
12,12,"69",71023.9517960119,71531.0425532486,68261.2661754278,62829.2531868789,53572.7381558997,51108.9350300322,49864.7567893716,42889.4275608804,43790.7073392056,47242.9817349172,42717.7428698385,42885.2941051504,39139.4405102062,37831.7130723991,35669.6954054047,33876.3226112488,30499.6334512489,29595.6076935324,25903.518017795,23087.6488811301,24512.621640735,24643.7596983771,19128.7666735345,22634.785877259,22357.9131451699,22265.5967699686,21379.7665970667,20747.9431282091
12,12,"70",57821.3432707472,53706.6234065233,55860.4946126593,49080.7407765314,51647.0690206344,43949.3683530214,42636.8893305747,40298.2331205537,37279.1876296001,35320.4817995065,33021.6670667767,37604.0883570506,46361.8756554854,47283.8622650768,39604.5210868218,31079.4588316311,38143.1759403236,45504.8622788838,58976.7128397932,64476.8354021073,76017.0375501096,81406.1970885485,64901.1171656534,70454.1121224461,72233.1098071866,73802.346513734,76788.0618973752,67652.0702293277,73746.8194660622,74245.8965951924,70940.4147292647,61716.9591256861,56903.6203357032,55129.9888817718,52597.4180933023,51816.4283370949,47331.6555493993,44912.5376037446,46087.634429256,39801.6971493624,41867.2175669499,36914.7094873059,34742.0832226,32814.2049179146,31392.0924632148,29519.3853320241,25732.6406773119,24219.825974728,23788.0865077072,22823.3481194034,23756.2658878546,21412.5571278129,21856.0820959807,21340.0449968256,21198.1906170872,19900.2752997252,19763.7473894933
12,12,"71",128381257.758386,126992155.621164,120125626.964385,119943293.980003,123584774.49336,126620255.075397,137816308.6163,126768330.865405,123577293.907875,123091483.458207,123298597.576128,123674682.131438,124731720.320234,118418393.459407,118857642.732347,123517845.525905,124250577.156563,125583696.439452,123542589.946668,120194091.976416,116399699.677586,113055412.750221,110845156.789233,111508603.716845,106949173.497756,95337568.8289713,103350098.908756,104431040.40235,103769083.742067,101981406.027522,99256166.0195117,98067080.0290264,93902538.9990834
12,12,"72",22961123.3713231,21876941.2552064,21321184.8966621,20477775.5566519,19808099.8418034,18795100.7077038,18052692.8381585,16909142.5284295,16415483.4489068,15067582.8310713,14629974.612979,14952442.1326287,15163619.4509376,14719643.0604507,14071926.8929359,14627576.279131,15303679.6768236,14530101.4917116,13241179.7527686,12662423.3102681,10927853.4924662,8371908.40692025,9807933.3465642,8341463.42252572,8154742.91170799,7885961.76950394,7645797.85716024,8205325.84039542,7746015.17877243,7267102.31362376,7244864.38232878,6384962.1719732,5712644.02192497
12,12,"73",27998417.6832261,28276114.5782879,28681469.5428992,29276950.8375523,34754891.2667937,33734106.7498908,35782991.8092754,36807555.0955318,38912796.923221,39014308.4293885,34888153.8539475,33559961.717848,30409745.9297173,27196535.9267979,31166789.0567019,30965532.9783133,29681964.1653648,25826353.9815595,28033691.9191362,27070116.1089993,26140355.5839571,25484601.1223392,24482808.7840594,21692912.2504636,20510509.1920381,18950043.4397741,20868771.0307259,20484885.805159,19912816.182231,19222790.7029594,18247514.2700152,17460798.65519,16514268.8933965