"","V1","V2","V3","V4","V5","V6","V7","V8","V9","V10","V11","V12","V13","V14","V15","V16","V17","V18","V19","V20","V21","V22","V23","V24","V25","V26","V27","V28","V29","V30","V31","V32","V33","V34","V35","V36","V37","V38","V39","V40","V41","V42","V43","V44","V45","V46","V47","V48","V49","V50","V51","V52","V53","V54","V55","V56","V57","V58","V59","V60","V61","V62","V63","V64","V65","V66","V67","V68","V69","V70","V71","V72","V73","V74","V75","V76","V77","V78","V79","V80","V81","V82","V83","V84","V85","V86","V87","V88","V89","V90"
"1",NA,NA,NA,NA,NA,NA,NA,NA,NA,NA,NA,NA,NA,NA,NA,NA,NA,NA,NA,NA,NA,NA,NA,NA,NA,NA,NA,NA,NA,NA,NA,NA,NA,NA,NA,NA,NA,NA,NA,NA,NA,NA,NA,NA,NA,NA,NA,NA,NA,NA,NA,NA,NA,NA,NA,NA,NA,NA,NA,NA,NA,NA,NA,NA,NA,NA,NA,NA,NA,NA,NA,NA,NA,NA,NA,NA,NA,NA,NA,NA,NA,NA,NA,NA,NA,NA,NA,NA,NA,NA
"2",1081.44413231412,1087.14823920942,1092.88243257383,1098.64687109925,1104.44171431461,1110.2671225903,1116.12325714258,1122.01028003802,1127.92835419805,1133.87764340342,1139.85831229875,1145.87052639707,1141.99956731374,1146.46854895292,1150.95501903734,1155.45904600444,1159.9806985595,1164.52004567664,1169.07715659992,1173.65210084436,1178.244948197,1182.85576871801,1187.48463274169,1192.13161087761,1231.96270844642,1236.56334269064,1241.18115751614,1245.81621708198,1250.46858578683,1255.13832826982,1259.82550941149,1264.53019433466,1269.25244840536,1273.99233723369,1278.74992667481,1283.52528282976,1348.94075368398,1354.86388088418,1360.81301622132,1366.78827389573,1372.78976860921,1378.81761556721,1384.87193048103,1390.95282957006,1397.060429564,1403.19484770512,1409.35620175045,1415.54460997414,1399.10926963705,1403.74397593149,1408.37868222593,1413.01338852038,1417.64809481482,1422.28280110926,1426.9175074037,1431.55221369814,1436.18691999258,1440.82162628702,1445.45633258146,1450.0910388759,1478.58241493404,1483.08235333025,1487.58229172645,1492.08223012266,1496.58216851886,1501.08210691506,1505.58204531127,1510.08198370747,1514.58192210367,1519.08186049988,1523.58179889608,1528.08173729229,1590.6951273347,1596.32906299241,1601.98295296472,1607.65686792596,1613.35087880078,1619.06505676505,1624.79947324669,1630.55419992665,1636.32930873974,1642.12487187553,1647.94096177931,1653.77765115292,1664.14502179038,1669.71118422535,1675.29596412686,1680.89942376582,1686.52162562144,1692.1626323819
"3",561.950940283007,563.277717733688,564.602934252317,565.92659715829,567.24871371115,568.569291111286,569.888336500617,571.20585696327,572.521859526245,573.83635116007,575.149338779448,576.460829243894,579.438877532068,580.656260292662,581.872367711112,583.087205113851,584.300777788502,585.513090984287,586.724149912417,587.93395974649,589.142525622873,590.349852641089,591.555945864186,592.760810319115,606.496998774336,607.901063824924,609.303508188535,610.704339319812,612.103564613604,613.501191405645,614.897226973226,616.291678535863,617.684553255944,619.075858239378,620.465600536224,621.85378714132,649.206962372674,650.637883746522,652.06722795329,653.495001911666,654.921212487408,656.345866493925,657.768970692844,659.190531794571,660.610556458841,662.029051295266,663.446022863869,664.861477675618,666.04306421072,667.613785599303,669.182661246934,670.749699798435,672.314909828021,673.878299840116,675.43987827017,676.999653485448,678.557633785819,680.113827404527,681.668242508953,683.220887201364,691.478915530668,692.970622131142,694.465546745256,695.963696315133,697.465077797874,698.969698165587,700.477564405419,701.988683519595,703.50306252544,705.020708455421,706.541628357175,708.065829293542,711.195929815966,712.579855994529,713.966475174539,715.355792596344,716.747813510493,718.142543177748,719.53998686911,720.940149865837,722.343037459464,723.748654951822,725.15700765506,726.568100891662,735.430566380974,736.659927246435,737.888263017894,739.115577105639,740.34187290016,741.567153772301
"4",1179.64612120612,1175.34904864833,1171.05197609055,1166.75490353277,1162.45783097498,1158.1607584172,1153.86368585942,1149.56661330163,1145.26954074385,1140.97246818607,1136.67539562828,1132.3783230705,1149.92654720947,1146.81893453057,1143.72414524677,1140.64212644303,1137.57282542264,1134.51618970637,1131.47216703153,1128.44070535108,1125.42175283277,1122.41525785821,1119.42116902203,1116.43943513096,1061.23887488207,1058.14290825155,1055.06045253961,1051.99144878409,1048.93583828011,1045.89356257902,1042.86456348721,1039.84878306505,1036.84616362575,1033.85664773426,1030.8801782062,1027.91669810673,1011.25138559557,1007.60879355008,1003.98615222261,1000.38335234177,996.800285234644,993.236842823515,989.692917622624,986.168402734919,982.663191848828,979.177179235053,975.710259743386,972.262328799532,950.751876875134,947.638330110801,944.524783346468,941.411236582136,938.297689817803,935.184143053471,932.070596289138,928.957049524805,925.843502760473,922.72995599614,919.616409231808,916.502862467475,877.931089299935,874.491368007049,871.072126456738,867.673242714747,864.294595572803,860.936064544296,857.597529859981,854.278872463706,850.979974008165,847.700716850682,844.440984049014,841.200659357178,817.405984164502,814.035889401547,810.68703011307,807.359272491149,804.052483571004,800.76653122569,797.501284160811,794.256611909278,791.032384826095,787.828474083177,784.644751664208,781.481090359516,764.614274536359,761.6543235584,758.711887003507,755.786861236513,752.879143235473,749.988630588038
"5",592.584191789747,593.290365883759,593.997824535994,594.706570083114,595.416604866031,596.127931229914,596.8405515242,597.5544681026,598.269683323104,598.986199547993,599.704019143844,600.423144481541,595.489295258068,595.883594032873,596.277892807677,596.672191582482,597.066490357286,597.460789132091,597.855087906895,598.2493866817,598.643685456504,599.037984231309,599.432283006113,599.826581780918,605.403649931313,605.679182119901,605.95456028816,606.229784678061,606.504855530956,606.779773087571,607.054537588013,607.329149271772,607.603608377721,607.877915144119,608.152069808617,608.426072608253,630.610743033979,631.878322204186,633.148449312198,634.42112947958,635.696367838188,636.974169530198,638.254539708117,639.537483534814,640.823006183533,642.111112837916,643.401808692027,644.695098950369,670.945061316564,672.928700600793,674.920955729537,676.921864125313,678.931463373183,680.949791221456,682.9768855824,685.012784532954,687.05752631544,689.111149338287,691.173692176745,693.245193573618,750.800656704477,754.242980855116,757.701087617894,761.175049354051,764.664938756594,768.170828851819,771.692793000839,775.230904901115,778.785238588004,782.355868436305,785.942869161815,789.546315822895,876.9758345092,881.883914372797,886.819462778855,891.782633457722,896.773581000113,901.792460861924,906.839429369075,911.914643722379,917.018262002441,922.150443174575,927.311347093764,932.501134509632,1006.29471773812,1014.19240305701,1022.18214781188,1030.26502509434,1038.44212050447,1046.71453229669
"6",511.011337561388,511.094676901247,511.178029832675,511.261396357888,511.344776479103,511.428170198538,511.511577518409,511.594998440936,511.678432968336,511.761881102829,511.845342846633,511.928818201967,516.841688009986,517.051181210437,517.26061410255,517.469986745435,517.679299198104,517.888551519469,518.097743768344,518.306876003445,518.51594828339,518.724960666701,518.933913211799,519.142805977012,509.805346865105,509.6205051343,509.435663403495,509.250821672691,509.065979941886,508.881138211081,508.696296480276,508.511454749472,508.326613018667,508.141771287862,507.956929557058,507.772087826253,511.86595437784,511.894100890739,511.922250160463,511.950402187284,511.978556971471,512.006714513294,512.034874813024,512.06303787093,512.091203687283,512.119372262353,512.147543596409,512.175717689723,507.92840193613,507.823104333042,507.717806729953,507.612509126865,507.507211523776,507.401913920688,507.296616317599,507.191318714511,507.086021111422,506.980723508334,506.875425905245,506.770128302157,513.772962683686,513.930755149721,514.088621025606,514.246560345493,514.40457314355,514.562659453963,514.72081931093,514.879052748668,515.03735980141,515.195740503402,515.354194888909,515.512722992211,528.393666722362,528.787804245515,529.181941768667,529.57607929182,529.970216814973,530.364354338126,530.758491861278,531.15262938443,531.546766907583,531.940904430736,532.335041953888,532.729179477041,586.182927253833,587.642310277057,589.107558778587,590.578696332659,592.055746608252,593.538733369478
"7",1319.36459676144,1319.50649939084,1319.64840202025,1319.79030464965,1319.93220727906,1320.07410990846,1320.21601253786,1320.35791516727,1320.49981779667,1320.64172042608,1320.78362305548,1320.92552568489,1305.06854850352,1304.57707882046,1304.08560913739,1303.59413945433,1303.10266977126,1302.6112000882,1302.11973040514,1301.62826072207,1301.13679103901,1300.64532135595,1300.15385167288,1299.66238198982,1273.0431082128,1271.57848611635,1270.1155490515,1268.65429507967,1267.19472226446,1265.73682867172,1264.28061236953,1262.82607142818,1261.37320392019,1259.92200792029,1258.47248150542,1257.02462275476,1267.43170537727,1266.72687545185,1266.02263621685,1265.31898717723,1264.61592783837,1263.91345770606,1263.21157628651,1262.51028308636,1261.80957761262,1261.10945937276,1260.40992787463,1259.71098262651,1195.71717874405,1193.60750414503,1191.497829546,1189.38815494698,1187.27848034796,1185.16880574894,1183.05913114991,1180.94945655089,1178.83978195187,1176.73010735284,1174.62043275382,1172.5107581548,1114.71671562154,1110.89209138112,1107.08742699676,1103.30261830246,1099.53756167584,1095.79215403527,1092.0662928371,1088.35987607284,1084.67280226635,1081.00497047107,1077.35628026726,1073.72663175924,1017.21117243011,1013.17804095721,1009.1449094843,1005.11177801139,1001.07864653849,997.045515065581,993.012383592674,988.979252119768,984.946120646862,980.912989173956,976.87985770105,972.846726228144,811.845812192316,803.520073649326,795.194335106336,786.868596563346,778.542858020357,770.217119477367
"8",293.445709403531,294.200062062364,294.954414721197,295.708767380031,296.463120038864,297.217472697697,297.971825356531,298.726178015364,299.480530674197,300.234883333031,300.989235991864,301.743588650697,326.741043984649,328.201332299047,329.668147011032,331.141517288725,332.621472430606,334.108041866097,335.60125515615,337.101141993828,338.607732204903,340.121055748445,341.641142717419,343.168023339283,383.86364835046,386.530467110446,389.215813080105,391.919814973657,394.64260239954,397.384305866622,400.145056790454,402.924987499575,405.724231241849,408.542922190852,411.381195452309,414.239187070562,445.506705493708,448.987538716046,452.49556838632,456.031006995834,459.594068696125,463.184969311939,466.803926354306,470.451159033714,474.126888273382,477.831336722653,481.564728770467,485.327290558965,483.572943839643,486.078749016288,488.578111709546,491.071097667202,493.557771471737,496.038196569616,498.512435299616,500.980548920252,503.442597636322,505.898640624607,508.348736058771,510.792941133473,514.688752030369,516.632002223364,518.571602197009,520.507579215203,522.439960187481,524.368771675558,526.294039899712,528.215790745023,530.134049767461,532.048842199831,533.960192957577,535.868126644457,529.910075919394,531.42231743003,532.932406994853,534.440356801414,535.946178916996,537.449885290303,538.951487753114,540.450998021916,541.948427699495,543.443788276513,544.937091133045,546.428347540094,534.145286668817,534.919729953031,535.69584025846,536.473621173437,537.253076294017,538.034209223997
"9",337.687339781632,337.914382250516,338.141577370319,338.368925243676,338.596425973288,338.824079661928,339.051886412438,339.279846327728,339.507959510777,339.736226064635,339.964646092419,340.193219697317,344.088479214976,344.459093852644,344.830305074414,345.202113840616,345.574521113126,345.94752785537,346.321135032322,346.695343610513,347.070154558026,347.445568844505,347.821587441155,348.198211320742,443.531964757738,446.331545721807,449.158829166375,452.014089213688,454.897602698496,457.809649194888,460.750511043403,463.720473378403,466.719824155716,469.74885418056,472.807857135736,475.897129610099,492.441087362627,496.128112369682,499.80148733813,503.461412188612,507.108081773249,510.74168605724,514.362410292097,517.970435180976,521.565937036556,525.149087931855,528.720055844393,532.279004794036,494.368840854965,495.916319654263,497.461387731626,499.004060039078,500.544351367104,502.082276347132,503.617849453967,505.151085008173,506.68199717841,508.21059998373,509.736907295816,511.260932841192,491.624463030862,491.876887397087,492.129311763312,492.381736129537,492.634160495763,492.886584861988,493.139009228213,493.391433594438,493.643857960663,493.896282326889,494.148706693114,494.401131059339,488.757739260883,488.726366896098,488.694994531313,488.663622166528,488.632249801744,488.600877436959,488.569505072174,488.538132707389,488.506760342604,488.475387977819,488.444015613035,488.41264324825,489.687883753859,489.692965142633,489.698046929141,489.703129113412,489.70821169548,489.713294675374
"10",837.812429171888,836.74798806598,835.685558694422,834.625137255149,833.566719953281,832.510303001109,831.455882618085,830.403455030803,829.353016472991,828.304563185495,827.258091416263,826.213597420337,805.138466876998,802.795230654538,800.448567302167,798.098456688832,795.744878475638,793.387812112767,791.027236836338,788.66313166521,786.295475397715,783.924246608339,781.549423644325,779.170984622214,720.894050874174,717.323494095357,713.744025197871,710.155554548549,706.557990924672,702.951241473392,699.335211669801,695.709805273575,692.074924284158,688.430468894406,684.776337442631,681.112426362975,625.687037932965,621.18250929257,616.661580717933,612.124010792694,607.569551812048,602.997949546101,598.408942991516,593.802264110727,589.177637557946,584.534780391137,579.873401769049,575.193202632357,548.989521837412,544.254487984212,539.498765398093,534.721987694205,529.923776979801,525.103743330821,520.261484237079,515.396584013748,510.508613176538,505.597127777807,500.661668700541,495.701760906856,501.65029491122,498.804051643778,495.982467574185,493.185329060813,490.412424312981,487.663543374909,484.938478109829,482.237022184222,479.558971052192,476.904121939985,474.272273830631,471.663227448725,487.101424271635,485.166096959573,483.242758294288,481.331334010485,479.431750302917,477.543933823534,475.667811678647,473.803311426122,471.950361072574,470.108889070591,468.278824315973,466.460096144983,470.221395229172,469.213665759642,468.208095950846,467.204681174425,466.203416811938,465.204298254842
"11",17.3398819274611,17.3732755669014,17.4067335167656,17.4402559009043,17.4738428434071,17.5074944686022,17.5412109010574,17.5749922655804,17.6088386872192,17.6427502912626,17.6767272032409,17.7107695489258,18.3057160352561,18.3479412477946,18.390166460333,18.4323916728715,18.47461688541,18.5168420979485,18.5590673104869,18.6012925230254,18.6435177355639,18.6857429481023,18.7279681606408,18.7701933731793,19.9450936923437,19.9451537294044,19.9452137664651,19.9452738035257,19.9453338405864,19.9453938776471,19.9454539147078,19.9455139517685,19.9455739888292,19.9456340258898,19.9456940629505,19.9457541000112,20.9879258079916,21.0575493705662,21.1270579915791,21.1964524262181,21.2657334210306,21.3349017140642,21.4039580350043,21.4729031053089,21.5417376383402,21.6104623394943,21.6790779063268,21.7475850286777,20.4782421396071,20.5112518835066,20.5442350112448,20.5771916083374,20.6101217598204,20.6430255502541,20.675903063727,20.7087543838592,20.7415795938065,20.7743787762638,20.8071520134689,20.8398993872059,16.6938494813316,16.5973652527549,16.5008810241782,16.4043967956016,16.3079125670249,16.2114283384482,16.1149441098715,16.0184598812948,15.9219756527181,15.8254914241414,15.7290071955648,15.6325229669881,14.8389844580029,14.7194572781158,14.6013979462285,14.4847884365014,14.3696109444606,14.2558478842793,14.1434818860925,14.032495793345,13.9228726601719,13.8145957488113,13.7076485270485,13.6020146656919,12.0665019275498,11.9542911100627,11.8436535489129,11.7345671861959,11.6270102732708,11.5209613664245
"12",501.086485959851,498.392030084521,495.712062910578,493.046506528982,490.395283449631,487.7583165991,485.135529318409,482.526845360789,479.932188889468,477.351484475467,474.784657095401,472.231632129308,463.686878916643,461.226378338572,458.778934121098,456.344476982158,453.922938007328,451.51424864787,449.118340718794,446.735146396922,444.364598218975,442.006629079657,439.661172229762,437.328161274279,428.693050801093,426.499737645472,424.31764609139,422.146718726006,419.986898430217,417.838128377159,415.700352030711,413.573513144003,411.457555757944,409.352424199742,407.258063081443,405.174417298476,448.791865974338,448.253978970321,447.716736635807,447.180138198145,446.64418288561,446.108869927403,445.574198553648,445.040167995391,444.506777484602,443.974026254168,443.441913537898,442.91043857052,457.03409051876,457.699909366116,458.366698195245,459.034458419242,459.703191453258,460.372898714509,461.043581622273,461.715241597895,462.387880064795,463.061498448463,463.736098176466,464.411680678452,471.340520163387,472.186648410635,473.035025224097,473.885656579287,474.738548467595,475.593706896338,476.451137888793,477.310847484245,478.172841738031,479.037126721575,479.90370852244,480.772593244364,493.432084876311,494.386285233383,495.342330825795,496.30022522187,497.259971996829,498.221574732808,499.185037018869,500.150362451015,501.117554632205,502.086617172361,503.05755368839,504.030367804191,513.827178176303,514.947267167598,516.071000066152,517.198388726435,518.32944504148,519.464180943012
"13",260.39844488322,260.154053982262,259.909546071259,259.664920927878,259.420178329048,259.175318050953,258.93033986903,258.68524355797,258.440028891705,258.194695643415,257.949243585515,257.703672489658,261.459432011466,261.272117858823,261.084937901347,260.897892042896,260.7109801874,260.524202238857,260.337558101333,260.151047678964,259.964670875955,259.778427596577,259.592317745172,259.406341226151,312.085317391755,313.584748141375,315.095154642474,316.616617236956,318.149216854823,319.693035018479,321.24815384707,322.814656060847,324.39262498557,325.98214455694,327.583299325061,329.196174458941,341.621928343388,343.733395806943,345.857913647186,347.995562524763,350.146423598863,352.310578530293,354.488109484587,356.679099135115,358.883630666232,361.101787776429,363.333654681516,365.579316117814,380.529685401292,382.289600508112,384.045473780534,385.797342094204,387.545241740002,389.289208437208,391.029277346272,392.765483081221,394.497859721711,396.226440824737,397.951259436006,399.672348100993,414.964507355831,416.91722939462,418.865388508313,420.809027046374,422.74818667518,424.682908393649,426.613232548415,428.53919884855,430.460846379861,432.37821361877,434.291338445802,436.200258158674,440.020704182248,441.974940372767,443.942088668757,445.922234383582,447.915463394296,449.92186214536,451.941517652396,453.974517505957,456.02094987533,458.080903512357,460.154467755284,462.241732532636,475.636710270148,477.620301128338,479.612164335167,481.61233438956,483.620845934315,485.637733756705
"14",702.29517231293,705.231959401852,708.18676898343,711.159711658203,714.150898705448,717.160442087339,720.18845445314,723.235049143422,726.300340194308,729.384442341734,732.487471025751,735.609542394843,752.693107016963,755.949704538767,759.226941524775,762.524948782519,765.843857948552,769.18380149371,772.544912728391,775.92732580788,779.331175737704,782.75659837902,786.203730454036,789.672709551471,811.713330555604,815.120608383951,818.542188727437,821.978131622829,825.428497358903,828.89334647751,832.372739774628,835.86673830144,839.375403365394,842.898796531291,846.436979622352,849.990014721315,867.782306399369,871.327618228471,874.887414376822,878.461754019896,882.050696574928,885.654301701897,889.272629304527,892.905739531273,896.553692776331,900.216549680631,903.894371132854,907.587218270441,904.503288621117,907.683865543927,910.864442466736,914.045019389545,917.225596312354,920.406173235164,923.586750157973,926.767327080783,929.947904003592,933.128480926401,936.30905784921,939.48963477202,945.598931681194,947.709723324135,949.825226733565,951.94545242722,954.070410946309,956.200112855576,958.334568743343,960.473789221572,962.617784925911,964.766566515749,966.92014467427,969.078530108504,971.091690393598,972.627498136619,974.165734801076,975.706404228374,977.249510265995,978.795056767501,980.343047592554,981.893486606917,983.446377682466,985.001724697204,986.559531535265,988.119802086925,1029.02806352301,1031.64150207762,1034.25494063223,1036.86837918684,1039.48181774145,1042.09525629606
"15",1305.82792442675,1308.50671596598,1311.18550750521,1313.86429904445,1316.54309058368,1319.22188212291,1321.90067366214,1324.57946520138,1327.25825674061,1329.93704827984,1332.61583981907,1335.29463135831,1372.79179019353,1373.07208028281,1373.35374345928,1373.63678644942,1373.92121601268,1374.20703894161,1374.49426206205,1374.78289223327,1375.07293634812,1375.36440133326,1375.65729414925,1375.95162179076,1393.76350044564,1397.52605033457,1401.30559363379,1405.10220709336,1408.91596781,1412.74695322863,1416.59524114395,1420.46090970201,1424.34403740181,1428.24470309688,1432.1629859969,1436.09896566929,1452.06746108372,1455.8263046536,1459.58514822349,1463.34399179337,1467.10283536326,1470.86167893314,1474.62052250303,1478.37936607291,1482.1382096428,1485.89705321268,1489.65589678256,1493.41474035245,1546.50701176119,1550.18610484461,1553.88053107025,1557.59035434116,1561.31563882669,1565.05644896366,1568.81284945741,1572.58490528298,1576.37268168618,1580.17624418474,1583.99565856945,1587.83099090531,1366.51331100334,1369.47554973115,1372.43458812052,1375.39043995694,1378.34311892233,1381.29263859614,1384.23901245644,1387.18225388099,1390.12237614831,1393.05939243872,1395.99331583541,1398.92415932539,1410.66504865903,1413.89700619404,1417.13636842764,1420.38315232466,1423.63737488878,1426.89905316263,1430.1682042279,1433.44484520542,1436.72899325522,1440.02066557668,1443.31987940856,1446.62665202911,1629.74454840929,1633.80311455415,1637.87843166349,1641.97056887376,1646.07959560674,1650.20558157075
"16",2023.51320843878,2020.16441798793,2016.82116958022,2013.48345404391,2010.15126222242,2006.82458497435,2003.50341317341,2000.18773770844,1996.87754948333,1993.57283941703,1990.27359844353,1986.97981751181,1926.25657980296,1922.91710170013,1919.58341312407,1916.25550403766,1912.93336442125,1909.61698427251,1906.30635360647,1903.00146245547,1899.70230086914,1896.40885891434,1893.12112667517,1889.8390942529,1817.99722633739,1814.20889512308,1810.42845800959,1806.65589854723,1802.89120032062,1799.13434694855,1795.38532208396,1791.64410941387,1787.91069265927,1784.18505557508,1780.46718195007,1776.75705560679,1731.71473758436,1729.50310081287,1727.29578079443,1725.09276910346,1722.89405733081,1720.69963708373,1718.50949998587,1716.32363767723,1714.14204181411,1711.96470406911,1709.79161613109,1707.62276970511,1627.06903315022,1624.01628141369,1620.9740009931,1617.94215597053,1614.92071055128,1611.90962906342,1608.90887595738,1605.91841580555,1602.9382133018,1599.96823326115,1597.00844061928,1594.05880043215,1537.91775186425,1534.02793940049,1530.14796533087,1526.27780477143,1522.41743290111,1518.56682496167,1514.72595625746,1510.89480215531,1507.07333808434,1503.26153953584,1499.45938206306,1495.6668412811,1430.25094770984,1426.09611698247,1421.95335589812,1417.82262939489,1413.70390251273,1409.59714039314,1405.50230827889,1401.41937151371,1397.34829554203,1393.28904590863,1389.24158825841,1385.20588833604,1356.63707316435,1355.2081043057,1353.7806406042,1352.35468047445,1350.93022233271,1349.50726459692
"17",1261.34203422305,1261.41586074552,1261.48973517536,1261.56365754366,1261.63762788153,1261.71164622009,1261.78571259049,1261.85982702391,1261.93398955153,1262.00820020456,1262.08245901423,1262.15676601179,1259.12245150918,1259.11592609821,1259.10940072105,1259.10287537772,1259.09635006821,1259.08982479251,1259.08329955063,1259.07677434256,1259.07024916831,1259.06372402788,1259.05719892127,1259.05067384847,1287.63488958204,1288.45200320637,1289.27058028596,1290.09062344186,1290.91213529984,1291.73511849034,1292.55957564853,1293.38550941429,1294.21292243224,1295.04181735172,1295.87219682684,1296.70406351643,1335.63287208359,1337.54192732066,1339.45098255774,1341.36003779481,1343.26909303189,1345.17814826896,1347.08720350604,1348.99625874312,1350.90531398019,1352.81436921727,1354.72342445434,1356.63247969142,1379.33571352738,1381.06202711069,1382.79368506218,1384.53070392711,1386.27310030193,1388.02089083448,1389.77409222414,1391.53272122198,1393.29679463095,1395.066329306,1396.84134215427,1398.62185013522,1485.0675878547,1489.15103511084,1493.23448236699,1497.31792962314,1501.40137687928,1505.48482413543,1509.56827139158,1513.65171864773,1517.73516590387,1521.81861316002,1525.90206041617,1529.98550767231,1660.87725974432,1668.64647956717,1676.45204209764,1684.29411733896,1692.17287608959,1700.08848994694,1708.04113131113,1716.03097338872,1724.0581901965,1732.12295656525,1740.2254481436,1748.36584140181,1880.56824827581,1892.34552294017,1904.19655413991,1916.12180378379,1928.12173667335,1940.19682052099
"18",812.012097180043,811.272720278281,810.533343376519,809.793966474757,809.054589572994,808.315212671232,807.57583576947,806.836458867708,806.097081965946,805.357705064183,804.618328162421,803.878951260659,812.485160212586,811.797524412346,811.109888612105,810.422252811865,809.734617011624,809.046981211383,808.359345411142,807.671709610902,806.984073810661,806.296438010421,805.60880221018,804.921166409939,811.841906846823,811.133810733393,810.425714619964,809.717618506534,809.009522393104,808.301426279675,807.593330166245,806.885234052815,806.177137939386,805.469041825956,804.760945712526,804.052849599097,807.721989948148,806.8585554302,805.995120912253,805.131686394305,804.268251876358,803.40481735841,802.541382840462,801.677948322515,800.814513804567,799.951079286619,799.087644768672,798.224210250724,810.620544703691,810.047214333972,809.474500238852,808.902401755897,808.330918223382,807.760048980295,807.189793366335,806.620150721911,806.051120388138,805.482701706843,804.914894020558,804.347696672523,814.854362853741,814.48268808571,814.111013317681,813.739338549651,813.367663781621,812.995989013591,812.624314245561,812.252639477531,811.880964709501,811.509289941471,811.137615173441,810.765940405411,812.744374189521,812.237831453423,811.731775692637,811.226206439,810.721123224797,810.216525582764,809.712413046086,809.208785148399,808.705641423783,808.202981406769,807.700804632335,807.199110635905,867.851134503669,869.050805924477,870.249573413496,871.447439574253,872.64440699726,873.840478260111
"19",1212.60822542562,1213.89838861419,1215.1899244811,1216.48283448684,1217.77712009341,1219.07278276441,1220.36982396496,1221.66824516178,1222.9680478231,1224.26923341876,1225.57180342013,1226.87575930016,1197.11407175542,1197.51119034796,1197.90824310279,1198.30523006355,1198.70215127383,1199.09900677717,1199.49579661706,1199.89252083693,1200.28917948016,1200.68577259009,1201.08230021001,1201.47876238316,1193.96051831344,1194.86521796533,1195.77060313524,1196.67667434262,1197.58343210729,1198.49087694949,1199.39900938983,1200.30782994932,1201.21733914938,1202.1275375118,1203.03842555879,1203.95000381294,1172.42540730284,1172.60454092313,1172.78365947091,1172.96276295103,1173.14185136831,1173.32092472759,1173.49998303369,1173.67902629145,1173.85805450568,1174.03706768122,1174.21606582287,1174.39504893546,1131.09882987148,1130.1845957103,1129.26999121209,1128.3550157764,1127.43966880106,1126.52394968219,1125.6078578142,1124.69139258977,1123.77455339984,1122.85733963362,1121.93975067856,1121.02178592038,1074.98533112999,1073.24622955013,1071.50994147314,1069.77646234735,1068.04578762846,1066.31791277953,1064.59283327097,1062.87054458048,1061.15104219311,1059.43432160121,1057.72037830441,1056.00920780962,978.407120155721,975.075012567404,971.742904979088,968.410797390771,965.078689802454,961.746582214138,958.414474625821,955.082367037504,951.750259449188,948.418151860871,945.086044272554,941.753936684238,857.607308876867,852.389525016113,847.171741155358,841.953957294603,836.736173433849,831.518389573094
"20",935.480502609692,937.552521928791,939.622253812812,941.689708328654,943.754895465939,945.817825137858,947.878507182,949.936951361182,951.993167364248,954.047164806873,956.098953232347,958.148542112352,1007.56742290071,1012.20214916748,1016.85819478924,1021.53565783325,1026.23463681787,1030.95523071464,1035.69753895035,1040.46166140916,1045.24769843467,1050.05575083206,1054.88591987022,1059.73830728385,1127.78328219955,1135.12237836473,1142.50923400051,1149.94415990363,1157.42746889333,1164.95947582454,1172.54049760111,1180.17085318917,1187.85086363054,1195.58085205621,1203.36114369999,1211.19206591212,1251.90994629715,1259.29695992976,1266.66236032882,1274.00639818432,1281.32931914171,1288.63136394569,1295.91276857869,1303.17376439434,1310.41457824604,1317.63543261104,1324.83654571001,1332.01813162247,1375.22005120861,1383.91829938764,1392.67156386848,1401.48019262848,1410.34453584596,1419.26494591412,1428.24177745501,1437.2753873337,1446.36613467239,1455.51438086476,1464.72048959026,1473.98482682863,1440.66553770734,1446.76921863106,1452.8600039308,1458.93800170431,1465.00331847393,1471.05605921917,1477.09632740843,1483.12422502991,1489.13985262161,1495.14330930067,1501.13469279185,1507.11409945532,1474.87450376729,1478.75999398752,1482.65572035612,1486.56170983976,1490.47798947616,1494.40458637426,1498.34152771441,1502.28884074859,1506.24655280055,1510.21469126604,1514.19328361296,1518.1823573816,1495.60370931679,1498.11576483568,1500.62565464465,1503.13338608766,1505.6389664653,1508.14240303512
"21",1018.40505371885,1018.43841798127,1018.47178224369,1018.50514650611,1018.53851076853,1018.57187503095,1018.60523929337,1018.63860355579,1018.67196781822,1018.70533208064,1018.73869634306,1018.77206060548,1068.95496870215,1070.63657697613,1072.31686491052,1073.99583664111,1075.67349628111,1077.34984792128,1079.0248956301,1080.69864345398,1082.37109541737,1084.04225552301,1085.71212775203,1087.38071606414,1225.4825469604,1232.63061887566,1239.75801450879,1246.86497097736,1253.95172068087,1261.01849143372,1268.0655065934,1275.09298518399,1282.10114201526,1289.09018779761,1296.06032925285,1303.01176922126,1462.76979415837,1475.35751816573,1488.05356461474,1500.85886566371,1513.77436149252,1526.80100037171,1539.93973873203,1553.19154123475,1566.55738084239,1580.03823889024,1593.63510515836,1607.34897794428,1458.78012036828,1464.03662806269,1469.2931357571,1474.54964345151,1479.80615114592,1485.06265884033,1490.31916653474,1495.57567422915,1500.83218192356,1506.08868961797,1511.34519731238,1516.60170500679,1447.42805033131,1448.788381979,1450.15062179287,1451.51477244952,1452.88083662936,1454.2488170165,1455.61871629887,1456.99053716812,1458.36428231973,1459.7399544529,1461.11755627067,1462.49709047985,1449.44189437937,1450.04607084228,1450.65012146007,1451.25404633753,1451.85784557928,1452.4615192898,1453.06506757342,1453.66849053431,1454.2717882765,1454.87496090386,1455.47800852011,1456.08093122882,1430.78543546755,1430.7854520722,1430.78546868153,1430.78548529555,1430.78550191427,1430.78551853769
"22",294.259710207472,293.880413046673,293.500866120802,293.121068777074,292.741020359719,292.360720209961,291.980167665994,291.599362062968,291.218302732966,290.836989004983,290.45542020491,290.073595655506,283.431169204838,282.966242168576,282.502077776556,282.038674777772,281.57603192327,281.114147966147,280.653021661543,280.19265176664,279.73303704066,279.27417624486,278.816068142529,278.358711498984,260.627909427041,259.606732647041,258.583541204218,257.55831911411,256.53105016901,255.501717933478,254.470305739746,253.436796682996,252.401173616515,251.36341914672,250.323515628049,249.281445157715,237.913829293189,236.651624599375,235.386036100246,234.117027262674,232.844560857772,231.568598941805,230.289102836426,229.006033108187,227.719349547301,226.429011145629,225.134976073836,223.837201657702,218.155243434135,217.120302589638,216.090271563189,215.065127062334,214.044845905118,213.029405019562,212.018781443145,211.012952322277,210.011894911791,209.015586574421,208.024004780295,207.037127106424,200.296158886567,199.330075031883,198.368650867227,197.411863917624,196.459691816501,195.512112305165,194.569103232285,193.630642553368,192.696708330252,191.767278730586,190.842332027323,189.921846598212,193.057599220492,192.521314972846,191.986520440164,191.453211484246,190.921383978389,190.391033807354,189.862156867331,189.334749065913,188.808806322059,188.284324566064,187.76129973953,187.239727795331,190.545378662285,190.333151215138,190.120805282573,189.908340599658,189.695756900422,189.483053917852
"23",225.73540343886,226.567106808039,227.397285191134,228.225949707215,229.053111334257,229.878780911681,230.702969142841,231.525686597446,232.346943713939,233.166750801807,233.985118043846,234.802055498377,235.561801876022,236.28570312007,237.01182897357,237.740186272936,238.470781875587,239.203622660018,239.938715525862,240.676067393954,241.415685206399,242.157575926634,242.901746539496,243.648204051287,247.947796504943,248.828107702765,249.711544348024,250.598117537274,251.487838406468,252.380718131095,253.276767926322,254.175999047133,255.078422788471,255.984050485385,256.892893513161,257.804963287478,261.697193436385,262.636731653802,263.579642976029,264.525939513097,265.475633418512,266.428736889415,267.385262166736,268.345221535352,269.308627324245,270.275491906662,271.245827700268,272.219647167313,262.636336751989,263.143475773273,263.652068943923,264.162120433505,264.673634423542,265.186615107549,265.701066691062,266.216993391677,266.734399439084,267.253289075101,267.773666553707,268.295536141082,233.835518181788,232.948021084557,232.060523987326,231.173026890095,230.285529792864,229.398032695632,228.510535598401,227.62303850117,226.735541403939,225.848044306708,224.960547209476,224.073050112245,200.15238963983,198.627101278522,197.101812917214,195.576524555905,194.051236194597,192.525947833289,191.00065947198,189.475371110672,187.950082749364,186.424794388055,184.899506026747,183.374217665439,172.192863439227,170.811547637508,169.441312628024,168.082069521647,166.73373014231,165.396207021287
"24",296.376527917405,295.25781275357,294.143320338502,293.033034732838,291.92694005738,290.825020492869,289.727260279757,288.633643717984,287.544155166751,286.458779044298,285.37749982768,284.300302052546,267.085793683736,265.858828210622,264.637499294403,263.421781041302,262.21164767649,261.007073543549,259.808033103923,258.614500936376,257.426451736457,256.243860315961,255.066701602392,253.894950638439,247.473841265227,246.642745483258,245.81598738835,244.993544341078,244.175393820181,243.36151342194,242.551880859567,241.746473962593,240.945270676262,240.14824906093,239.355387291457,238.566663656616,277.935049617786,278.016560359101,278.098095005285,278.179653563349,278.261236040306,278.342842443169,278.424472778957,278.506127054687,278.587805277381,278.669507454062,278.751233591754,278.832983697485,262.14677215323,262.651526801328,263.157253337247,263.663953632321,264.171629561492,264.680283003309,265.189915839939,265.700529957175,266.212127244437,266.724709594786,267.238278904929,267.752837075221,267.304621980928,267.763261429461,268.222687808433,268.682902468055,269.143906760854,269.605702041675,270.068289667693,270.531670998406,270.995847395648,271.460820223589,271.926590848739,272.393160639953,275.491779320534,276.064098642753,276.637606927515,277.212306644826,277.788200269822,278.365290282784,278.943579169141,279.52306941949,280.103763529598,280.68566400042,281.268773338105,281.853094054009,280.293152951702,280.800566537001,281.30948152555,281.819902359901,282.331833495754,282.845279401989
"25",114.035418131512,113.92984689029,113.824523285931,113.719446737557,113.614616665654,113.510032492064,113.405693639988,113.301599533979,113.19774959994,113.094143265119,112.990779958111,112.887659108849,115.134362870523,115.067666563126,115.001008892305,114.934389835676,114.867809370871,114.801267475534,114.734764127323,114.668299303907,114.601872982969,114.535485142205,114.469135759324,114.402824812048,125.439572940189,125.848620482132,126.257668024076,126.666715566019,127.075763107962,127.484810649906,127.893858191849,128.302905733792,128.711953275736,129.121000817679,129.530048359622,129.939095901566,137.843330365899,138.463135517632,139.082940669365,139.702745821098,140.32255097283,140.942356124563,141.562161276296,142.181966428029,142.801771579762,143.421576731494,144.041381883227,144.66118703496,152.143276876204,152.75174141174,153.358979883867,153.965002049282,154.569817529747,155.173435814733,155.775866264009,156.377118110153,156.977200461011,157.576122302084,158.173892498866,158.770519799118,163.555671291712,164.179280270273,164.805266960074,165.433640426911,166.064409771144,166.697584127831,167.333172666862,167.971184593088,168.611629146459,169.254515602154,169.899853270715,170.547651498187,172.213712302771,172.788331649012,173.362950995253,173.937570341494,174.512189687735,175.086809033976,175.661428380217,176.236047726457,176.810667072698,177.385286418939,177.95990576518,178.534525111421,185.521395252239,186.056180123909,186.590186064826,187.123417560309,187.65587905072,188.187574932105
"26",788.089490795673,789.710617263591,791.330081242984,792.947889532037,794.564048880438,796.178565989871,797.791447514496,799.402700061436,801.012330191248,802.620344418389,804.226749211678,805.831550994753,860.002497886165,862.777160925218,865.560775978945,868.353371929615,871.154977752684,873.965622517087,876.785335385552,879.614145614893,882.452082556315,885.299175655722,888.155454454021,891.020948587428,815.900338990076,816.684094943798,817.467850897519,818.25160685124,819.035362804961,819.819118758683,820.602874712404,821.386630666125,822.170386619847,822.954142573568,823.737898527289,824.521654481011,977.954499635564,982.646464582004,987.360940325282,992.0980348662,996.857856723718,1001.64051493744,1006.44611907012,1011.27477921016,1016.12660597412,1021.0017105093,1025.90020449624,1030.82220015129,990.656863102804,992.936920547503,995.213520490186,997.486681274351,999.7564210772,1002.02275791176,1004.28570962899,1006.54529391982,1008.80152831719,1011.05443019804,1013.30401678527,1015.55030514967,1023.14043783331,1024.60094311193,1026.0674907528,1027.54010575423,1029.01881321792,1030.50363834944,1031.99460645865,1033.49174296009,1034.99507337348,1036.50462332409,1038.02041854322,1039.54248486863,1123.16284824719,1127.50110658886,1131.86386245261,1136.25125417241,1140.66342086341,1145.10050242632,1149.56263955183,1154.04997372513,1158.56264723031,1163.10080315495,1167.66458539461,1172.25413865741,1145.64973835992,1147.04561023082,1148.44318284691,1149.84245828039,1151.243438606,1152.646125901
"27",678.772132128519,680.239266127256,681.709571267042,683.183054402146,684.659722401658,686.139582149512,687.622640544521,689.108904500409,690.598380945848,692.09107682448,693.58699909496,695.086154730981,697.750571126003,699.028344803253,700.304937686726,701.580354103289,702.854598352162,704.127674705169,705.399587406987,706.670340675393,707.939938701504,709.208385650018,710.475685659454,711.741842842383,746.753625507056,748.820325559716,750.887025612376,752.953725665036,755.020425717696,757.087125770356,759.153825823016,761.220525875675,763.287225928335,765.353925980995,767.420626033655,769.487326086315,758.467170372993,759.808991720747,761.150813068501,762.492634416255,763.834455764009,765.176277111762,766.518098459516,767.859919807271,769.201741155024,770.543562502778,771.885383850532,773.227205198286,800.448464722374,800.449958421352,800.451448802123,800.452935879404,800.454419667812,800.455900181868,800.457377435999,800.458851444535,800.460322221713,800.461789781673,800.463254138468,800.464715306054,827.879492755619,829.570976234781,831.258998631989,832.943581067769,834.624744448788,836.302509470876,837.976896621987,839.647926185113,841.315618241142,842.979992671664,844.641069161729,846.29886720256,866.509149785995,868.492367682826,870.48249394025,872.479552622916,874.483567879303,876.494563942008,878.51256512804,880.537595839114,882.569680561946,884.608843868548,886.65511041653,888.708504949391,880.25028255852,881.524527039772,882.798771521024,884.073016002276,885.347260483528,886.62150496478
"28",1403.40079363616,1401.22706892784,1399.05858075512,1396.89531650309,1394.73726358725,1392.58440945341,1390.43674157763,1388.29424746613,1386.15691465525,1384.02473071132,1381.89768323065,1379.77575983942,1366.1843316086,1365.16539182924,1364.14721200463,1363.12979156798,1362.11312995291,1361.09722659347,1360.08208092413,1359.06769237978,1358.05406039574,1357.04118440775,1356.02906385196,1355.01769816494,1225.50593704676,1219.95269461506,1214.39945218336,1208.84620975167,1203.29296731997,1197.73972488827,1192.18648245657,1186.63324002487,1181.07999759318,1175.52675516148,1169.97351272978,1164.42027029808,1176.71485817133,1174.01377006133,1171.32217278795,1168.64003300315,1165.96731747608,1163.30399309263,1160.65002685507,1158.0053858816,1155.37003740595,1152.743948777,1150.12708745834,1147.51942102789,1099.00036458632,1094.5918667856,1090.17447308882,1085.74811125534,1081.31270801162,1076.86818902996,1072.41447890671,1067.9515011399,1063.47917810622,1058.99743103738,1054.50617999587,1050.00534384998,1060.55043881242,1056.57027582944,1052.60505008735,1048.65470552784,1044.719186303,1040.79843677449,1036.89240151282,1033.00102529647,1029.12425311121,1025.26203014923,1021.41430180845,1017.58101369167,969.880095317579,965.604379113056,961.319147592849,957.024315609647,952.719796674018,948.405502923982,944.081345093684,939.747232481134,935.403072914969,931.048772720215,926.684236683001,922.309368014192,925.605119369388,923.366178309805,921.127237250222,918.888296190639,916.649355131055,914.410414071472
"29",1162.69873615656,1164.74319905103,1166.78766194549,1168.83212483996,1170.87658773443,1172.9210506289,1174.96551352337,1177.00997641784,1179.05443931231,1181.09890220678,1183.14336510124,1185.18782799571,1164.37112691843,1164.27616397514,1164.18120877678,1164.0862613227,1163.99132161228,1163.89638964488,1163.80146541987,1163.70654893663,1163.61164019452,1163.5167391929,1163.42184593116,1163.32696040865,1204.99157330983,1207.00872482483,1209.02587633983,1211.04302785484,1213.06017936984,1215.07733088484,1217.09448239984,1219.11163391484,1221.12878542984,1223.14593694484,1225.16308845984,1227.18023997485,1243.59856517783,1245.91684280664,1248.23260059668,1250.54584867955,1252.85659711656,1255.1648558994,1257.47063495088,1259.77394412555,1262.07479321041,1264.37319192552,1266.66914992469,1268.96267679609,1382.48286850936,1389.75499016494,1397.08298361254,1404.46727811578,1411.90830623629,1419.40650385909,1426.96231021811,1434.57616792191,1442.24852297963,1449.97982482708,1457.77052635311,1465.62108392612,1448.56675937316,1454.78504565708,1461.04237525213,1467.33899330305,1473.67514649377,1480.05108305713,1486.46705278455,1492.92330703584,1499.42009874905,1505.95768245038,1512.53631426413,1519.15625192277,1559.46864432987,1565.20202012005,1570.92490956835,1576.63738895734,1582.33953360376,1588.03141787594,1593.71311521074,1599.38469813015,1605.04623825745,1610.69780633307,1616.33947223005,1621.97130496913,1951.28188433442,1965.98133910319,1980.79152824215,1995.71328593874,2010.74745266454,2025.89487522259
"30",715.060649922122,715.059779181567,715.058908441011,715.058037700455,715.0571669599,715.056296219344,715.055425478788,715.054554738232,715.053683997677,715.052813257121,715.051942516565,715.05107177601,756.477235525992,758.607352646777,760.737469767563,762.867586888348,764.997704009133,767.127821129918,769.257938250703,771.388055371488,773.518172492273,775.648289613058,777.778406733843,779.908523854628,715.728677555368,714.999748186761,714.270818818153,713.541889449546,712.812960080939,712.084030712331,711.355101343724,710.626171975116,709.897242606509,709.168313237902,708.439383869294,707.710454500687,719.925360539539,719.730547976095,719.535788129136,719.341080984398,719.146426527619,718.951824744541,718.757275620912,718.562779142481,718.368335295003,718.173944064235,717.979605435941,717.785319395884,709.904497913445,709.221418418251,708.538996191181,707.857230599801,707.176121012288,706.495666797428,705.815867324611,705.136721963835,704.458230085706,703.780391061434,703.103204262835,702.426669062328,722.511805492857,722.712461352754,722.913172938764,723.113940266363,723.314763351031,723.515642208253,723.716576853518,723.91756730232,724.118613570156,724.319715672529,724.520873624945,724.722087442914,729.520068908712,729.896035908835,730.272931750262,730.650758727735,731.029519141659,731.409215298128,731.78984950893,732.171424091565,732.553941369259,732.937403670977,733.321813331438,733.70717269113,789.490310573457,791.714758914023,793.93920725459,796.163655595157,798.388103935724,800.612552276291
"31",675.855386978601,675.306806187832,674.758225397062,674.209644606292,673.661063815523,673.112483024753,672.563902233983,672.015321443214,671.466740652444,670.918159861674,670.369579070905,669.820998280135,676.400915853043,675.858806848887,675.317132323995,674.775891930149,674.23508531941,673.694712144118,673.154772056891,672.615264710626,672.076189758498,671.53754685396,670.999335650742,670.461555802853,682.175029757393,681.976809616535,681.778560277325,681.580281722667,681.381973935444,681.183636898524,680.985270594757,680.786875006976,680.588450117996,680.389995910613,680.191512367608,679.992999471742,675.119703415962,675.027474004137,674.935238289437,674.842996270138,674.750747944516,674.658493310847,674.566232367404,674.473965112463,674.381691544295,674.289411661173,674.197125461367,674.104832943149,635.021824087012,633.861510731104,632.700134363874,631.537691079165,630.374176945638,629.209588006526,628.043920279411,626.877169755978,625.709332401777,624.540404155976,623.37038093112,622.199258612872,621.062145831563,619.925600998665,618.791136044835,617.658747163891,616.528430556616,615.400182430744,614.273999000953,613.149876488844,612.027811122933,610.907799138641,609.789836778274,608.673920291018,542.985902464575,540.412510770586,537.82990935193,535.237987347838,532.636631609387,530.025726632259,527.405154486913,524.774794746064,522.13452440934,519.48421782497,516.823746608368,514.152979557465,440.048719198181,436.110738528092,432.207998709939,428.340184374564,424.50698297504,420.708084761406
"32",200.449741492145,201.026080511879,201.604076638593,202.183734636849,202.76505928491,203.348055374776,203.932727712226,204.519081116857,205.107120422123,205.696850475375,206.288276137902,206.88140228497,211.000082343845,211.551827878255,212.103573412666,212.655318947077,213.207064481487,213.758810015898,214.310555550308,214.862301084719,215.414046619129,215.96579215354,216.51753768795,217.069283222361,239.272903804221,240.318188350665,241.361204297466,242.401971210629,243.440508362744,244.47683473923,245.510969044411,246.542929707422,247.572734887959,248.60040248187,249.625950126596,250.649395206472,273.432193060705,275.366179989677,277.313846015464,279.275287890371,281.25060305103,283.239889623242,285.243246426854,287.260772980666,289.292569507375,291.338736938551,293.399376919657,295.474591815093,296.724250641466,298.366314035466,300.008377429467,301.650440823467,303.292504217468,304.934567611468,306.576631005469,308.21869439947,309.86075779347,311.502821187471,313.144884581471,314.786947975472,324.755488618913,326.256072386797,327.766750352949,329.287590419505,330.818660945364,332.360030749267,333.911769112886,335.473945783943,337.046630979341,338.62989538832,340.223810175639,341.828446984769,333.341272937935,334.236564507003,335.130547064918,336.023227910549,336.914614272289,337.80471330902,338.693532111059,339.581077701094,340.467357035097,341.352377003225,342.236144430702,343.118666078687,333.488562649116,333.832616635109,334.177025575239,334.521789835708,334.866909783091,335.212385784345
"33",526.431617950598,526.37019573004,526.308773509483,526.247351288925,526.185929068368,526.12450684781,526.063084627253,526.001662406696,525.940240186138,525.878817965581,525.817395745023,525.755973524466,531.022239408693,531.022655128188,531.023071219563,531.02348768315,531.023904519282,531.024321728293,531.024739310516,531.025157266285,531.025575595934,531.025994299798,531.026413378211,531.026832831509,743.951416040675,748.684635507257,753.468009963843,758.302070871744,763.187355323837,768.124406104239,773.113771748613,778.156006605114,783.25167089598,788.401330779778,793.605558414305,798.864932020159,767.102490657047,772.71933635626,778.336182055473,783.953027754686,789.569873453899,795.186719153112,800.803564852325,806.420410551538,812.037256250751,817.654101949964,823.270947649177,828.88779334839,757.011526105352,758.72185133635,760.432176567346,762.142501798343,763.85282702934,765.563152260337,767.273477491333,768.98380272233,770.694127953327,772.404453184324,774.114778415321,775.825103646318,751.56083372448,751.790151552741,752.019595505952,752.24916565348,752.478862064733,752.708684809157,752.938633956234,753.168709575486,753.398911736473,753.629240508792,753.859695962081,754.090278166013,736.948140085645,736.244230916618,735.54156592484,734.840142911197,734.13995968046,733.441014041283,732.74330380619,732.046826791573,731.351580817685,730.65756370863,729.964773292357,729.273207400657,737.80757015766,737.718212320512,737.628865305729,737.539529112,737.450203738016,737.360889182465
"34",1214.58869632438,1214.78067488863,1214.97268379712,1215.16472305465,1215.35679266601,1215.54889263599,1215.74102296941,1215.93318367105,1216.12537474572,1216.31759619822,1216.50984803335,1216.70213025591,1127.49525860861,1125.8416549114,1124.19164456532,1122.54521976187,1120.9023727095,1119.26309563362,1117.62738077652,1115.99522039734,1114.36660677205,1112.7415321934,1111.11998897089,1109.50196943075,1059.4523078563,1054.84165774166,1050.26249484991,1045.71460414733,1041.19777206874,1036.71178650743,1032.25643680521,1027.83151374254,1023.43680952868,1019.07211779195,1014.73723357002,1010.43195330032,965.179092685722,960.387817466456,955.620326763868,950.876502508507,946.156227217033,941.459383989313,936.785856505516,932.135529023241,927.508286374647,922.904013963603,918.322597762843,913.763924311153,861.622624925899,856.403770471033,851.216526655249,846.060702012677,840.936106237159,835.842550175222,830.779845819096,825.747806299778,820.746245880129,815.774979948023,810.833825009529,805.922598682144,779.991280447171,775.554631889853,771.143219320315,766.756899194375,762.395528784345,758.058966174379,753.747070255861,749.459700722812,745.196718067322,740.957983575014,736.743359320526,732.55270816303,728.272782297211,724.562308764167,720.870739705069,717.197978803604,713.54393023418,709.908498659424,706.291589227699,702.693107570626,699.112959800625,695.551052508461,692.007292760811,688.481588097836,723.223587935526,722.152076514134,721.082991995501,720.016328882853,718.952081691864,717.890244950631
"35",1513.27594902909,1517.81356613258,1522.35118323606,1526.88880033955,1531.42641744303,1535.96403454652,1540.50165165001,1545.03926875349,1549.57688585698,1554.11450296046,1558.65212006395,1563.18973716743,1610.46205714116,1614.96452456118,1619.48560163833,1624.0253652903,1628.58389275268,1633.1612615803,1637.75754964852,1642.37283515461,1647.00719661902,1651.66071288676,1656.3334631287,1661.02552684296,1634.62769480063,1638.01272525763,1641.39775571465,1644.78278617165,1648.16781662866,1651.55284708567,1654.93787754268,1658.32290799969,1661.7079384567,1665.09296891371,1668.47799937072,1671.86302982773,1784.97019608936,1788.96585827432,1792.98058512922,1797.01446761812,1801.0675971391,1805.14006552633,1809.23196505213,1813.34338842913,1817.47442881229,1821.62517980104,1825.79573544142,1829.9861902282,1845.21594162662,1850.08337379114,1854.95080595565,1859.81823812017,1864.68567028469,1869.5531024492,1874.42053461372,1879.28796677823,1884.15539894275,1889.02283110726,1893.89026327178,1898.75769543629,1502.45449550446,1493.5010035356,1484.54751156674,1475.59401959789,1466.64052762903,1457.68703566017,1448.73354369131,1439.78005172245,1430.8265597536,1421.87306778474,1412.91957581588,1403.96608384702,1315.51459606562,1301.99781953862,1288.48104301163,1274.96426648463,1261.44748995764,1247.93071343064,1234.41393690365,1220.89716037666,1207.38038384966,1193.86360732267,1180.34683079567,1166.83005426868,1076.17726785061,1065.87543796932,1055.72753699929,1045.73126495014,1035.88435619768,1026.1845789705
"36",414.048864642383,411.745976860383,409.443089078384,407.140201296384,404.837313514385,402.534425732385,400.231537950385,397.928650168386,395.625762386386,393.322874604387,391.019986822387,388.717099040388,375.594751011293,373.600702925364,371.622818618465,369.6609670668,367.71501830865,365.784843435771,363.870314584848,361.97130492903,360.087688669525,358.219341027267,356.366138234652,354.527957527336,353.72984448184,352.093323539011,350.468882700865,348.856432797185,347.255885315967,345.667152398571,344.090146834887,342.524782058557,340.970972142217,339.428631792783,337.897676346768,336.378021765636,362.591941192884,362.473814573585,362.355746383459,362.237736593605,362.119785175135,362.001892099179,361.884057336877,361.766280859386,361.648562637877,361.530902643534,361.413300847556,361.295757221157,385.186204908691,386.294055688835,387.406811291249,388.524493431207,389.64712392012,390.774724665968,391.907317673726,393.044925045789,394.187568982409,395.335271782124,396.488055842198,397.645943659052,392.117867867326,392.785218822984,393.452569778643,394.119920734301,394.78727168996,395.454622645619,396.121973601277,396.789324556936,397.456675512595,398.124026468253,398.791377423912,399.458728379571,401.195572026078,401.570635776716,401.946050161377,402.321815507855,402.697932144253,403.074400398979,403.451220600749,403.828393078586,404.20591816182,404.583796180091,404.962027463344,405.340612341835,413.145473670647,413.646140410031,414.147413878038,414.649294809926,415.151783941845,415.654882010836
"37",287.967553158818,286.811635770384,285.660358297086,284.513702114055,283.371648671179,282.23417949281,281.101276177462,279.972920397512,278.849093898907,277.729778500866,276.614956095585,275.504608647949,311.501718441484,312.032942356009,312.565941962622,313.100723196828,313.637292013973,314.175654389309,314.715816318061,315.257783815495,315.801562916983,316.34715967807,316.894580174545,317.443830502506,333.041445468239,334.444240861604,335.847036254968,337.249831648333,338.652627041697,340.055422435062,341.458217828426,342.861013221791,344.263808615155,345.66660400852,347.069399401884,348.472194795249,387.621697260125,388.722835788763,389.827102382905,390.934505928619,392.045055337218,393.15875954533,394.275627514969,395.39566823361,396.518890714257,397.645303995517,398.774917141677,399.90773924277,401.185634458142,403.335123469957,405.484612481771,407.634101493586,409.7835905054,411.933079517215,414.082568529029,416.232057540844,418.381546552659,420.531035564473,422.680524576288,424.830013588102,423.22371103077,423.224803482276,423.225895936603,423.22698839375,423.228080853716,423.229173316502,423.230265782109,423.231358250535,423.232450721781,423.233543195847,423.234635672733,423.235728152439,518.437444622328,518.491970785748,518.54615103803,518.599989775868,518.653491312437,518.706659879498,518.759499629434,518.81201463723,518.864208902384,518.916086350764,518.967650836406,519.018906143257,493.86951418556,495.061138385524,496.252762585489,497.444386785454,498.636010985418,499.827635185383
"38",1392.50338519062,1397.7982437193,1403.09310224798,1408.38796077666,1413.68281930534,1418.97767783402,1424.2725363627,1429.56739489138,1434.86225342006,1440.15711194874,1445.45197047742,1450.7468290061,1520.7063436257,1528.95355294328,1537.26614056293,1545.64462475967,1554.08952791701,1562.6013765596,1571.18070138599,1579.82803730179,1588.54392345293,1597.32890325936,1606.18352444889,1615.10833909134,1595.17386551521,1599.5071795262,1603.83460208844,1608.15616503147,1612.47189988524,1616.7818378841,1621.08600997071,1625.38444679996,1629.67717874277,1633.96423588979,1638.24564805516,1642.52144478003,1621.89639651379,1623.74514487132,1625.59600055857,1627.44896597763,1629.30404353331,1631.16123563317,1633.02054468751,1634.88197310938,1636.74552331459,1638.61119772167,1640.47899875195,1642.3489288295,1780.75056740326,1787.75817452775,1794.79335797793,1801.85622627211,1808.94688835566,1816.06545360265,1823.21203181757,1830.38673323702,1837.58966853138,1844.82094880657,1852.08068560571,1859.36899091088,1898.28440025058,1906.50575001625,1914.76270592817,1923.05542219429,1931.38405369047,1939.74875596329,1948.149685233,1956.58699839644,1965.06085302995,1973.57140739233,1982.11882042778,1990.70325176889,1861.72440268144,1863.69232178674,1865.65301663697,1867.60654758816,1869.55297421202,1871.49235530977,1873.42474892564,1875.35021236002,1877.26880218242,1879.18057424404,1881.08558369017,1882.98388497221,2049.1336709203,2054.72836362945,2060.3383313726,2065.96361585477,2071.60425889481,2077.26030242577
"39",286.434397744591,286.795337698618,287.157383133755,287.520537435854,287.884804001134,288.250186236216,288.616687558158,288.984311394479,289.353061183199,289.722940372866,290.093952422593,290.466100802084,287.641178661203,287.696791115347,287.752414321585,287.808048281996,287.863692998659,287.919348473653,287.97501470906,288.030691706959,288.086379469431,288.142077998558,288.19778729642,288.2535073651,303.427211019609,303.819614682827,304.212018346045,304.604422009263,304.996825672482,305.3892293357,305.781632998919,306.174036662137,306.566440325355,306.958843988574,307.351247651792,307.743651315011,321.74725172004,322.527197892029,323.307144064017,324.087090236006,324.867036407995,325.646982579984,326.426928751972,327.206874923961,327.98682109595,328.766767267939,329.546713439927,330.326659611916,320.420002014743,320.420024416588,320.420046855821,320.420069332506,320.420091846703,320.420114398476,320.420136987888,320.420159615001,320.420182279878,320.420204982582,320.420227723176,320.420250501725,339.446920769146,339.902231437431,340.357224174386,340.811899847833,341.266259321468,341.720303454891,342.174033103636,342.627449119191,343.080552349034,343.533343636652,343.985823821573,344.437993739392,359.905937603228,360.905590476169,361.908019924215,362.913233659412,363.921239415226,364.932044946606,365.945658030036,366.962086463605,367.981338067056,369.003420681856,370.028342171249,371.056110420321,373.374399748041,374.399716043454,375.425032338868,376.450348634281,377.475664929695,378.500981225108
"40",2275.81056030147,2272.72760786193,2269.65193338175,2266.58351967977,2263.5223496154,2260.46840608849,2257.42167203927,2254.38213044827,2251.34976433616,2248.32455676372,2245.3064908317,2242.29554968075,2231.96697664458,2229.18687451707,2226.41023524001,2223.63705450012,2220.86732798951,2218.10105140564,2215.33822045135,2212.5788308348,2209.82287826953,2207.0703584744,2204.32126717361,2201.57560009667,2059.63961203832,2053.77732996001,2047.9150478817,2042.05276580339,2036.19048372508,2030.32820164677,2024.46591956846,2018.60363749015,2012.74135541184,2006.87907333353,2001.01679125522,1995.15450917691,2075.64285117321,2075.52353824992,2075.40458561305,2075.28599217465,2075.16775685006,2075.04987855788,2074.93235622,2074.81518876154,2074.6983751109,2074.58191419967,2074.46580496271,2074.35004633808,1942.25780620535,1938.46189837469,1934.67340918651,1930.89232414197,1927.11862877055,1923.35230863005,1919.59334930647,1915.84173641398,1912.09745559486,1908.36049251948,1904.63083288617,1900.90846242126,1871.04318688948,1866.48225025505,1861.93243155906,1857.39370369995,1852.8660396422,1848.34941241621,1843.84379511812,1839.34916090965,1834.86548301793,1830.39273473537,1825.93088941948,1821.4799204927,1750.7307068423,1745.85045529444,1740.98380769781,1736.13072613071,1731.29117277715,1726.46510992652,1721.65249997336,1716.85330541702,1712.06748886142,1707.29501301467,1702.53584068887,1697.78993479978,1661.89004850627,1658.08381288422,1654.28629470387,1650.49747399961,1646.71733085158,1642.94584538551
"41",723.376184663762,723.404426427403,723.432650727075,723.460857585043,723.48904702353,723.517219064715,723.545373730735,723.573511043684,723.601631025612,723.62973369853,723.657819084404,723.685887205158,747.581383165242,747.768442427424,747.955501689606,748.142560951788,748.32962021397,748.516679476152,748.703738738334,748.890798000516,749.077857262698,749.26491652488,749.451975787062,749.639035049245,741.249686995881,741.249646936995,741.249606878111,741.24956681923,741.24952676035,741.249486701473,741.249446642598,741.249406583725,741.249366524854,741.249326465986,741.249286407119,741.249246348255,772.861047754276,773.858911716343,774.858715759021,775.860463654281,776.864159181425,777.869806127106,778.877408285336,779.886969457506,780.898493452395,781.911984086191,782.927445182498,783.944880572355,817.281635575297,819.298777963093,821.31592035089,823.333062738686,825.350205126483,827.367347514279,829.384489902075,831.401632289871,833.418774677668,835.435917065464,837.45305945326,839.470201841056,855.84789539262,857.953420149418,860.066683046537,862.187712522879,864.316537121866,866.453185491822,868.597686386354,870.750068664749,872.910361292352,875.078593340963,877.254793989223,879.438992523011,969.556953025804,972.97870488274,976.394310916142,979.803814547615,983.207258665582,986.604685634592,989.996137304403,993.381655018868,996.76127962462,1000.13505147957,1003.50301046119,1006.86519597469,1059.06515665337,1064.55209646423,1070.06746371253,1075.61140567877,1081.18407040649,1086.78560670623
"42",44.5974375576444,44.5975657488903,44.5976939832032,44.5978222605975,44.5979505810878,44.5980789446885,44.5982073514141,44.598335801279,44.5984642942979,44.5985928304851,44.5987214098552,44.5988500324227,43.2687922877473,43.2307399759389,43.1926876641304,43.154635352322,43.1165830405136,43.0785307287051,43.0404784168967,43.0024261050882,42.9643737932798,42.9263214814713,42.8882691696629,42.8502168578544,44.2811972715923,44.2781435535752,44.2750900461485,44.2720367492976,44.2689836630081,44.2659307872653,44.2628781220549,44.2598256673622,44.2567734231728,44.253721389472,44.2506695662456,44.2476179534788,43.9178291297756,43.8776483326722,43.8375042973233,43.7973969900953,43.7573263773854,43.7172924256214,43.6772951012619,43.6373343707963,43.5974102007443,43.5575225576567,43.5176714081145,43.4778567187295,44.1274844133607,44.127484694439,44.1274849754737,44.1274852564647,44.1274855374121,44.1274858183159,44.1274860991761,44.1274863799927,44.1274866607658,44.1274869414953,44.1274872221812,44.1274875028236,43.5473321967688,43.5473342626842,43.5473363262122,43.5473383873586,43.5473404461287,43.5473425025281,43.5473445565621,43.5473466082363,43.547348657556,43.5473507045267,43.5473527491536,43.5473547914423,43.6796182780851,43.6475786806419,43.6155390831987,43.5834994857555,43.5514598883123,43.519420290869,43.4873806934259,43.4553410959827,43.4233014985395,43.3912619010962,43.359222303653,43.3271827062098,47.0178817787138,47.092791911162,47.167821392414,47.2429704126193,47.3182391622306,47.393627832004
"43",1428.65097559366,1429.76022100137,1430.87032765889,1431.9812962349,1433.09312739864,1434.20582181985,1435.31938016876,1436.43380311618,1437.54909133339,1438.66524549221,1439.78226626499,1440.9001543246,1387.51228854067,1388.46763775954,1389.42298697842,1390.37833619729,1391.33368541617,1392.28903463504,1393.24438385392,1394.19973307279,1395.15508229167,1396.11043151054,1397.06578072942,1398.0211299483,1400.68991235066,1401.54145920167,1402.39352374902,1403.24610630744,1404.09920719185,1404.95282671738,1405.80696519932,1406.66162295318,1407.51680029465,1408.3724975396,1409.22871500412,1410.08545300447,1349.02212141169,1348.73603615328,1348.45029401566,1348.16489458731,1347.87983745719,1347.59512221476,1347.31074844997,1347.02671575327,1346.74302371559,1346.45967192835,1346.17665998348,1345.89398747337,1316.29629847228,1315.93572093272,1315.57514339317,1315.21456585361,1314.85398831406,1314.49341077451,1314.13283323495,1313.7722556954,1313.41167815584,1313.05110061629,1312.69052307674,1312.32994553718,1259.76514422646,1258.83528844503,1257.90674222871,1256.97950373316,1256.05357111664,1255.12894254003,1254.20561616677,1253.2835901629,1252.36286269705,1251.4434319404,1250.52529606675,1249.60845325243,1187.25555905903,1184.941132973,1182.63121860988,1180.32580717456,1178.02488988906,1175.72845799254,1173.4365027412,1171.14901540831,1168.86598728416,1166.58740967599,1164.31327390801,1162.04357132133,994.171474985562,987.630469864078,981.089464742594,974.54845962111,968.007454499626,961.466449378142
"44",270.54907465051,269.946362677422,269.343650704334,268.740938731246,268.138226758158,267.535514785069,266.932802811981,266.330090838893,265.727378865805,265.124666892717,264.521954919629,263.919242946541,285.257788399323,285.257800692064,285.2578129719,285.257825238858,285.257837492967,285.257849734252,285.25786196274,285.257874178458,285.257886381433,285.257898571691,285.257910749259,285.257922914163,350.55176060101,353.292582550852,356.064219258531,358.867017170956,361.701326630106,364.567501916811,367.465901295044,370.3968870567,373.360825566881,376.358087309691,379.389046934547,382.454083303008,386.639756191989,389.17743100047,391.739775104522,394.327028319798,396.939432793254,399.577233025808,402.240675895227,404.930010679228,407.645489078816,410.387365241833,413.155895786751,415.951339826684,401.477514328546,402.379969572458,403.28242481637,404.184880060282,405.087335304195,405.989790548107,406.892245792019,407.794701035932,408.697156279844,409.599611523756,410.502066767668,411.404522011581,425.473840630266,426.388537278998,427.303233927729,428.217930576461,429.132627225192,430.047323873924,430.962020522655,431.876717171387,432.791413820119,433.70611046885,434.620807117582,435.535503766313,444.255700723586,444.74321496376,445.232346602566,445.723101005955,446.215483557684,446.709499659368,447.205154730545,447.702454208731,448.201403549484,448.70200822646,449.204273731474,449.708205574563,461.678359416385,462.365843017346,463.054851507734,463.745388269867,464.437456693562,465.131060176161
"45",70.5582385405514,70.4088363063016,70.2598370279108,70.1112396185587,69.9630429943557,69.8152460743361,69.6678477804493,69.5208470375527,69.3742427734031,69.2280339186495,69.0822194068251,68.9367981743395,74.6410328673326,74.6213291051138,74.6016323826355,74.5819426973825,74.5622600468406,74.5425844284964,74.5229158398374,74.5032542783522,74.48359974153,74.4639522268611,74.4443117318366,74.4246782539485,90.9915138995599,90.9915760376289,90.9916377154159,90.9916989396902,90.9917597170726,90.9918200540403,90.9918799569303,90.991939431944,90.9919984851511,90.9920571224925,90.992115349785,90.9921731727238,118.073303766034,118.07528781633,118.077271866625,118.079255916921,118.081239967216,118.083224017511,118.085208067807,118.087192118102,118.089176168398,118.091160218693,118.093144268988,118.095128319284,113.637945576764,113.63804078514,113.638135993595,113.638231202131,113.638326410746,113.638421619441,113.638516828216,113.63861203707,113.638707246005,113.638802455019,113.638897664113,113.638992873286,106.010655392536,105.896367471969,105.782245053819,105.668287898418,105.554495766447,105.440868418932,105.327405617246,105.214107123107,105.100972698578,104.988002106068,104.875195108327,104.762551468452,103.321739214191,103.212075510014,103.102563237286,102.9932021869,102.883992150037,102.774932918166,102.666024283045,102.557266036721,102.448657971524,102.340199880075,102.231891555278,102.123732790326,111.685070701775,111.670808614456,111.656545464572,111.642281251829,111.628015975931,111.613749636586
"46",2358.06652031455,2359.21247289022,2360.35842546589,2361.50437804155,2362.65033061722,2363.79628319289,2364.94223576856,2366.08818834423,2367.2341409199,2368.38009349557,2369.52604607124,2370.67199864691,2299.02594994194,2297.32081052565,2295.6183375325,2293.91852679282,2292.22137414352,2290.52687542799,2288.83502649611,2287.14582320427,2285.45926141533,2283.77533699863,2282.09404582996,2280.41538379155,1999.53774559778,1987.95588647391,1976.44111258564,1964.9930353573,1953.61126846392,1942.29542781827,1931.04513155781,1919.8600000319,1908.7396557889,1897.68372356348,1886.69183026396,1875.76360495969,1795.83842792959,1783.38052611967,1771.00904595831,1758.72338793034,1746.52295667945,1734.4071609794,1722.37541370533,1710.42713180533,1698.56173627215,1686.7786521152,1675.07730833265,1663.45713788374,1703.88921645104,1700.06039497652,1696.231573502,1692.40275202747,1688.57393055295,1684.74510907843,1680.91628760391,1677.08746612938,1673.25864465486,1669.42982318034,1665.60100170581,1661.77218023129,1580.38496966005,1575.41148040235,1570.46449275958,1565.54386551586,1560.64945820782,1555.78113112053,1550.93874528355,1546.12216246698,1541.33124517746,1536.56585665427,1531.82586086545,1527.11112250388,1492.14257535247,1488.6495070964,1485.17068965824,1481.70606489833,1478.25557491419,1474.8191620396,1471.39676884356,1467.98833812942,1464.59381293383,1461.21313652588,1457.84625240608,1454.49310430544,1439.13843873121,1436.37966132428,1433.62998282023,1430.88937320937,1428.157802581,1425.43524112305
"47",1504.89328146251,1505.37668857198,1505.86009568146,1506.34350279094,1506.82690990041,1507.31031700989,1507.79372411936,1508.27713122884,1508.76053833832,1509.24394544779,1509.72735255727,1510.21075966675,1607.31047364283,1610.47368450566,1613.64645837675,1616.82882416693,1620.02081087448,1623.22244758531,1626.43376347329,1629.65478780046,1632.88554991734,1636.1260792632,1639.37640536628,1642.6365578441,1717.08055198503,1721.61646773737,1726.17011587942,1730.74156573294,1735.33088689069,1739.93814921748,1744.56342285126,1749.20677820416,1753.86828596358,1758.54801709327,1763.24604283438,1767.96243470658,1711.56487755572,1711.19726159609,1710.82960223048,1710.46189943929,1710.09415320293,1709.7263635018,1709.35853031625,1708.99065362664,1708.62273341332,1708.25476965661,1707.88676233682,1707.51871143424,1823.73422319312,1827.34650042638,1830.96593251074,1834.59253361784,1838.22631794739,1841.86729972722,1845.51549321336,1849.17091269005,1852.83357246984,1856.50348689363,1860.18067033072,1863.86513717887,1524.48665768865,1519.55288647332,1514.61911525798,1509.68534404265,1504.75157282732,1499.81780161198,1494.88403039665,1489.95025918132,1485.01648796598,1480.08271675065,1475.14894553532,1470.21517431998,1364.06818520628,1351.9982219142,1339.92825862212,1327.85829533004,1315.78833203796,1303.71836874588,1291.6484054538,1279.57844216171,1267.50847886963,1255.43851557755,1243.36855228547,1231.29858899339,1223.04499660736,1211.7344950853,1200.52859105968,1189.42631723155,1178.42671524737,1167.52883561628
"48",569.876861743602,566.956722544829,564.036583346056,561.116444147283,558.196304948509,555.276165749736,552.356026550963,549.435887352189,546.515748153416,543.595608954643,540.675469755869,537.755330557096,525.101934359411,522.350710466371,519.613901361041,516.89143151845,514.183225809333,511.489209498057,508.809308240562,506.143448082306,503.491555456223,500.853557180699,498.229380457545,495.618952869992,511.487585225977,510.716343640273,509.949288457297,509.186396952692,508.427646525456,507.673014697264,506.922479111809,506.176017534135,505.433607849984,504.695228065132,503.960856304747,503.230470812735,501.677193925744,501.677179062033,501.677164187575,501.677149302355,501.677134406356,501.677119499565,501.677104581964,501.677089653538,501.677074714271,501.677059764148,501.677044803154,501.67702983127,523.986755620372,524.715909400418,525.44607783442,526.177262334321,526.909464314027,527.642685189412,528.376926378321,529.11218930057,529.848475377953,530.585786034242,531.324122695189,532.063486788531,517.916559949251,517.916574133657,517.916588327489,517.916602530755,517.91661674346,517.916630965611,517.916645197213,517.916659438274,517.916673688799,517.916687948795,517.916702218268,517.916716497224,535.148240143881,535.977738890006,536.80723763613,537.636736382254,538.466235128379,539.295733874503,540.125232620627,540.954731366752,541.784230112876,542.613728859001,543.443227605125,544.272726351249,565.386585303368,566.416354879823,567.448000032048,568.481524176133,569.51693073439,570.554223135361
"49",1489.04432179387,1489.35465592359,1489.66508868387,1489.97562010606,1490.28625022152,1490.59697906161,1490.90780665771,1491.2187330412,1491.52975824349,1491.84088229597,1492.15210523007,1492.46342707721,1588.58238810512,1591.49584521056,1594.40656132662,1597.31454659574,1600.21981109498,1603.12236483665,1606.02221776888,1608.91937977622,1611.81386068021,1614.70567023996,1617.5948181527,1620.48131405435,1613.42837795064,1616.96747649413,1620.51433814548,1624.06897993326,1627.63141892341,1631.2016722193,1634.77975696182,1638.36569032947,1641.95948953842,1645.56117184259,1649.17075453376,1652.78825494166,1742.96045706427,1749.43652999571,1755.93666516015,1762.46095196223,1769.0094801388,1775.58233976012,1782.17962123112,1788.80141529263,1795.44781302262,1802.1189058375,1808.81478549331,1815.53554408703,1969.42750969813,1979.7036512676,1989.95258477481,2000.1745929445,2010.36995340796,2020.53893883305,2030.6818170499,2040.79885117257,2050.89029971667,2060.95641671327,2070.99745181915,2081.01365042354,2088.90999935644,2100.69042430823,2112.53728506247,2124.4509562844,2136.43181475221,2148.4802393689,2160.59661117434,2172.78131335724,2185.03473126732,2197.35725242749,2209.74926654608,2222.21116552921,2172.72431706904,2181.08058574471,2189.468992518,2197.88966099159,2206.34271524354,2214.82827982914,2223.34647978269,2231.89744061938,2240.48128833713,2249.09814941844,2257.74815083226,2266.43142003588,2282.58807368756,2291.02730528273,2299.49773857861,2307.99948893477,2316.53267213729,2325.09740440034
"50",0.768999951121904,0.774255785452015,0.77954754149378,0.784875464759002,0.790239802437469,0.795640803408421,0.790394860553404,0.790566521171703,0.790738133011911,0.790909696112318,0.791081210511166,0.791252676246646,0.864639637512519,0.870541822521439,0.876444007530359,0.882346192539279,0.8882483775482,0.89415056255712,0.940921836793439,0.951889843151628,0.963065586810413,0.974453002376019,NA,NA,NA,NA,NA,NA,NA,NA,NA,NA,NA,NA,NA,NA,NA,NA,NA,NA,NA,NA,NA,NA,NA,NA,NA,NA,NA,NA,NA,NA,NA,NA,NA,NA,NA,NA,NA,NA,NA,NA,NA,NA,NA,NA,NA,NA,NA,NA,NA,NA,NA,NA,NA,NA,NA,NA,NA,NA,NA,NA,NA,NA,NA,NA,NA,NA,NA,NA
"51",0.811341565604717,0.815293902579171,0.819246239553624,0.823198576528078,0.827150913502531,0.831103250476985,0.875788005262751,0.877743029004859,0.879686790103577,0.881619442042444,0.883541135024895,0.885452016069362,0.88741093210353,0.886562924974172,0.885715728197792,0.884869341000019,0.884023762607222,0.883178992246511,0.890989235863282,0.890985816594353,0.890982397338546,0.890978978095861,NA,NA,NA,NA,NA,NA,NA,NA,NA,NA,NA,NA,NA,NA,NA,NA,NA,NA,NA,NA,NA,NA,NA,NA,NA,NA,NA,NA,NA,NA,NA,NA,NA,NA,NA,NA,NA,NA,NA,NA,NA,NA,NA,NA,NA,NA,NA,NA,NA,NA,NA,NA,NA,NA,NA,NA,NA,NA,NA,NA,NA,NA,NA,NA,NA,NA,NA,NA
"52",5073108.03109563,5523838.7850499,6027257.5159424,6589523.16209602,7217514.6082706,7918914.84349091,8702304.95646758,9577269.11857235,10554511.8387527,11645988.9249091,12865053.7539464,14226620.6399989,5467914.24163765,5510412.79537319,5552443.98568117,5594021.40430484,5635158.01072434,5675866.17220465,5716157.70065648,5756043.88661375,5795535.53059773,5834642.97210865,5873376.11645969,5911744.45964591,6095073.78562473,6133308.80092116,6171783.6683418,6210499.89250333,6249458.98746103,6288662.47676801,6328111.89353477,6367808.7804892,6407754.69003683,6447951.18432164,6488399.83528705,6529102.22473747,4276298.47747916,4172351.97846501,4067093.46221442,3960454.082064,3852358.40890472,3742723.49347385,3631457.74718879,3518459.59627142,3403615.84984922,3286799.70333388,3167868.27125401,3046659.50514204,3967032.3165156,3949210.18127392,3931388.04603224,NA,NA,NA,NA,NA,NA,NA,NA,NA,NA,NA,NA,NA,NA,NA,NA,NA,NA,NA,NA,NA,NA,NA,NA,NA,NA,NA,NA,NA,NA,NA,NA,NA,NA,NA,NA,NA,NA,NA
"53",6206266.97094488,6201217.54310514,6196168.1152654,6191118.68742567,6186069.25958593,6181019.83174619,6175970.40390646,6170920.97606672,6165871.54822699,6160822.12038725,6155772.69254751,6150723.26470778,3655069.43481824,3562057.17208628,3469044.90935431,3376032.64662235,3283020.38389038,3190008.12115841,3096995.85842645,3003983.59569448,2910971.33296252,2817959.07023055,2724946.80749858,2631934.54476662,3586316.04590673,3577815.14179296,3569334.38798659,3560873.73672388,3552433.14035433,3544012.55134037,3535611.92225712,3527231.20579212,3518870.35474505,3510529.32202747,3502208.06066257,3493906.52378487,2533063.44709986,2481607.37225244,2430151.29740501,2378695.22255758,2327239.14771015,2275783.07286273,2224326.9980153,2172870.92316787,2121414.84832044,2069958.77347302,2018502.69862559,1967046.62377816,2507878.52612813,2516131.5826566,2524384.63918508,NA,NA,NA,NA,NA,NA,NA,NA,NA,NA,NA,NA,NA,NA,NA,NA,NA,NA,NA,NA,NA,NA,NA,NA,NA,NA,NA,NA,NA,NA,NA,NA,NA,NA,NA,NA,NA,NA,NA
"54",8064.75358440862,8243.75794881212,8429.15832738375,8621.18325643533,8820.0694381214,9026.0620322134,9239.41495829916,9460.39120878042,9689.26317305398,9926.31297327617,10171.8328121247,10426.1253329861,10120.2716934771,10267.5249597779,10414.7782260787,10562.0314923796,10709.2847586804,10856.5380249812,11003.7912912821,11151.0445575829,11298.2978238837,11445.5510901846,11592.8043564854,11740.0576227862,10227.2557287153,10233.421164389,10239.5866000628,10245.7520357365,10251.9174714103,10258.082907084,10264.2483427578,10270.4137784316,10276.5792141053,10282.7446497791,10288.9100854528,10295.0755211266,10278.707723396,10282.4503983448,10286.1951163355,10289.9418784833,10293.6906859041,10297.4415397143,10301.194441031,10304.949390972,10308.7063906554,10312.4654412003,10316.2265437261,10319.989699353,10309.9078865321,10309.81798341,NA,NA,NA,NA,NA,NA,NA,NA,NA,NA,NA,NA,NA,NA,NA,NA,NA,NA,NA,NA,NA,NA,NA,NA,NA,NA,NA,NA,NA,NA,NA,NA,NA,NA,NA,NA,NA,NA,NA,NA
"55",931296729.942695,946902479.002458,962508228.062221,978113977.121984,993719726.181747,1009325475.24151,1093814803.56935,1111009065.38306,1128203327.19678,1145397589.0105,1162591850.82421,1179786112.63793,1124568826.29388,1139786180.38521,1155003534.47655,1170220888.56788,1185438242.65922,1200655596.75055,1376805248.9175,1379343262.4281,1381885954.53256,1384433333.85543,1386985409.03718,1389542188.73417,1481813256.04187,1484599192.67075,1487390367.1006,1490186789.17892,1492988468.77176,1495795415.76369,1481939531.18907,1484592726.09197,1487245920.99487,1489899115.89777,1492552310.80067,1495205505.70358,1488054473.0092,1489907656.01395,1491766276.622,1493630350.78834,1495499894.51479,1497374923.85011,1483009908.71096,1483196722.34886,1483383535.98675,1483570349.62465,1483757163.26255,1483943976.90045,1495329826.73734,1495614179.54239,NA,NA,NA,NA,NA,NA,NA,NA,NA,NA,NA,NA,NA,NA,NA,NA,NA,NA,NA,NA,NA,NA,NA,NA,NA,NA,NA,NA,NA,NA,NA,NA,NA,NA,NA,NA,NA,NA,NA,NA
"56",1476408068.71271,1476521724.41557,1476635388.86779,1476749062.07004,1476862744.02299,1476976434.72731,1483636984.35104,1484076561.8007,1484516269.48999,1484956107.45749,1485396075.74182,1485836174.38157,1480450102.15258,1479792957.10582,1479135666.11148,1478478229.03983,1477820645.76091,1477162916.14458,1488242071.44208,1489271643.56074,1490302292.27336,NA,NA,NA,NA,NA,NA,NA,NA,NA,NA,NA,NA,NA,NA,NA,NA,NA,NA,NA,NA,NA,NA,NA,NA,NA,NA,NA,NA,NA,NA,NA,NA,NA,NA,NA,NA,NA,NA,NA,NA,NA,NA,NA,NA,NA,NA,NA,NA,NA,NA,NA,NA,NA,NA,NA,NA,NA,NA,NA,NA,NA,NA,NA,NA,NA,NA,NA,NA,NA
"57",321.105974016497,321.901982908501,322.69541217699,323.486284769007,324.274623299171,325.060450056331,291.987154725784,289.399341888144,286.811529050505,284.223716212866,281.635903375226,279.048090537587,296.851214103046,296.851191790995,296.851169437974,296.851147043832,296.851124608416,296.851102131575,250.451144730475,245.427203023209,240.504039415023,235.679632340808,230.95200078718,226.319203479028,336.526814697552,342.442340529242,348.461850484446,354.58717241385,360.820166298409,367.162724814144,205.06425280324,193.475219452886,181.526349526446,169.168410532806,156.339015495379,142.956940422576,199.407063271436,198.129245745185,196.86495902651,195.614059837714,194.376406418265,193.151858508734,179.716441541467,NA,NA,NA,NA,NA,NA,NA,NA,NA,NA,NA,NA,NA,NA,NA,NA,NA,NA,NA,NA,NA,NA,NA,NA,NA,NA,NA,NA,NA,NA,NA,NA,NA,NA,NA,NA,NA,NA,NA,NA,NA,NA,NA,NA,NA,NA,NA
"58",42026.0036460919,40345.8156152469,38665.6275844019,36985.4395535569,35305.251522712,33625.063491867,29299.6368658368,27817.454505451,26281.6687695844,24684.7413659501,23017.1069020603,21266.300678129,17833.6963405155,17019.6004876787,16266.0592453331,15568.5684008124,14922.9587767449,14325.3713102384,12621.5270025113,12118.0119394336,11634.5837817435,11170.4411953844,10724.814814204,10296.9659646475,10748.4695904346,10432.7174069148,10126.2409105577,9828.76761434062,9540.03303595021,9259.78046263201,8027.75606300548,7663.10654656103,7288.74662889197,6903.60239825812,NA,NA,NA,NA,NA,NA,NA,NA,NA,NA,NA,NA,NA,NA,NA,NA,NA,NA,NA,NA,NA,NA,NA,NA,NA,NA,NA,NA,NA,NA,NA,NA,NA,NA,NA,NA,NA,NA,NA,NA,NA,NA,NA,NA,NA,NA,NA,NA,NA,NA,NA,NA,NA,NA,NA,NA
"59",2687.05383212626,2490.89312950479,2286.67367842714,2072.88100024453,1847.41865352055,1607.2237223887,2004.57862438615,1934.0923939091,1867.8460196016,1805.58446753411,1747.06804446378,1692.07147506835,1311.73050793288,1256.10327064396,1202.83504651338,1151.82579564426,1102.97972058364,1056.20508641092,413.048857752298,322.67101250898,232.293167265662,141.915322022345,51.5374767790267,0,409.201644530364,380.294634380745,350.243188363146,318.841140587962,NA,NA,NA,NA,NA,NA,NA,NA,NA,NA,NA,NA,NA,NA,NA,NA,NA,NA,NA,NA,NA,NA,NA,NA,NA,NA,NA,NA,NA,NA,NA,NA,NA,NA,NA,NA,NA,NA,NA,NA,NA,NA,NA,NA,NA,NA,NA,NA,NA,NA,NA,NA,NA,NA,NA,NA,NA,NA,NA,NA,NA,NA
"60",48777.8390340714,48470.3681573564,48162.8972806414,47855.4264039264,47547.9555272115,47240.4846504965,46933.0137737815,46625.5428970665,46318.0720203515,46010.6011436365,45703.1302669215,45395.6593902065,24421.8008001136,22962.9587235974,21504.1166470812,20045.274570565,18586.4324940487,17127.5904175325,15668.7483410163,14209.9062645001,12751.0641879839,11292.2221114676,9833.38003495141,8374.53795843519,39334.5837256892,39335.7004805282,39336.8172670732,39337.9340853251,39339.0509352848,39340.1678169531,39341.284730331,39342.4016754194,39343.5186522192,39344.6356607312,39345.7527009565,39346.8697728957,36498.2233478555,36176.2811312,35854.3389145445,35532.3966978891,35210.4544812336,34888.5122645781,34566.5700479226,34244.6278312672,33922.6856146117,33600.7433979562,33278.8011813007,32956.8589646453,32024.4597672434,NA,NA,NA,NA,NA,NA,NA,NA,NA,NA,NA,NA,NA,NA,NA,NA,NA,NA,NA,NA,NA,NA,NA,NA,NA,NA,NA,NA,NA,NA,NA,NA,NA,NA,NA,NA,NA,NA,NA,NA,NA
"61",14218.750492611,14218.2654568228,14217.7804210346,14217.2953852464,14216.8103494582,14216.32531367,10333.1441641871,10052.5899158629,9772.03566753868,9491.48141921446,9210.92717089024,8930.37292256602,11353.3898638191,11269.4922244567,11186.8293762789,11105.3831458393,11025.1356271648,10946.0691778197,12050.3227977498,12095.2725142129,12140.1388563093,12184.9224391816,12229.6238700734,12274.2437484739,18000.3241397669,18250.3760341461,18498.7222804728,18745.4084311224,18990.4779515422,19233.9723542055,31277.3392455861,32741.5503209824,34306.875650991,35980.297898602,37769.2819296622,39681.8081124338,56686.956318856,60105.4431893159,63823.1810467279,67866.3660289114,72263.4874578906,77045.5285829908,73275.9159261428,75328.7940507672,77354.0686563503,79353.1671157478,81327.3924341781,83277.9381749458,83171.9761257282,84894.265508121,86599.2463682687,88287.5939914782,89959.9388652522,91616.8708077828,59603.7191600993,59704.568181885,59805.4172036707,NA,NA,NA,NA,NA,NA,NA,NA,NA,NA,NA,NA,NA,NA,NA,NA,NA,NA,NA,NA,NA,NA,NA,NA,NA,NA,NA,NA,NA,NA,NA,NA,NA
"62",3369.01602166798,3364.97721368087,3360.93840569376,3356.89959770665,3352.86078971955,3348.82198173244,3344.78317374533,3340.74436575822,3336.70555777111,3332.66674978401,3328.6279417969,3324.58913380979,3127.0324351721,3102.41873221451,3077.99877025125,3053.77102429549,3029.73398136396,3005.88614038252,2982.22601209235,2958.75211895699,2935.46299507007,2912.35718606375,2889.43324901792,2866.68975237005,4054.87700516534,4142.21967124297,4232.12198266999,4324.65895186138,4419.90778952982,4517.94796910846,4618.8612930618,4722.73196113968,4829.64664063172,4939.69453868042,5052.96747671357,5169.55996705797,5531.38507304833,5593.26732768046,5655.84188873996,5719.11650139049,5783.09899744455,5847.79729633291,5913.21940608476,5979.37342431899,6046.2675392464,6113.91003068325,6182.30927107606,6251.47372653793,3649.52905741444,3570.37305972313,3491.21706203183,3412.06106434052,3332.90506664922,3253.74906895791,3174.59307126661,3095.4370735753,3016.281075884,NA,NA,NA,NA,NA,NA,NA,NA,NA,NA,NA,NA,NA,NA,NA,NA,NA,NA,NA,NA,NA,NA,NA,NA,NA,NA,NA,NA,NA,NA,NA,NA,NA
"63",681.497802964834,667.046468688279,652.595134411723,638.143800135168,623.692465858612,609.241131582056,594.789797305501,580.338463028945,565.887128752389,551.435794475834,536.984460199278,522.533125922723,339.651232402916,327.802444853107,316.557330722084,305.885133985655,295.756665581154,286.14422357371,277.02151738988,268.36359591144,260.146779232669,252.348593894461,244.947711418141,237.92388997087,460.053849535611,460.053855236146,460.05386093529,460.053866633046,460.053872329413,460.053878024391,460.053883717983,460.053889410187,460.053895101006,460.05390079044,460.053906478488,460.053912165153,409.01566487817,403.960858253255,398.87422432007,393.754946020258,388.602168866319,383.414998442965,378.1924976872,372.933683922484,367.63752561904,362.302938848503,356.928783396621,351.513858492491,255.208071568785,253.344777093484,251.495086679685,249.658901003052,247.836121464422,246.026650184512,244.230389998665,242.44724445163,240.677117792383,NA,NA,NA,NA,NA,NA,NA,NA,NA,NA,NA,NA,NA,NA,NA,NA,NA,NA,NA,NA,NA,NA,NA,NA,NA,NA,NA,NA,NA,NA,NA,NA,NA
"64",1285.13705080546,1245.54644925482,1207.17549640247,1169.98661911517,1133.9434017572,1099.01055053187,1065.15385892159,1032.34017419259,1000.53736493146,969.714289581864,939.840765950485,910.887541652365,596.054889018708,565.907539345353,535.760189671997,505.612839998641,475.465490325286,445.31814065193,415.170790978575,385.023441305219,354.876091631864,324.728741958508,294.581392285153,264.434042611797,662.167121101077,671.730053983793,681.43109352026,691.27223422911,701.255499433558,711.382941677394,721.656643146984,732.078716099361,742.651303296504,753.376578445891,764.256746647399,775.29404484668,474.62123283674,464.694581583826,454.767930330913,444.841279077999,434.914627825086,424.987976572172,415.061325319258,405.134674066345,395.208022813431,NA,NA,NA,NA,NA,NA,NA,NA,NA,NA,NA,NA,NA,NA,NA,NA,NA,NA,NA,NA,NA,NA,NA,NA,NA,NA,NA,NA,NA,NA,NA,NA,NA,NA,NA,NA,NA,NA,NA,NA,NA,NA,NA,NA,NA
"65",41.8168915263185,39.398271748471,36.9796519706235,34.561032192776,32.1424124149285,29.723792637081,27.3051728592335,24.886553081386,22.4679333035385,20.049313525691,17.6306937478435,15.212073969996,628.110152703309,684.844177652006,753.155920762114,835.408048140018,934.445375401396,1053.69325996994,1197.27607230233,1370.15984354801,1578.32402333114,1828.96828816042,2130.76155325173,2494.14180021854,602.973697883237,611.07064980671,619.167601730182,627.264553653655,635.361505577128,643.458457500601,651.555409424074,659.652361347547,667.749313271019,675.846265194492,683.943217117965,692.040169041438,454.90202245978,445.166972099542,435.324262389902,425.368967219687,415.295751942238,405.098823181228,394.771870310851,384.3079968427,373.699639487403,362.938472047474,352.015290483347,340.919874397086,268.616430256429,260.719598785921,252.822767315413,244.925935844905,237.029104374397,229.132272903889,221.235441433381,213.338609962873,205.441778492365,NA,NA,NA,NA,NA,NA,NA,NA,NA,NA,NA,NA,NA,NA,NA,NA,NA,NA,NA,NA,NA,NA,NA,NA,NA,NA,NA,NA,NA,NA,NA,NA,NA
"66",3716.55398302959,3835.26107983304,3957.75969288941,4084.17092359772,4214.61974134748,4349.23510706269,3617.98024521454,3735.78366200072,3857.42282250741,3983.02262064932,4112.71201695538,4246.62417097992,5838.49168969773,5905.07365479802,5971.65561989832,6038.23758499861,6104.81955009891,6171.4015151992,10314.517099773,10589.970642571,10879.9178812763,11185.1214389392,11506.3840659814,11844.5507516005,11687.7201995566,12324.3805539693,12995.7214448732,13703.6320108068,14450.1042965715,15237.2388588024,14105.6015000099,14575.812220899,15061.6974326659,15563.779645014,16082.598785526,16618.7127802894,14890.9063803834,15091.413458363,15294.62037793,15500.563492637,15709.2796455395,15920.8061757876,15171.5975694029,15262.742605705,15353.6162882297,15444.2218197833,15534.5623375968,15624.6409152275,14243.0679706563,14197.8953378718,14152.6085125249,14107.206547619,14061.6884827812,14016.0533439949,10877.5627280356,10717.0933292179,10558.9912279834,NA,NA,NA,NA,NA,NA,NA,NA,NA,NA,NA,NA,NA,NA,NA,NA,NA,NA,NA,NA,NA,NA,NA,NA,NA,NA,NA,NA,NA,NA,NA,NA,NA
"67",47536.4628850223,50236.3585528021,53206.7380865716,56474.6993933477,60070.0551319569,64025.6046852355,68377.4333792428,73165.2416791761,78432.7073651477,84227.8839918466,90603.6392671167,97618.1373486513,27243.3976187766,27261.1833200318,27278.8220161968,27296.3162101969,27313.6683407983,27330.8807847957,27347.9558591067,27364.8958227781,27381.7028789093,27398.3791764951,27414.9268121935,27431.3478320221,59290.1753446466,60956.2371935472,62702.530516649,64532.9189697081,66451.452268078,68462.375146663,70570.1367513494,72779.4004826947,75095.0543136525,77522.2216041615,80066.2724365264,82732.8354966684,48357.179053691,47948.4795484283,47545.1725139644,47147.1868008583,46754.4521984305,46366.8994223763,45984.4601025435,45607.0667708706,45234.6528494845,44867.1526389551,44504.501306705,44146.6348755721,36877.4475569421,36265.7394318353,35654.0313067286,35042.3231816218,34430.6150565151,33818.9069314083,33207.1988063016,NA,NA,NA,NA,NA,NA,NA,NA,NA,NA,NA,NA,NA,NA,NA,NA,NA,NA,NA,NA,NA,NA,NA,NA,NA,NA,NA,NA,NA,NA,NA,NA,NA,NA,NA
"68",140277.091375268,140277.939518115,140278.789107051,140279.640144543,140280.492633061,140281.346575077,120880.211594728,118253.493006288,115597.106154346,112909.667344885,110189.675884048,107435.49941348,72852.9846358367,69233.8208557108,65794.4485629598,62525.9361421896,59419.7956795109,56467.9609204998,65425.7542688965,63886.5190491526,62328.5026326222,60750.7535909142,59152.2328021792,57531.8014268354,37410.2178204507,35370.411463687,33441.8263244276,31618.3980234819,29894.3928442411,NA,NA,NA,NA,NA,NA,NA,NA,NA,NA,NA,NA,NA,NA,NA,NA,NA,NA,NA,NA,NA,NA,NA,NA,NA,NA,NA,NA,NA,NA,NA,NA,NA,NA,NA,NA,NA,NA,NA,NA,NA,NA,NA,NA,NA,NA,NA,NA,NA,NA,NA,NA,NA,NA,NA,NA,NA,NA,NA,NA,NA
"69",71023.9517960119,71005.1995627897,70986.4522806615,70967.7099483198,70948.9725644578,70930.2401277691,49864.7567893716,47994.6142721227,46086.6797841372,44137.7276481544,42144.0177718112,40101.1698338492,39139.4405102062,38357.7498325114,37610.3127868788,36895.628381493,36212.2613978972,35558.8395088094,25903.518017795,24913.168361533,23983.1310105134,23109.7329446662,22289.5248308852,21519.2674004895,22357.9131451699,21861.9682033302,21366.0232614905,20870.0783196508,NA,NA,NA,NA,NA,NA,NA,NA,NA,NA,NA,NA,NA,NA,NA,NA,NA,NA,NA,NA,NA,NA,NA,NA,NA,NA,NA,NA,NA,NA,NA,NA,NA,NA,NA,NA,NA,NA,NA,NA,NA,NA,NA,NA,NA,NA,NA,NA,NA,NA,NA,NA,NA,NA,NA,NA,NA,NA,NA,NA,NA,NA
"70",57821.3432707472,57926.5422992005,58031.9831726791,58137.6664471672,58243.5926799275,58349.7624295036,42636.8893305747,41472.1762293742,40274.1446962015,39039.749124839,37765.449153393,36447.0892065596,46361.8756554854,45253.6753314064,44171.9646163203,43116.1103220125,42085.4943955358,41079.513557428,58976.7128397932,58627.5911429316,58280.5361254991,57935.5355534698,57592.5772652391,57251.6491711948,72233.1098071866,74503.9125095409,76877.9629160312,79359.955440839,81954.7979413861,84667.6214230631,70940.4147292647,72309.4424247463,73678.4701202279,75047.4978157096,76416.5255111912,77785.5532066728,47331.6555493993,46493.6566594813,45647.8974937869,44794.0850690699,43931.9065054643,43061.0270392239,34742.0832226,33198.2532678131,31607.2449273304,29963.4679236317,28260.0850538163,26488.5764021062,23788.0865077072,22961.9787761072,22178.3934341787,21435.141719422,20730.1475318979,20061.4416351273,21198.1906170872,20595.4434591483,20021.4663535329,NA,NA,NA,NA,NA,NA,NA,NA,NA,NA,NA,NA,NA,NA,NA,NA,NA,NA,NA,NA,NA,NA,NA,NA,NA,NA,NA,NA,NA,NA,NA,NA,NA
"71",128381257.758386,128381149.945622,128381042.132949,128380934.320367,128380826.507875,128380718.695473,137816308.6163,138198662.472327,138580464.676322,138961718.331123,139342426.509249,139722592.253319,124731720.320234,124731621.977279,124731523.742335,124731425.615284,124731327.596007,124731229.684385,123542589.946668,123842386.6712,124142183.395731,124441980.120262,124741776.844793,125041573.569324,106949173.497756,105576955.623599,104194724.106598,102802195.903843,101399073.783991,99985045.2923078,99256166.0195117,98322994.7003357,97398596.7273996,NA,NA,NA,NA,NA,NA,NA,NA,NA,NA,NA,NA,NA,NA,NA,NA,NA,NA,NA,NA,NA,NA,NA,NA,NA,NA,NA,NA,NA,NA,NA,NA,NA,NA,NA,NA,NA,NA,NA,NA,NA,NA,NA,NA,NA,NA,NA,NA,NA,NA,NA,NA,NA,NA,NA,NA,NA
"72",22961123.3713231,22677608.010386,22397593.3910541,22121036.2874797,21847894.0075519,21578124.3863058,18052692.8381585,17671834.6614094,17290976.4846603,16910118.3079113,16529260.1311622,16148401.9544131,15163619.4509376,14864299.5605834,14570888.0483081,14283268.2866084,14001325.9501312,13724948.9702309,13241179.7527686,13047434.2508732,12858207.2554941,12673393.3866304,12492889.7219395,12316595.7394199,8154742.91170799,7651036.4847305,7147330.057753,6643623.63077551,6139917.20379801,5636210.77682052,7244864.38232878,7091894.52411831,6937179.596017,NA,NA,NA,NA,NA,NA,NA,NA,NA,NA,NA,NA,NA,NA,NA,NA,NA,NA,NA,NA,NA,NA,NA,NA,NA,NA,NA,NA,NA,NA,NA,NA,NA,NA,NA,NA,NA,NA,NA,NA,NA,NA,NA,NA,NA,NA,NA,NA,NA,NA,NA,NA,NA,NA,NA,NA,NA
"73",27998417.6832261,27973146.776101,27947910.2492509,27922708.0559024,27897540.1493461,27872406.4829357,35782991.8092754,36298376.4046725,36825286.5583542,37363980.0166615,37914720.2899236,38477776.7813571,30409745.9297173,30507101.0984758,30604456.2672342,30701811.4359927,30799166.6047511,30896521.7735096,28033691.9191362,27722206.9733149,27414182.9655588,27109581.4410649,26808364.3723046,26510494.1542772,20510509.1920381,19927493.6520276,19361050.4514316,18810708.5180147,18276010.169869,17756510.7347911,18247514.2700152,17883033.7889817,17530323.7368444,NA,NA,NA,NA,NA,NA,NA,NA,NA,NA,NA,NA,NA,NA,NA,NA,NA,NA,NA,NA,NA,NA,NA,NA,NA,NA,NA,NA,NA,NA,NA,NA,NA,NA,NA,NA,NA,NA,NA,NA,NA,NA,NA,NA,NA,NA,NA,NA,NA,NA,NA,NA,NA,NA,NA,NA,NA
