ts1,19.94,28.614,37.046,60.927,49.405,30.655,27.693,27.594,34.58,45.196,55.938,52.48,25.539,19.246,23.994,36.536,58.886,46.528,40.646,25.269,30.726,29.521,26.29,39.371,54.62,49.008,31.392,28.855,22.506,29.124,37.387,56.746,50.17,32.653,27.126,22.095,30.414,45.989,66.468,53.09,40.164,34.566,31.973,22.279,42.956,62.826,50.142,33.702,28.656,26.417,27.253,44.374,65.207,49.745,34.481,32.667
ts2,12.273,16.766,21.159,29.932,29.634,12.004,14.725,15.42,19.827,22.222,27.764,33.177,17.205,14.952,18.325,19.586,28.699,22.86,27.636,13.194,13.506,13.917,17.347,18.169,26.786,26.006,13.676,12.33,15.448,15.349,20.862,31.207,9.311,11.437,14.697,14.484,18.892,21.854,30.286,30.626,13.974,13.69,14.569,19.657,23.101,27.749,34.666,13.988,13.875,16.327,17.489,20.663,27.098,32.171,13.676,16.369
ts3,10.573,19.218,34.821,50.354,36.706,17.687,15.065,17.12,25.539,33.943,46.499,40.816,18.552,11.423,15.675,22.718,50.0,37.004,27.395,15.561,18.552,16.908,20.663,30.995,46.769,34.836,19.161,16.284,14.64,24.277,33.617,46.868,9.85,12.557,16.171,16.156,23.257,39.541,46.967,42.46,19.133,19.204,17.815,19.969,31.42,45.422,38.365,17.928,18.041,16.978,22.293,36.522,42.786,39.272,17.446,17.149
ts4,14.073,17.035,27.579,52.494,33.943,7.937,7.696,20.125,17.815,31.378,42.871,35.36,16.171,11.48,15.037,24.178,33.716,32.88,26.077,13.69,0.893,5.4,17.829,23.994,24.135,32.582,17.857,15.363,12.287,16.837,25.043,43.112,10.955,12.897,13.577,10.062,17.007,31.576,42.786,30.598,20.904,20.125,17.319,16.95,25.652,37.046,31.42,17.276,15.675,12.472,17.928,25.028,45.309,32.242,15.944,16.638
ts5,10.728,15.405,27.962,48.172,38.464,17.432,18.622,15.391,17.049,27.523,41.752,50.17,32.384,21.726,14.101,17.772,34.453,60.275,32.44,13.591,12.939,15.391,10.303,22.902,43.452,40.49,24.759,16.738,13.464,13.974,23.795,48.143,11.494,17.333,17.772,14.371,17.545,32.44,46.627,38.747,4.294,0.0,0.0,4.974,35.445,45.196,33.759,18.991,16.865,16.001,15.079,20.833,40.646,33.305,16.667,14.101
ts6,11.749,13.407,20.791,36.026,45.876,11.919,18.863,3.671,17.772,20.72,29.762,36.139,4.875,19.742,22.293,14.782,22.208,22.874,27.31,4.294,12.854,15.575,15.901,18.75,25.113,29.436,5.598,12.854,10.417,16.142,16.468,32.412,3.784,6.916,0.0,5.3,16.241,23.512,31.264,35.757,5.683,13.733,19.062,16.412,14.739,30.456,31.548,11.692,17.517,15.193,16.695,19.501,31.434,34.34,5.882,6.505
ts7,16.695,19.175,21.967,32.214,35.431,18.041,20.833,22.605,27.197,21.315,28.968,35.317,15.434,21.712,18.878,20.323,28.274,21.173,29.082,12.018,12.783,20.054,16.482,21.599,27.027,32.115,14.413,19.345,14.3,18.056,19.43,31.533,9.85,14.81,18.197,12.656,20.777,22.662,31.052,35.459,14.371,14.895,17.46,17.12,22.732,28.784,30.003,13.152,12.372,15.703,17.602,15.49,31.505,32.398,13.705,17.474
ts8,8.206,17.234,20.762,30.796,33.759,7.894,11.635,10.643,15.164,19.133,31.392,41.851,14.98,14.286,10.402,18.382,27.183,26.091,27.65,7.922,7.1,12.628,18.736,16.497,27.423,30.683,0.156,10.204,10.346,13.861,13.265,30.329,4.974,5.244,12.358,13.96,16.567,21.925,33.404,34.425,14.272,17.545,15.122,14.64,16.879,27.622,33.248,5.3,10.275,12.826,15.42,18.552,27.126,32.157,5.641,8.659
ts9,9.566,10.743,9.113,18.056,7.242,5.754,6.052,8.532,11.281,8.574,13.889,6.448,4.28,7.497,8.617,7.44,12.287,6.321,4.719,5.825,3.444,5.711,7.157,5.06,9.127,4.875,6.293,6.647,7.327,7.568,7.058,11.267,8.617,7.809,11.125,8.56,8.121,11.48,18.254,8.631,7.851,3.883,6.959,9.056,10.247,12.146,8.503,5.995,7.058,7.341,8.943,8.829,13.634,6.704,5.556,8.206
ts10,11.465,18.382,17.347,40.434,25.808,7.27,13.251,13.435,19.459,24.986,36.097,34.779,19.87,14.243,19.118,21.032,34.864,28.472,30.286,21.159,20.451,23.767,21.202,24.277,33.447,26.077,21.329,18.027,15.873,4.124,38.917,33.305,28.926,20.351,20.125,16.227,16.936,25.0,39.314,34.963,23.668,20.692,20.295,17.205,20.337,35.218,28.614,19.77,18.211,15.873,17.219,22.562,37.783,32.313,20.394,20.578
ts11,12.727,10.02,21.556,45.72,38.776,22.548,19.218,24.376,17.871,11.409,49.036,43.155,13.237,10.771,16.61,21.542,36.026,36.791,25.609,18.438,21.939,10.587,15.774,22.605,38.69,38.294,22.562,21.953,20.862,18.863,24.334,44.204,14.357,46.046,18.367,19.232,12.217,31.207,31.562,41.624,23.965,26.842,18.013,16.482,16.922,45.111,25.779,0.0,9.51,17.772,18.126,24.972,43.254,33.829,21.032,18.948
ts12,9.028,10.105,12.656,20.281,23.951,10.771,8.262,16.086,11.678,14.215,22.208,19.529,10.459,14.923,10.941,11.735,23.172,16.567,22.619,12.231,15.051,12.415,15.377,18.041,21.599,22.123,9.651,10.643,10.317,9.58,13.506,23.724,3.175,8.362,10.629,10.629,11.366,22.789,25.482,27.579,15.434,15.32,11.961,10.062,14.569,25.779,25.071,8.177,12.018,11.565,9.481,17.46,21.216,23.498,10.275,12.543
ts13,12.684,13.407,23.03,35.275,32.993,14.994,14.569,16.468,17.744,22.321,33.291,38.62,14.527,15.944,19.388,17.517,33.702,23.484,26.488,17.531,17.092,17.574,15.434,23.058,31.037,30.045,13.308,14.739,12.302,14.725,21.514,29.96,8.773,10.941,17.007,16.369,21.074,26.035,40.434,38.081,15.731,17.29,12.968,12.089,24.235,28.685,41.652,22.222,10.488,16.738,18.622,22.662,31.278,31.434,15.717,16.794
ts14,12.854,10.714,20.167,26.899,29.422,12.968,19.161,17.772,18.537,19.303,25.581,29.337,11.409,15.916,15.59,17.248,33.107,20.989,29.365,13.095,13.96,19.855,23.895,18.254,27.466,25.624,12.075,17.361,11.536,14.101,20.295,30.329,7.497,10.558,17.588,16.412,20.791,24.872,31.42,30.329,15.916,12.939,16.596,15.774,21.372,29.393,28.047,12.954,15.944,15.179,17.092,20.04,25.992,26.601,13.988,17.645
ts15,11.069,13.889,20.663,31.179,29.152,12.372,12.415,14.952,16.823,26.587,35.261,27.693,10.785,12.259,9.751,20.819,39.668,26.304,27.197,10.048,12.372,14.654,17.248,22.52,29.946,26.446,12.457,12.004,11.338,14.187,26.29,42.29,8.291,6.562,11.565,6.406,14.796,32.596,38.931,30.499,13.776,10.686,11.961,14.073,23.767,36.338,29.379,9.977,11.65,11.054,15.434,23.597,37.259,28.43,11.99,12.642
ts16,10.573,21.499,33.305,50.213,28.798,10.856,16.1,19.756,22.506,44.756,42.404,25.836,11.239,19.416,15.136,22.718,50.581,24.022,31.406,10.062,16.539,20.706,16.865,32.143,44.175,26.361,13.861,17.73,13.365,15.618,40.065,53.671,24.093,10.672,17.9,14.385,23.597,37.259,42.588,28.43,14.668,20.649,19.728,19.898,34.552,41.284,27.055,13.294,17.418,13.024,19.544,31.236,48.313,29.351,10.799,16.128
ts17,15.249,17.673,23.328,30.244,41.865,12.713,23.951,27.31,14.81,14.073,32.993,18.849,0.213,12.061,20.522,20.465,31.959,38.648,41.086,8.163,13.988,22.747,19.388,22.718,31.774,35.828,7.781,19.26,5.286,18.991,22.591,34.042,9.382,11.82,26.786,20.281,22.336,21.103,37.202,39.824,10.02,14.923,22.378,19.303,25.978,33.673,41.142,7.469,18.056,13.35,21.23,18.296,32.625,38.024,5.768,18.296
ts18,19.118,16.497,29.223,27.296,33.05,12.585,18.027,20.89,18.155,25.071,41.27,32.993,12.046,15.802,15.42,23.087,37.287,24.036,28.557,9.269,9.637,18.056,20.706,24.107,41.171,26.488,8.773,13.988,17.163,18.211,25.439,39.498,6.42,7.568,16.468,18.736,20.507,31.533,44.048,33.107,9.637,8.744,18.183,19.033,29.408,38.818,36.012,10.162,15.66,16.454,19.005,26.219,38.492,32.072,17.149,20.111
ts19,12.613,15.972,36.536,51.162,36.593,17.134,17.12,18.24,21.514,28.997,47.265,36.069,17.673,17.106,17.786,22.01,49.646,30.612,33.078,12.698,14.598,16.723,18.254,30.003,48.994,35.813,15.859,15.788,14.371,16.454,35.19,47.151,2.041,12.372,20.72,21.953,15.859,33.518,37.046,36.82,18.452,15.802,18.849,21.528,28.954,51.403,36.607,13.96,16.241,18.75,14.087,33.333,51.644,35.006,16.752,19.459
ts20,9.864,15.193,19.77,24.334,35.573,24.15,16.369,14.427,15.434,18.452,26.672,25.553,11.763,16.695,13.804,17.885,24.362,15.986,24.121,16.071,12.911,19.076,18.892,20.408,23.158,20.181,2.367,8.829,13.265,13.237,20.323,22.959,19.359,12.741,13.974,14.243,16.95,22.038,26.12,25.283,14.201,13.62,17.446,17.914,17.078,20.833,21.556,16.936,6.902,10.573,16.638,17.928,24.362,21.244,14.158,16.44
ts21,12.684,9.765,14.824,22.789,22.137,11.678,9.198,11.777,11.664,19.303,26.616,28.529,15.944,12.032,14.966,16.199,26.899,25.213,19.827,11.891,14.598,17.163,16.61,18.07,23.611,25.595,13.35,12.457,11.919,12.698,16.454,25.198,9.595,9.084,12.642,14.243,13.903,22.761,27.537,27.296,15.32,17.134,14.768,15.221,14.923,18.622,24.617,13.393,12.798,12.613,16.44,16.199,30.626,25.425,12.543,13.931
ts22,12.628,13.605,20.096,27.381,26.63,13.435,16.397,18.339,13.69,23.299,29.663,23.767,12.429,18.495,17.985,17.29,21.542,18.027,23.795,12.628,12.202,15.547,14.257,19.742,26.927,20.777,13.506,13.917,12.925,13.648,22.761,26.332,22.421,12.628,15.561,14.456,17.219,24.589,30.782,26.247,14.853,12.812,19.685,16.114,21.91,27.749,24.617,11.621,14.442,10.998,14.158,25.283,31.137,24.334,14.073,12.868
ts23,5.944,11.362,15.584,21.344,16.781,4.05,7.825,7.877,11.415,15.216,20.621,17.991,3.261,7.536,7.785,11.547,17.044,17.662,15.584,2.933,3.919,8.206,8.745,14.111,21.028,18.004,1.762,6.865,6.378,9.719,12.809,21.252,2.196,2.959,8.561,6.076,11.191,14.348,23.172,19.621,7.969,8.956,9.337,9.14,15.189,25.0,20.463,4.419,7.365,7.075,9.955,15.097,22.712,19.45,5.26,9.653
ts24,20.876,26.857,29.904,54.039,48.597,17.829,21.344,23.611,25.142,19.189,41.256,40.334,14.782,23.753,18.594,21.925,35.303,43.892,49.759,20.125,27.707,30.116,32.313,30.924,36.395,37.174,10.062,15.32,20.309,18.041,35.743,40.788,4.663,0.0,17.602,21.4,23.285,34.453,42.446,46.244,14.938,23.044,20.139,21.91,24.816,37.443,41.752,12.642,20.777,18.991,21.117,30.286,40.901,35.034,6.718,17.474
ts25,11.409,14.555,22.945,30.357,30.13,15.958,15.065,19.615,21.259,22.548,28.316,32.469,16.539,17.021,15.377,16.27,32.851,24.773,21.542,16.511,22.761,21.23,16.525,22.988,28.671,29.776,13.265,16.369,14.229,16.241,22.265,33.036,11.168,12.089,14.031,15.944,17.276,25.198,33.815,30.003,18.934,2.778,13.761,13.931,19.133,33.121,25.142,16.086,16.468,17.829,15.59,22.676,32.625,32.129,6.25,18.41
ts26,13.743,18.201,14.611,23.935,30.892,4.695,9.271,15.426,14.663,19.056,24.658,33.062,13.756,19.082,16.018,19.884,26.197,23.343,29.853,10.823,14.755,18.503,19.503,18.122,21.91,30.931,12.165,13.703,13.125,12.967,18.254,25.552,5.26,8.075,14.124,14.19,16.767,22.357,28.985,29.734,16.215,17.754,17.728,13.743,18.543,24.895,29.603,11.099,13.546,14.69,15.86,16.136,25.631,30.274,13.94,13.993
ts27,4.11,5.471,5.258,12.457,10.813,5.385,8.376,5.513,5.329,7.681,9.283,11.154,6.122,6.959,6.888,6.817,11.976,10.062,15.051,7.426,8.943,9.765,5.782,8.829,9.396,12.061,6.576,6.023,5.215,4.28,6.874,9.609,1.97,4.138,5.159,5.711,6.052,7.044,11.21,13.464,7.752,8.418,5.456,5.882,6.704,12.103,11.267,5.754,4.875,5.215,6.378,8.135,11.678,9.609,8.277,6.193
ts28,9.34,12.259,20.904,28.685,27.636,12.245,15.873,17.404,16.27,24.376,27.962,24.688,9.623,14.031,12.939,13.421,29.124,20.139,18.141,11.536,12.769,13.223,14.328,22.591,25.283,31.689,18.736,16.865,9.949,10.842,19.756,29.79,6.576,5.711,8.588,14.498,12.429,29.776,27.296,23.115,12.769,12.117,13.365,12.316,21.599,24.943,23.158,11.905,11.097,9.921,11.961,29.025,27.253,22.123,7.724,8.149
ts29,13.039,15.986,30.074,45.451,41.723,16.695,7.653,21.372,21.358,29.677,48.498,23.299,19.94,17.418,18.594,21.811,25.609,35.147,29.946,15.83,17.999,16.497,21.145,19.303,44.076,30.867,18.311,14.031,14.484,14.328,25.624,46.386,13.166,0.0,10.771,18.467,19.728,25.765,50.765,37.826,27.707,25.68,23.299,17.503,28.812,38.294,36.536,20.068,15.193,17.205,15.505,17.574,45.096,29.96,13.18,13.662
ts30,7.823,10.162,17.914,29.592,21.287,8.107,13.903,10.998,11.763,19.997,30.556,23.101,6.548,9.878,11.338,11.508,33.532,33.447,32.667,4.124,0.0,17.432,15.349,13.974,23.866,25.156,7.611,7.412,6.732,4.323,9.184,26.786,3.841,8.801,10.303,5.995,11.069,16.624,30.06,18.07,6.533,5.456,8.56,9.07,14.853,26.417,18.594,6.548,10.899,5.286,12.543,20.167,30.839,16.978,7.568,9.269
ts31,9.552,16.171,17.049,28.897,29.719,11.168,13.492,14.371,19.969,19.841,27.083,26.913,12.387,11.749,11.196,20.04,26.545,24.887,26.077,7.809,10.502,14.739,15.193,16.879,29.365,24.391,10.176,13.194,12.103,17.078,17.12,26.46,7.015,8.121,14.073,10.984,18.566,22.633,28.486,27.905,11.224,14.272,16.312,11.678,17.389,27.083,29.578,8.036,8.759,13.733,17.361,18.183,28.316,26.148,10.927,12.798
ts32,14.654,13.393,24.787,35.672,29.28,15.32,17.234,22.562,9.666,20.238,15.065,30.187,10.799,13.676,14.413,17.574,28.515,17.163,22.747,9.439,10.7,16.78,15.845,17.063,25.638,22.917,10.785,12.132,11.168,12.67,20.564,26.772,6.533,8.262,15.009,13.209,16.199,26.516,28.104,25.85,9.014,10.658,12.84,10.516,18.722,23.285,37.925,14.966,15.405,16.185,13.407,20.89,27.268,30.726,10.757,17.616
ts33,8.829,12.783,24.872,42.078,32.157,4.974,10.062,14.541,16.426,24.093,37.642,31.718,14.243,23.186,16.1,16.383,43.991,28.94,26.361,12.996,13.379,17.531,19.799,24.915,38.166,37.231,26.375,26.063,2.409,12.231,23.413,39.512,6.874,7.384,20.819,11.593,15.802,20.153,40.618,36.154,12.16,14.158,15.108,14.144,23.512,33.645,45.706,26.956,20.933,12.543,13.251,23.37,42.319,34.524,13.237,12.344
ts34,24.646,25.751,37.684,65.632,60.332,34.977,28.189,28.075,24.972,37.642,61.097,61.437,30.159,28.912,26.46,21.358,33.645,46.329,42.715,32.596,27.99,26.786,32.412,38.279,56.448,54.563,28.784,22.931,25.099,25.014,38.776,61.848,20.082,26.474,27.92,29.578,31.009,42.545,67.645,59.439,35.573,34.425,21.91,25.326,37.472,60.048,54.521,28.43,23.965,21.925,23.172,41.071,61.267,49.575,0.0,17.659
ts35,11.508,14.498,19.87,37.826,30.13,4.223,14.598,17.8,20.337,24.164,31.718,28.798,6.973,16.652,10.204,18.878,36.607,12.628,23.271,5.272,8.815,13.634,15.845,20.677,31.859,23.243,5.329,16.426,11.069,14.427,21.925,35.7,2.423,0.397,10.856,10.714,18.863,28.245,37.698,23.158,5.697,5.754,12.783,15.306,22.775,34.014,22.832,4.847,13.237,12.528,12.202,24.008,32.285,24.135,6.902,13.79
ts36,5.952,7.412,16.709,17.517,18.608,4.649,5.882,7.497,8.773,12.613,14.456,21.953,3.288,7.851,6.675,8.574,14.782,6.335,17.616,2.905,3.33,5.711,5.867,13.294,13.605,20.536,9.85,16.015,10.998,8.348,11.876,19.487,3.855,3.118,7.086,8.348,9.255,15.235,17.078,26.545,4.337,5.088,10.728,7.908,13.506,14.938,24.192,3.302,7.398,5.669,8.418,15.448,16.44,23.753,3.968,10.091
ts37,14.215,16.327,18.098,24.221,9.921,2.395,16.355,13.237,14.016,13.024,18.367,6.505,3.288,11.224,11.706,10.615,20.026,3.231,4.521,1.658,1.247,11.593,10.884,10.516,14.782,4.28,2.65,14.357,15.037,13.705,14.683,20.947,2.225,3.033,15.76,14.768,17.871,19.459,31.916,33.461,4.379,4.563,34.694,38.747,41.001,33.277,7.979,3.245,13.889,14.272,14.187,13.761,20.706,6.335,4.28,12.925
ts38,21.287,23.115,35.672,45.762,36.763,8.078,17.149,25.595,29.365,35.615,29.776,38.591,18.523,19.359,23.058,26.956,38.648,33.716,32.823,18.296,18.353,23.158,21.74,30.967,35.587,36.777,15.264,17.673,27.664,30.074,36.848,50.213,12.755,15.434,23.639,23.724,26.772,39.002,51.984,39.966,24.745,23.611,26.8,21.995,39.144,44.359,34.779,21.896,24.915,20.408,24.646,30.655,41.865,41.171,19.331,20.918
ts39,12.585,16.298,20.791,28.642,27.253,12.628,13.676,22.931,17.092,19.643,28.897,24.816,10.077,13.62,13.535,17.049,26.446,26.658,28.997,15.405,17.857,17.134,19.7,23.71,30.541,26.942,15.065,14.697,14.201,13.747,20.564,29.266,10.728,11.565,13.974,10.743,11.706,18.807,34.977,31.108,18.778,15.065,18.24,16.355,24.731,26.02,30.981,13.45,16.114,13.336,15.859,22.421,28.897,31.959,13.166,13.861
ts40,11.905,14.286,19.104,27.65,25.099,15.179,16.114,17.956,13.053,15.334,29.776,26.8,15.334,18.112,14.612,14.994,24.022,18.098,22.421,13.846,13.605,15.349,15.675,16.978,24.263,15.391,0.0,9.283,13.549,13.294,19.459,28.33,25.709,13.804,15.094,23.413,20.054,21.755,31.973,26.006,17.46,12.372,17.701,13.676,16.964,28.798,29.138,17.333,14.966,12.783,15.547,20.111,30.371,29.549,16.27,21.103
ts41,12.769,14.909,25.907,36.876,30.626,12.741,14.272,17.871,13.917,25.213,26.587,40.136,20.536,14.64,16.27,16.185,35.587,23.044,26.148,9.24,0.142,10.813,12.925,24.306,30.286,26.63,6.888,2.863,14.172,14.966,23.753,32.228,8.56,10.629,15.944,18.169,17.063,27.622,35.317,30.074,17.687,5.13,1.346,14.895,24.306,28.727,27.168,13.322,10.771,12.599,15.533,22.35,35.714,27.509,12.826,15.83
ts42,11.876,11.749,20.153,39.215,28.231,15.193,17.829,16.256,16.638,25.312,34.921,31.448,16.227,16.709,13.039,17.333,32.851,23.143,21.755,13.776,11.848,14.668,20.663,25.17,33.73,28.387,14.512,15.122,16.355,15.334,22.69,38.62,8.418,12.982,14.385,12.954,16.738,29.138,36.465,32.625,20.422,15.972,14.342,13.903,23.115,34.495,34.651,18.467,14.739,13.18,13.705,23.696,37.911,32.681,18.637,15.717
ts43,18.197,18.027,23.285,30.938,30.187,10.743,16.879,24.093,23.54,23.668,25.043,32.242,12.769,16.454,20.621,21.06,29.053,28.118,28.217,22.166,24.079,22.208,25.709,24.957,20.607,31.066,12.769,14.016,19.033,18.027,23.994,11.111,8.603,10.02,14.073,17.049,14.555,37.117,35.955,35.771,21.74,19.87,19.799,19.118,24.079,35.984,36.48,16.298,15.079,20.805,18.41,24.221,24.702,28.614,14.923,20.238
ts44,13.109,14.683,18.537,22.775,28.26,11.947,16.993,15.349,15.15,22.945,26.8,28.019,7.129,14.002,14.753,20.692,29.408,25.213,21.542,11.465,11.579,13.464,13.265,25.794,28.373,25.921,7.171,7.781,11.635,14.598,19.855,30.896,8.957,12.174,12.769,13.024,16.468,28.047,29.308,28.699,13.209,23.88,14.272,13.124,20.777,26.134,27.239,13.237,14.598,13.124,17.021,22.662,27.041,27.154,11.196,13.577
ts45,9.198,13.053,19.87,24.972,27.834,10.275,13.62,18.141,14.867,13.818,25.68,26.701,10.162,12.273,10.941,13.308,24.376,23.484,27.168,7.937,10.615,14.654,13.095,14.314,21.386,23.002,10.7,10.006,10.969,11.182,12.202,22.931,5.754,0.113,8.333,13.421,16.823,22.08,27.622,31.477,9.538,10.984,18.226,11.961,16.823,25.128,26.899,12.146,12.769,19.147,17.46,16.071,24.83,26.786,10.969,11.48
ts46,9.099,10.998,18.126,26.318,24.546,14.031,16.001,18.835,15.164,26.687,23.668,25.085,12.84,17.134,15.83,14.612,35.02,13.761,28.104,15.646,11.834,19.7,12.259,25.255,22.817,19.955,12.429,14.342,13.109,13.379,21.003,22.265,19.104,9.949,13.421,16.851,16.426,29.209,26.077,26.46,15.462,13.549,16.908,12.528,22.973,27.565,23.71,13.393,14.838,11.933,12.089,23.285,24.249,25.156,11.38,16.213
ts47,19.94,28.614,37.046,60.927,49.405,30.655,27.693,27.594,34.58,45.196,55.938,52.48,25.539,19.246,23.994,36.536,58.886,46.528,40.646,25.269,30.726,29.521,26.29,39.371,54.62,49.008,31.392,28.855,22.506,29.124,37.387,56.746,50.17,32.653,27.126,22.095,30.414,45.989,66.468,53.09,40.164,34.566,31.973,22.279,42.956,62.826,50.142,33.702,28.656,26.417,27.253,44.374,65.207,49.745,34.481,32.667
ts48,16.185,18.452,33.688,47.506,51.701,20.181,13.237,21.244,22.747,27.523,37.075,45.111,14.867,12.188,21.599,20.833,43.353,41.553,32.866,15.533,17.985,18.821,19.799,27.509,36.196,43.282,24.15,16.738,18.155,19.317,25.595,47.633,14.753,0.0,5.527,25.368,22.817,31.718,48.824,42.744,21.556,21.57,12.075,18.211,25.652,49.617,35.856,0.0,12.061,22.662,19.728,26.176,47.279,47.817,7.384,10.176
ts49,8.702,11.026,20.408,37.217,28.16,14.697,13.251,21.117,16.412,21.698,28.784,34.751,17.545,17.786,10.728,11.933,26.12,25.468,24.15,12.358,9.991,13.223,17.871,15.604,27.764,24.717,11.65,12.783,10.091,12.783,18.934,28.827,8.007,7.398,14.215,12.826,13.889,18.339,31.406,24.702,5.272,8.262,16.497,12.472,15.334,28.671,24.957,9.41,12.316,9.609,10.02,20.224,25.581,26.332,8.702,8.291
ts50,12.727,10.02,21.556,45.72,38.776,22.548,19.218,24.376,17.871,11.409,49.036,43.155,13.237,10.771,16.61,21.542,36.026,36.791,25.609,18.438,21.939,10.587,15.774,22.605,38.69,38.294,22.562,21.953,20.862,18.863,24.334,44.204,14.357,46.046,18.367,19.232,12.217,31.207,31.562,41.624,23.965,26.842,18.013,16.482,16.922,45.111,25.779,0.0,9.51,17.772,18.126,24.972,43.254,33.829,21.032,18.948
ts51,9.442,11.639,17.951,24.592,28.183,15.189,6.089,15.071,13.69,17.294,23.422,31.155,21.462,4.235,11.205,13.361,20.266,29.774,24.895,10.836,9.022,9.903,9.442,16.11,22.291,24.342,15.61,12.546,11.073,9.337,17.898,25.947,7.286,8.154,12.678,11.415,21.502,18.069,28.064,28.735,29.471,22.554,4.287,12.362,15.65,23.001,27.656,12.927,15.926,10.534,16.136,17.109,24.079,27.564,13.664,12.875
ts52,13.204,15.413,31.996,60.85,48.843,11.652,16.689,18.858,17.517,37.612,60.468,53.301,14.571,18.898,20.305,19.371,85.192,53.906,64.729,14.098,12.388,15.873,17.872,33.877,48.54,41.597,13.901,13.309,21.857,14.111,36.441,53.84,13.953,11.481,18.148,16.281,24.277,39.4,62.664,51.46,16.347,15.992,26.328,17.386,34.087,63.388,44.161,13.914,12.059,15.032,14.124,35.521,63.506,46.476,15.071,12.27
ts53,8.39,10.481,9.719,17.741,18.254,7.785,6.049,11.021,11.507,11.888,13.401,17.741,6.707,8.048,11.599,12.059,17.109,15.308,14.979,6.786,8.969,10.074,10.573,10.416,16.281,14.032,9.114,7.917,8.561,10.047,11.915,17.215,5.313,6.391,9.127,6.786,12.796,12.559,17.425,21.436,8.666,11.599,11.244,11.678,10.284,13.125,16.439,7.759,7.983,7.575,11.336,11.888,17.28,17.898,10.481,8.574
ts54,12.23,16.82,19.345,30.445,28.301,13.546,17.912,16.675,19.805,20.739,25.158,26.973,13.519,17.701,15.597,23.33,24.513,19.358,22.699,13.901,13.598,15.295,18.438,22.488,29.853,27.722,15.492,12.927,15.163,16.518,18.951,28.511,7.614,13.019,18.161,12.664,11.073,22.935,11.954,31.312,10.665,0.0,10.258,17.044,6.694,28.261,26.052,13.506,12.007,14.611,16.149,18.595,28.117,0.907,8.035,16.097
ts55,6.931,8.325,11.81,17.083,16.899,8.101,7.733,9.679,10.06,11.796,16.268,15.163,8.39,1.841,8.456,6.773,15.229,14.085,14.269,8.377,8.272,10.955,8.101,11.994,15.071,15.663,8.509,7.93,5.944,8.693,10.679,17.057,6.352,5.892,6.602,7.128,8.693,14.492,18.398,17.517,9.442,8.509,9.245,8.666,12.822,14.769,17.438,7.102,8.285,9.087,10.402,11.494,14.072,15.281,7.009,7.562
ts56,6.944,9.219,10.771,13.927,20.095,3.261,9.705,9.968,10.652,10.863,18.49,21.16,3.958,8.561,9.232,10.994,12.23,28.893,30.721,8.732,12.743,14.611,6.431,11.81,13.611,13.953,3.682,8.903,7.759,9.377,8.995,11.152,0.0,2.893,9.179,8.43,9.1,13.532,19.569,22.146,3.59,7.062,9.232,9.087,9.245,14.045,22.186,3.524,8.824,10.402,11.836,8.982,15.295,17.701,2.722,8.246
ts57,14.821,18.096,15.255,25.934,31.142,11.257,15.466,15.781,18.885,17.004,27.775,30.129,11.231,19.819,21.028,20.095,22.449,18.543,20.818,8.193,9.456,16.36,15.242,14.321,10.718,28.038,10.731,16.044,13.638,16.452,15.058,26.236,5.352,7.036,13.835,16.478,18.858,22.094,29.274,29.011,8.759,9.85,19.174,18.477,18.793,25.132,27.486,10.31,13.677,15.886,19.398,19.45,21.791,25.868,9.824,17.635
ts58,10.429,14.203,17.07,36.06,37.02,14.15,8.903,16.518,18.267,23.172,32.299,36.323,13.164,11.56,10.915,14.098,33.614,27.236,31.746,11.823,16.176,11.849,11.612,23.869,29.682,34.008,11.875,13.874,11.954,12.651,25.092,36.349,11.441,11.612,17.057,15.676,14.453,32.075,37.599,37.375,15.518,20.082,15.479,9.561,21.739,28.617,37.954,11.533,18.109,15.295,12.493,27.591,35.955,35.113,14.598,15.439
ts59,7.299,8.048,12.638,19.227,23.724,7.983,14.072,12.927,9.561,12.756,19.253,16.767,0.0,2.183,10.731,11.468,13.769,20.331,17.701,6.681,7.47,9.784,6.168,11.902,18.937,21.002,7.693,8.561,8.627,8.745,0.736,18.451,5.931,5.918,7.654,8.535,10.836,12.48,20.989,28.288,11.481,14.321,15.873,12.77,17.649,25.815,25.487,8.009,12.888,13.914,9.903,17.425,20.818,23.645,8.811,9.258
ts60,13.138,15.347,17.096,29.642,27.117,15.229,15.781,24.395,20.358,23.869,30.76,28.353,18.556,15.032,13.019,16.531,20.055,16.439,17.925,1.46,0.0,10.324,10.258,13.519,22.212,20.765,10.481,13.414,14.571,16.241,13.809,23.488,8.64,9.942,16.307,12.717,16.82,22.107,30.497,1.276,0.0,0.0,6.825,12.454,9.968,8.851,28.327,16.255,14.072,12.756,15.071,12.546,21.015,24.487,16.754,14.65
ts61,9.1,13.453,18.227,23.054,32.654,9.574,14.808,17.201,17.123,18.293,11.704,29.392,13.282,11.902,10.876,14.663,18.727,26.933,24.776,8.14,9.206,13.848,12.651,13.072,20.66,26.973,9.745,11.415,12.059,14.085,20.713,23.396,5.76,10.047,13.585,2.722,17.872,18.582,20.095,33.732,12.993,13.782,14.427,15.255,15.347,24.316,28.261,10.573,9.193,11.678,13.703,17.162,17.912,31.51,8.64,13.296
ts62,10.008,17.057,26.815,35.205,11.376,0.0,12.796,19.292,17.991,25.894,35.389,29.3,13.506,16.597,14.94,18.477,39.834,26.841,24.171,13.703,20.884,19.766,17.162,22.856,32.93,27.288,15.886,16.11,11.586,14.861,25.5,36.31,6.168,0.026,13.44,15.189,16.189,30.313,41.557,30.208,18.53,15.281,18.635,14.216,31.944,31.102,32.062,13.282,13.322,13.072,15.11,25.789,33.167,28.34,11.718,15.439
ts63,11.06,9.258,11.428,23.356,25.276,8.759,11.336,13.388,14.427,16.228,24.356,23.238,6.562,11.376,11.178,13.638,19.24,18.727,20.529,7.549,10.744,11.796,11.27,12.927,20.739,20.976,7.93,10.534,9.35,9.022,12.336,23.751,3.235,5.655,11.586,9.6,9.035,14.861,26.118,23.803,9.074,11.441,13.164,12.822,12.191,28.972,21.12,10.56,14.137,10.626,11.349,13.493,24.974,24.25,10.889,10.1
ts64,8.956,14.545,16.097,20.686,6.549,3.051,11.612,21.502,10.679,18.293,30.181,6.865,3.169,11.086,11.27,13.019,18.872,5.405,6.628,3.761,3.38,8.443,11.639,15.005,17.491,6.339,3.196,11.415,8.653,10.139,12.822,20.029,6.668,2.854,16.228,11.139,13.638,24.895,24.264,9.271,3.787,2.393,13.269,13.256,14.782,17.438,13.73,6.615,11.257,8.903,10.955,14.716,22.278,7.483,3.025,11.81
ts65,16.202,20.555,29.024,45.463,50.96,16.767,20.594,19.542,25.855,25.197,33.298,45.7,19.989,17.228,18.056,22.554,39.861,47.344,39.65,17.557,18.951,24.185,21.449,27.88,44.095,37.783,17.714,17.977,16.623,19.542,26.881,51.526,13.098,16.281,16.228,20.292,22.883,34.35,50.224,51.881,27.17,24.053,19.713,22.238,26.618,51.039,45.897,22.344,16.886,16.334,20.91,29.55,45.279,48.014,27.735,17.991
ts66,17.149,21.37,33.89,52.867,33.022,19.122,20.266,26.539,23.593,31.497,42.478,46.16,18.056,19.135,21.91,25.579,32.496,39.387,32.457,15.36,3.261,12.099,18.359,24.711,41.097,22.251,0.0,12.585,21.002,22.436,30.037,45.976,14.243,15.623,20.45,23.54,25.921,36.244,48.317,43.004,14.479,19.937,21.699,23.527,30.905,42.543,45.463,19.358,20.555,18.674,19.319,28.117,47.396,46.528,17.478,14.295
ts67,20.41,23.356,26.157,32.864,35.731,23.08,25.565,26.447,30.602,32.141,36.441,37.322,20.726,24.776,25.539,25.513,35.008,26.815,26.078,8.916,0.0,18.951,21.042,26.512,27.012,36.744,22.278,24.211,27.696,25.092,27.025,39.19,10.626,15.676,28.932,23.422,26.394,30.826,36.915,37.993,29.011,33.522,29.655,26.144,27.209,37.23,39.795,6.102,18.214,24.237,23.632,30.208,31.917,39.782,26.223,25.802
ts68,37.835,41.781,48.987,61.415,63.769,39.611,23.645,43.293,45.16,52.17,63.638,64.611,41.649,42.583,45.989,42.557,49.435,49.921,39.374,31.891,32.338,44.358,38.532,45.516,53.485,55.918,38.138,40.729,22.909,46.318,42.504,56.339,23.067,0.0,29.958,43.438,46.87,56.418,62.23,66.531,20.134,0.053,23.435,41.781,44.174,55.195,58.811,45.476,40.821,45.121,45.16,43.359,62.112,60.389,26.433,19.016
ts69,10.521,13.23,19.608,23.961,38.519,6.01,12.441,17.609,16.478,22.607,24.04,32.641,6.47,15.308,15.558,17.53,25.697,20.252,29.445,4.524,7.22,17.635,15.821,15.505,19.897,31.931,4.05,14.926,12.388,14.348,16.899,22.462,5.497,4.287,16.123,4.59,19.963,23.632,28.367,36.073,5.747,9.469,14.755,8.903,2.288,29.037,32.049,5.497,14.69,13.611,14.729,15.058,25.053,31.51,6.286,13.716
ts70,8.89,11.836,19.306,26.118,27.578,11.652,16.61,13.598,14.216,18.214,22.265,29.221,10.639,13.835,12.664,14.15,21.541,17.675,22.883,8.851,10.271,13.493,13.164,16.373,20.068,21.476,11.599,11.086,11.244,11.941,15.65,19.95,6.26,9.679,17.07,14.44,14.584,19.871,23.632,30.773,9.035,12.967,14.979,14.479,17.741,20.608,26.157,13.874,13.664,12.033,11.165,15.768,23.343,22.541,11.178,13.901
ts71,9.771,13.493,15.189,23.33,16.031,13.125,14.15,13.348,13.125,13.624,15.452,14.111,9.627,9.206,10.705,9.903,15.86,10.402,10.455,0.0,0.0,0.0,3.38,12.625,20.068,11.362,3.524,7.009,8.561,9.048,12.296,24.014,13.598,17.031,12.283,9.811,10.836,16.426,22.554,15.715,16.833,13.296,21.397,12.888,12.862,22.317,15.544,12.23,14.256,12.415,14.716,14.427,19.503,16.689,13.94,12.809
ts72,10.863,16.965,18.569,26.578,24.053,8.062,8.075,15.834,18.569,15.281,21.778,22.935,12.191,8.509,10.284,14.834,19.753,19.49,16.649,7.917,13.414,10.902,12.717,19.437,24.816,21.962,11.126,7.601,9.824,16.767,20.779,21.541,8.627,9.337,9.876,9.916,16.873,24.671,26.157,26.289,15.36,11.875,0.0,6.405,24.974,27.117,24.882,11.52,10.889,11.27,12.165,20.95,27.065,21.62,13.401,10.56
ts73,14.479,15.308,20.292,22.633,31.207,4.958,11.56,12.599,11.783,16.399,27.63,29.984,8.075,11.599,9.153,12.257,19.095,27.775,24.974,4.984,6.891,12.875,9.166,15.347,20.384,23.908,5.024,10.718,8.338,9.521,12.993,25.881,3.761,5.471,12.599,10.889,13.519,21.081,32.746,31.944,7.391,10.718,12.651,10.402,15.11,21.988,25.644,6.523,9.982,9.245,8.798,14.348,18.293,30.313,5.576,9.337
ts74,9.258,9.337,13.677,26.565,21.318,12.112,13.611,11.139,11.323,12.204,23.461,25.447,12.217,10.376,12.559,12.349,19.122,21.476,21.883,14.624,15.663,9.995,12.441,12.401,20.371,22.159,9.771,9.298,10.6,9.679,11.218,23.948,7.983,9.1,10.113,11.191,13.73,14.611,25.329,27.578,14.9,15.939,9.022,8.614,13.677,24.816,22.409,11.507,10.705,9.653,10.1,6.878,25.224,23.054,11.257,10.915
ts75,13.546,11.757,19.029,27.512,32.483,11.007,13.059,16.531,11.376,17.82,25.289,28.393,8.298,13.651,15.637,11.113,14.611,16.728,27.762,7.759,11.218,12.441,16.478,12.612,16.294,24.474,8.39,12.151,13.256,10.81,13.572,24.632,5.471,5.523,7.154,3.117,9.955,25.105,29.445,27.841,9.587,9.127,19.424,9.022,17.701,24.553,24.106,8.561,5.708,13.901,11.507,6.365,21.462,24.093,6.575,10.442
ts76,12.927,11.731,14.611,23.014,18.188,10.521,14.519,16.07,15.821,20.279,23.054,25.802,9.429,12.099,13.125,16.268,22.436,15.426,22.62,10.205,11.731,12.533,14.926,13.822,20.884,22.896,10.784,14.506,14.348,13.861,15.755,26.486,5.037,6.207,12.704,14.032,13.44,19.74,27.209,21.028,12.283,16.32,14.821,11.507,18.069,26.065,22.975,9.534,14.9,14.019,14.506,16.268,22.146,26.118,11.362,16.057
ts77,13.177,12.888,10.823,25.723,25.697,14.243,15.952,18.806,24.908,17.044,20.831,23.645,12.415,13.493,14.808,19.595,24.04,19.2,17.188,8.93,13.546,12.296,11.941,15.518,18.569,22.488,12.138,15.189,14.676,13.73,14.966,22.475,7.141,9.311,15.965,11.376,15.268,18.951,26.381,27.275,16.241,19.687,16.82,13.164,17.951,22.33,25.565,11.586,14.098,14.742,15.321,16.281,24.29,27.472,14.019,14.479
ts78,13.361,14.611,20.463,28.459,31.036,20.279,21.87,21.988,19.871,17.28,28.327,31.483,17.346,16.978,14.177,17.728,24.303,24.171,20.936,16.044,14.558,18.043,16.82,17.254,26.276,22.712,14.203,18.425,14.466,14.545,17.004,32.799,8.614,9.955,16.452,14.611,13.138,26.223,34.653,29.774,26.17,28.498,22.83,23.698,19.122,26.512,29.156,15.755,19.227,12.599,16.452,18.319,32.47,31.852,18.543,15.9
ts79,9.666,10.705,18.806,30.313,29.432,12.612,7.654,13.874,12.664,18.688,24.448,25.552,10.521,12.875,9.061,15.032,27.578,22.856,17.517,12.388,16.018,14.164,11.665,20.331,29.669,30.129,14.558,11.099,13.94,10.337,20.016,28.84,7.325,7.641,11.731,15.807,13.769,24.158,23.159,21.173,11.402,11.152,8.68,11.06,15.295,27.762,24.04,8.377,10.034,10.836,10.376,18.017,25.158,22.08,10.113,12.901
ts80,12.322,18.319,23.777,42.885,39.006,17.675,19.292,24.724,17.478,26.736,41.241,39.716,19.108,15.781,9.429,20.516,30.168,42.898,28.617,18.175,27.564,20.66,16.846,18.49,31.602,33.062,14.861,14.137,16.149,16.386,20.331,33.653,12.664,0.0,15.597,18.214,20.082,25.96,38.572,36.783,19.819,16.636,17.425,14.519,21.857,30.642,35.797,16.557,15.334,20.963,15.084,18.135,36.205,35.521,15.005,12.296
ts81,4.629,5.352,12.678,14.361,11.415,6.076,6.405,7.365,7.115,9.166,14.611,17.583,5.523,7.194,8.43,5.839,13.361,6.47,11.244,4.09,4.734,7.47,6.549,7.259,11.547,17.017,4.748,6.234,6.786,6.115,8.088,15.571,3.761,4.997,6.115,7.654,7.154,10.784,17.964,20.897,6.431,4.077,9.206,5.589,8.114,11.021,13.835,4.761,5.813,6.773,5.957,11.126,14.834,15.084,5.458,9.127
ts82,10.06,9.35,15.032,23.632,17.767,6.602,9.653,11.862,10.363,15.597,17.412,16.715,6.378,8.916,10.718,14.19,25.947,17.136,15.65,8.417,9.903,10.166,10.994,10.902,19.135,14.15,5.313,9.311,10.968,6.839,13.795,20.686,4.669,5.076,9.206,12.257,10.757,17.925,20.884,20.489,12.454,14.177,13.703,11.27,15.4,23.488,19.989,7.601,11.007,9.206,10.665,15.032,19.937,16.531,7.154,10.928
ts83,18.161,23.211,32.825,38.388,48.672,21.686,19.358,22.791,27.67,34.495,52.551,52.446,24.435,19.674,20.542,23.369,58.259,43.227,38.296,22.633,25.684,18.346,25.46,35.744,51.302,43.911,24.342,20.213,19.937,18.885,33.943,55.642,14.19,0.0,15.479,21.923,27.854,38.677,61.297,59.508,29.09,25.381,20.568,20.884,32.194,56.76,53.104,29.537,24.895,20.897,20.358,37.954,71.541,77.315,24.329,15.492
ts84,13.204,12.822,15.768,23.106,28.985,17.175,18.582,19.555,17.714,19.266,22.251,23.803,13.769,16.794,13.427,15.544,28.025,14.821,32.128,22.501,23.448,20.752,14.164,14.466,24.868,21.186,12.756,9.245,18.043,14.742,16.11,25.75,7.536,11.468,14.506,16.386,17.386,21.686,27.275,49.342,16.149,16.399,15.623,16.399,16.373,22.685,22.646,13.19,15.597,15.505,13.48,17.28,27.972,26.723,14.729,18.714
ts85,9.311,10.35,11.415,18.951,24.803,4.563,8.482,11.441,11.586,11.362,18.99,27.367,5.694,9.942,12.322,12.007,16.334,9.942,22.988,3.524,4.787,13.966,8.456,10.363,11.454,20.857,4.616,7.904,7.917,7.667,9.771,17.109,2.512,8.219,11.52,9.048,9.482,13.467,21.16,25.237,3.998,4.458,11.099,14.782,19.043,17.267,22.278,4.563,6.115,9.114,8.482,9.442,15.781,22.199,3.064,7.588
ts86,8.548,9.521,14.742,20.673,27.446,5.971,13.756,15.689,14.598,15.281,19.608,25.631,4.971,12.559,12.388,13.914,18.964,13.309,25.934,6.194,5.142,13.769,10.087,14.335,18.425,22.488,5.984,11.191,9.942,14.308,12.178,20.647,4.932,6.76,13.546,12.651,15.426,3.235,17.938,31.063,6.365,6.444,15.729,13.243,16.833,22.725,26.526,6.418,10.718,11.257,11.915,16.597,20.831,22.738,5.602,15.268
ts87,11.783,13.401,27.959,41.623,26.762,13.335,16.531,18.227,17.136,25.237,37.914,25.973,12.27,13.085,13.848,15.163,32.614,24.329,20.082,8.772,11.625,11.52,12.796,21.015,31.944,26.341,13.059,12.296,14.926,16.965,22.935,38.48,8.325,11.021,14.637,17.346,15.308,27.42,40.847,29.353,10.166,12.559,18.595,15.637,22.975,35.876,27.367,12.296,12.178,12.073,13.164,24.448,37.599,26.591,12.809,12.901
ts88,7.851,9.219,7.825,12.441,3.827,1.959,11.007,9.337,9.64,10.008,13.046,7.785,2.735,9.193,8.745,9.403,9.14,4.221,3.551,1.526,1.986,3.419,6.589,6.917,10.113,3.814,3.34,14.558,13.743,12.059,17.386,16.426,8.772,5.971,15.229,14.492,19.319,17.517,25.829,16.597,10.429,9.456,23.422,18.043,18.109,22.041,15.255,9.968,13.375,16.018,16.544,14.558,19.292,14.676,11.389,21.278
ts89,12.625,7.509,12.507,17.859,9.745,6.128,7.128,10.113,8.14,9.89,12.638,7.536,4.708,4.734,5.063,4.945,8.101,4.629,5.011,3.63,2.972,6.405,5.221,6.168,7.246,6.681,4.366,5.484,5.076,5.747,7.641,11.547,2.459,2.446,11.888,7.378,8.798,13.243,14.861,10.324,7.128,5.418,16.978,8.443,11.257,12.151,10.363,5.655,8.377,9.705,8.89,10.547,13.493,11.494,8.68,9.179
ts90,10.784,16.07,21.66,28.998,29.34,14.243,14.874,17.491,19.437,20.831,34.035,27.814,10.192,13.361,14.466,19.582,28.972,28.353,17.912,4.655,9.534,14.782,15.781,18.175,27.578,24.224,10.218,10.6,14.387,14.19,17.859,32.943,5.694,8.93,13.624,15.11,15.11,29.366,32.983,33.693,12.927,9.534,14.361,22.896,19.726,33.903,27.788,11.533,12.033,10.705,12.336,19.726,30.681,27.433,11.639,11.836
ts91,10.258,11.191,13.716,22.344,27.867,12.073,13.953,14.295,14.716,14.492,12.151,20.713,8.206,15.137,12.151,12.888,17.372,17.53,19.608,6.549,9.942,11.573,9.929,14.006,12.638,23.672,10.205,13.638,11.126,11.284,13.151,19.266,5.011,0.552,6.76,11.205,12.849,14.755,20.752,29.419,8.719,11.481,13.611,14.387,12.875,20.331,26.473,10.6,10.034,11.494,10.245,15.36,17.675,23.356,8.903,11.073
ts92,10.31,17.635,15.61,27.328,28.025,8.009,10.757,14.874,17.412,17.333,27.117,33.745,9.548,16.978,13.966,15.755,23.856,21.147,24.25,10.153,11.349,14.4,15.018,16.531,24.356,26.407,8.785,14.19,12.322,12.073,16.202,23.908,5.484,8.127,13.848,9.811,17.215,16.767,28.761,27.472,10.455,11.099,14.4,18.806,15.886,27.052,31.273,10.797,14.887,10.31,15.886,16.32,27.288,31.181,10.955,16.925
ts93,20.213,20.568,27.144,44.095,35.573,26.591,22.988,22.909,22.251,24.119,23.33,40.584,28.419,22.58,19.253,23.027,26.197,28.643,25.079,16.307,15.242,22.87,16.478,18.49,25.618,45.068,32.943,21.199,19.069,16.938,23.672,35.034,15.308,49.895,23.317,28.669,25.342,22.475,48.382,43.49,31.97,32.549,33.048,23.119,25.513,36.376,43.148,27.604,24.487,25.092,22.909,26.644,37.283,43.28,28.972,22.712
ts94,15.742,18.175,19.95,27.13,26.828,12.901,16.018,19.424,21.16,21.291,25.342,33.022,13.19,19.529,20.529,18.701,24.776,15.623,19.95,7.706,8.732,11.507,19.832,18.714,20.884,22.751,10.468,10.85,17.136,17.372,18.306,25.934,5.786,4.695,11.073,21.725,21.581,22.37,34.206,27.564,12.257,14.203,20.266,21.87,16.833,24.303,29.642,13.125,18.359,10.113,19.779,19.819,26.526,29.721,4.235,13.874
ts95,17.254,22.015,20.2,25.289,42.609,21.291,21.015,25.079,20.91,20.91,29.169,32.128,23.172,25.776,17.294,18.188,27.696,22.225,28.051,14.782,13.887,23.133,16.32,17.386,26.276,26.815,15.216,19.424,13.348,11.218,17.662,26.407,9.442,46.725,20.2,18.464,20.752,25.447,33.219,39.913,22.238,21.397,24.264,19.516,19.332,27.854,32.575,23.225,21.423,14.769,17.898,20.7,26.683,31.865,18.556,19.214
ts96,18.359,16.439,21.778,33.864,31.142,14.847,18.161,22.567,18.293,22.002,35.113,32.299,14.874,19.161,17.649,21.62,35.968,23.133,38.296,18.411,10.205,23.751,21.857,26.604,37.138,27.499,14.348,9.653,17.149,15.584,23.198,34.1,26.841,19.214,21.397,17.438,19.122,30.274,42.083,36.744,16.952,15.531,18.674,19.792,26.052,36.415,26.657,0.0,19.766,18.438,18.78,11.454,38.427,31.01,14.782,20.516
ts97,4.945,9.574,12.48,18.858,15.689,4.432,11.599,11.665,10.757,12.375,15.045,16.754,6.247,15.4,15.729,15.768,20.673,17.359,24.908,12.954,14.216,21.436,15.584,14.808,17.307,12.77,4.813,10.192,10.757,8.89,18.78,23.382,2.538,4.826,8.785,13.401,12.52,14.216,17.557,15.176,9.035,12.98,15.729,11.073,14.584,16.294,14.44,5.918,11.586,11.981,13.703,21.37,17.149,15.308,4.09,14.282
ts98,14.085,17.451,15.308,21.647,39.374,16.018,18.293,21.462,14.663,21.673,28.511,39.532,15.65,17.872,16.478,22.817,27.749,24.961,36.362,10.823,13.69,19.555,17.609,20.397,25.658,39.663,14.571,15.794,15.018,16.07,17.359,21.186,7.956,8.903,13.993,11.06,18.714,27.893,30.918,21.962,0.0,0.0,19.937,21.554,19.845,27.275,37.967,17.346,16.57,17.004,16.741,21.594,31.431,40.321,14.519,17.136
ts99,11.573,13.756,14.821,22.58,26.723,14.913,11.941,13.953,17.583,15.505,26.394,26.473,15.847,14.085,13.164,17.333,22.212,21.331,26.433,13.151,3.761,10.06,16.794,18.148,19.845,22.988,16.255,13.979,11.205,13.335,15.834,24.211,8.956,9.048,13.48,13.164,16.334,22.712,28.169,26.341,17.793,22.58,16.82,14.624,15.807,26.039,27.643,16.018,14.282,11.349,14.137,16.912,24.829,26.197,19.884,16.846
ts100,12.296,9.876,14.979,24.014,20.055,7.259,10.113,13.585,15.216,18.753,22.896,20.095,10.547,12.743,10.126,14.479,19.542,18.188,16.938,10.166,8.745,11.481,12.862,14.611,22.593,18.359,11.836,11.362,9.666,10.876,11.862,25.145,5.234,8.272,13.493,6.444,7.259,16.294,23.369,23.54,12.362,13.348,17.28,9.298,15.742,19.227,19.398,9.087,10.1,10.652,14.203,19.792,20.95,20.108,8.995,9.035
ts101,18.835,23.951,27.154,35.785,19.983,16.652,16.185,17.574,17.871,19.728,26.006,15.887,17.73,17.645,15.164,17.106,20.677,15.944,18.424,16.964,11.026,15.023,16.454,21.783,24.362,17.418,17.517,25.439,19.7,20.607,21.755,32.455,17.701,22.038,23.413,21.386,23.81,27.466,37.401,21.995,23.696,20.706,23.441,26.346,25.085,32.951,16.312,19.062,22.123,22.591,21.896,20.167,34.751,16.638,16.964,20.011
ts102,15.079,18.396,22.52,38.861,39.456,7.823,17.602,18.438,19.062,23.087,34.821,38.903,6.505,18.594,14.668,11.182,29.719,23.569,36.99,6.604,4.167,19.26,22.35,23.257,34.382,38.988,5.343,12.925,15.561,13.662,20.181,33.971,33.872,6.307,17.914,15.122,20.21,27.976,37.358,34.921,8.121,6.59,18.07,14.215,19.714,25.298,32.965,6.732,14.087,17.049,2.693,20.465,36.04,35.275,7.724,14.64
ts103,6.193,4.521,5.499,10.006,7.483,6.236,8.985,8.645,6.363,6.973,11.791,7.327,6.222,9.538,8.277,10.672,11.21,12.358,14.101,11.154,10.601,11.31,9.991,10.247,12.273,7.653,6.477,9.453,5.825,5.272,7.115,11.947,8.673,5.556,6.973,6.845,4.96,9.41,10.899,13.818,9.495,10.799,8.631,7.115,7.795,12.358,9.836,8.447,7.795,6.222,7.965,8.603,15.136,11.876,8.489,9.07
ts104,17.404,18.438,26.601,44.671,44.303,16.596,25.425,22.676,14.512,25.907,42.474,41.156,12.585,21.301,23.54,17.715,43.013,29.464,31.661,13.776,25.0,19.714,17.758,23.937,41.936,35.728,14.938,18.977,19.345,9.028,27.891,48.469,10.374,10.147,16.624,20.323,22.902,20.649,49.986,42.503,13.124,18.169,20.323,13.832,27.962,48.54,38.719,13.365,19.813,18.282,16.298,31.519,43.537,39.158,14.087,21.514
ts105,13.152,11.281,14.966,21.074,16.624,17.106,15.505,11.182,12.783,17.645,21.443,28.756,16.539,12.67,13.379,13.166,20.465,21.301,22.888,13.676,12.868,18.849,13.166,14.512,17.021,25.95,13.832,4.521,9.212,21.514,22.095,19.019,8.914,10.247,11.239,9.765,9.666,18.41,21.131,27.168,12.925,15.009,18.878,14.172,16.199,19.799,27.693,11.352,6.944,16.383,12.146,14.938,26.063,35.927,8.489,6.888
ts106,10.87,13.69,18.566,27.381,30.414,5.626,13.01,18.424,17.815,20.833,29.28,31.675,8.433,17.248,13.549,18.141,25.624,21.769,32.625,9.878,9.184,16.1,16.652,17.758,24.249,24.49,12.245,14.683,14.172,12.103,18.481,29.974,33.022,16.78,20.351,15.42,16.61,27.126,30.258,35.275,12.103,13.506,16.497,14.881,17.687,28.586,29.124,10.006,13.279,12.217,15.235,17.517,33.815,31.675,12.67,14.187
ts107,11.848,11.678,20.026,26.545,31.378,6.803,19.161,20.096,17.715,19.756,26.02,27.65,5.853,15.59,13.776,17.149,20.139,5.187,28.33,5.924,9.184,19.473,18.736,18.849,27.239,25.539,5.853,13.024,10.473,9.906,13.407,19.87,3.175,4.705,19.714,15.207,17.971,24.561,29.889,31.803,6.193,10.587,17.999,17.503,16.993,25.255,26.431,2.296,13.605,13.478,12.372,0.071,20.918,26.644,4.734,12.132
ts108,10.714,12.33,13.861,33.447,20.677,5.711,5.371,13.634,15.887,15.816,25.283,21.301,10.119,12.939,13.832,14.541,25.269,21.145,23.994,8.291,13.662,15.009,13.421,15.079,22.662,21.712,7.71,12.67,9.836,10.431,12.67,22.406,4.677,8.702,11.593,12.996,16.185,19.303,28.897,29.776,12.358,13.294,15.037,14.47,18.041,22.279,21.981,11.253,11.947,9.991,12.741,12.996,23.994,21.485,10.077,13.96
ts109,14.598,20.38,36.154,51.885,39.895,20.196,23.2,18.438,23.328,33.05,49.065,43.112,23.639,21.471,15.76,28.699,52.452,26.035,36.423,16.695,31.236,22.619,21.981,29.974,45.564,35.629,19.43,24.221,16.652,18.552,32.1,49.787,40.009,17.078,21.131,17.191,24.901,37.401,50.383,38.648,18.552,19.912,23.994,22.449,31.647,49.433,38.861,20.876,20.465,19.175,20.621,36.508,51.786,42.489,18.41,22.307
ts110,15.306,18.268,17.234,30.768,42.446,21.287,20.493,18.679,19.926,22.421,29.124,46.712,33.092,32.228,30.811,30.244,40.363,45.904,60.728,50.85,62.202,30.06,36.21,35.913,40.986,57.568,33.121,20.536,16.61,18.325,19.6,27.664,6.604,17.304,11.565,19.6,18.552,25.935,29.124,54.79,53.274,58.05,28.741,21.797,21.556,28.387,40.632,22.973,24.49,17.404,23.243,29.209,31.165,40.816,25.751,26.984
ts111,9.666,10.705,18.806,30.313,29.432,12.612,7.654,13.874,12.664,18.688,24.448,25.552,10.521,12.875,9.061,15.032,27.578,22.856,17.517,12.388,16.018,14.164,11.665,20.331,29.669,30.129,14.558,11.099,13.94,10.337,20.016,28.84,7.325,7.641,11.731,15.807,13.769,24.158,23.159,21.173,11.402,11.152,8.68,11.06,15.295,27.762,24.04,8.377,10.034,10.836,10.376,18.017,25.158,22.08,10.113,12.901
