"","V1","V2","V3","V4","V5","V6","V7","V8","V9","V10","V11","V12","V13","V14","V15","V16","V17","V18","V19","V20","V21","V22","V23","V24","V25","V26","V27","V28","V29","V30","V31","V32","V33","V34","V35","V36","V37","V38","V39","V40","V41","V42","V43","V44","V45","V46","V47","V48","V49","V50","V51","V52","V53","V54","V55","V56","V57","V58","V59","V60","V61","V62","V63","V64","V65","V66","V67","V68","V69","V70","V71","V72"
"1",NA,NA,NA,NA,NA,NA,NA,NA,NA,NA,NA,NA,NA,NA,NA,NA,NA,NA,NA,NA,NA,NA,NA,NA,NA,NA,NA,NA,NA,NA,NA,NA,NA,NA,NA,NA,NA,NA,NA,NA,NA,NA,NA,NA,NA,NA,NA,NA,NA,NA,NA,NA,NA,NA,NA,NA,NA,NA,NA,NA,NA,NA,NA,NA,NA,NA,NA,NA,NA,NA,NA,NA
"2",6412.77450231895,6462.93836370661,6513.49463137464,6564.44637491707,6615.79668793977,6667.54868824833,6719.70551803734,6772.27034408118,6825.24635792626,6878.63677608487,6932.4448402304,6986.6738173942,7041.32700016398,7096.40770688362,7151.91928185475,7207.86509553976,7264.24854476643,7321.07305293422,6213.53784452829,6212.73974189052,6211.94154679683,6211.14325921393,6210.34487910849,6209.54640644715,6208.74784119655,6207.94918332331,NA,NA,NA,NA,NA,NA,NA,NA,NA,NA,NA,NA,NA,NA,NA,NA,NA,NA,NA,NA,NA,NA,NA,NA,NA,NA,NA,NA,NA,NA,NA,NA,NA,NA,NA,NA,NA,NA,NA,NA,NA,NA,NA,NA,NA,NA
"3",4448.96134170258,4454.54984546087,4460.1490427207,4465.7589539439,4471.37959963144,4477.01100032353,4482.65317659966,4488.30614907874,4493.9699384191,4499.64456531861,4505.33005051475,4511.02641478466,4516.73367894527,4522.45186385332,4528.18099040546,4533.92107953833,4539.67215222863,4545.43422949321,4582.85022210481,4589.26242817994,4595.67463425507,4602.0868403302,4608.49904640534,4614.91125248047,4621.3234585556,4627.73566463073,NA,NA,NA,NA,NA,NA,NA,NA,NA,NA,NA,NA,NA,NA,NA,NA,NA,NA,NA,NA,NA,NA,NA,NA,NA,NA,NA,NA,NA,NA,NA,NA,NA,NA,NA,NA,NA,NA,NA,NA,NA,NA,NA,NA,NA,NA
"4",5820.6208962261,5833.4923711597,5846.36384609331,5859.23532102692,5872.10679596053,5884.97827089413,5897.84974582774,5910.72122076134,5923.59269569495,5936.46417062856,5949.33564556217,5962.20712049577,5975.07859542938,5987.95007036299,6000.82154529659,6013.6930202302,6026.56449516381,6039.43597009741,5813.11679301249,5813.19152610543,5813.26625919836,5813.3409922913,5813.41572538424,5813.49045847718,5813.56519157012,5813.63992466306,NA,NA,NA,NA,NA,NA,NA,NA,NA,NA,NA,NA,NA,NA,NA,NA,NA,NA,NA,NA,NA,NA,NA,NA,NA,NA,NA,NA,NA,NA,NA,NA,NA,NA,NA,NA,NA,NA,NA,NA,NA,NA,NA,NA,NA,NA
"5",4919.9399140454,4927.54775352583,4935.16735721936,4942.79874331731,4950.44193003914,4958.09693563248,4965.76377837319,4973.44247656537,4981.13304854143,4988.83551266214,4996.54988731664,5004.27619092254,5012.01444192589,5019.76465880129,5027.52686005189,5035.30106420948,5043.08728983447,5050.88555551599,4787.20968318351,4787.62310141302,4788.03655534488,4788.45004498217,4788.86357032797,4789.27713138537,4789.69072815746,4790.10436064732,NA,NA,NA,NA,NA,NA,NA,NA,NA,NA,NA,NA,NA,NA,NA,NA,NA,NA,NA,NA,NA,NA,NA,NA,NA,NA,NA,NA,NA,NA,NA,NA,NA,NA,NA,NA,NA,NA,NA,NA,NA,NA,NA,NA,NA,NA
"6",3835.85051177403,3840.48558238945,3845.13069371096,3849.78586748921,3854.45112552197,3859.12648965421,3863.81198177825,3868.5076238338,3873.21343780813,3877.92944573611,3882.65566970038,3887.39213183137,3892.13885430749,3896.89585935517,3901.663169249,3906.44080631182,3911.22879291481,3916.02715147765,3827.36011916787,3828.56027850287,3829.7611414906,3830.9627085436,3832.16498007467,3833.36795649684,3834.57163822339,3835.77602566784,NA,NA,NA,NA,NA,NA,NA,NA,NA,NA,NA,NA,NA,NA,NA,NA,NA,NA,NA,NA,NA,NA,NA,NA,NA,NA,NA,NA,NA,NA,NA,NA,NA,NA,NA,NA,NA,NA,NA,NA,NA,NA,NA,NA,NA,NA
"7",3966.11925865752,3966.32027642116,3966.52132500158,3966.72240440352,3966.92351463171,3967.12465569086,3967.3258275857,3967.52703032097,3967.72826390138,3967.92952833167,3968.13082361657,3968.3321497608,3968.5335067691,3968.7348946462,3968.93631339684,3969.13776302574,3969.33924353763,3969.54075493726,3868.91609584998,3868.87729093988,3868.83848526226,3868.79967881707,3868.76087160427,3868.72206362383,3868.68325487571,3868.64444535987,NA,NA,NA,NA,NA,NA,NA,NA,NA,NA,NA,NA,NA,NA,NA,NA,NA,NA,NA,NA,NA,NA,NA,NA,NA,NA,NA,NA,NA,NA,NA,NA,NA,NA,NA,NA,NA,NA,NA,NA,NA,NA,NA,NA,NA,NA
"8",5998.2628427591,6004.22315808465,6010.19244092238,6016.17070476425,6022.1579631225,6028.15422952971,6034.15951753882,6040.17384072317,6046.19721267649,6052.229647013,6058.27115736739,6064.32175739485,6070.38146077112,6076.45028119253,6082.52823237601,6088.61532805913,6094.7115820001,6100.81700797788,5368.56470241407,5344.24629727251,5320.10038179984,5296.12573253235,5272.32113468433,5248.68538208652,5225.21727712497,5201.91563068034,NA,NA,NA,NA,NA,NA,NA,NA,NA,NA,NA,NA,NA,NA,NA,NA,NA,NA,NA,NA,NA,NA,NA,NA,NA,NA,NA,NA,NA,NA,NA,NA,NA,NA,NA,NA,NA,NA,NA,NA,NA,NA,NA,NA,NA,NA
"9",6185.36278299851,6139.32405512237,6093.62800148198,6048.27207149357,6003.25373355781,5958.5704749185,5914.21980152234,5870.19923787968,5826.50632692638,5783.13862988664,5740.09372613692,5697.36921307076,5654.96270596476,5612.8718378454,5571.09425935696,5529.6276386304,5488.46966115315,5447.61802963999,6060.29104919189,6054.98526995728,6049.6841359275,6044.38764303569,6039.09578721852,6033.80856441626,6028.52597057269,6023.24800163517,NA,NA,NA,NA,NA,NA,NA,NA,NA,NA,NA,NA,NA,NA,NA,NA,NA,NA,NA,NA,NA,NA,NA,NA,NA,NA,NA,NA,NA,NA,NA,NA,NA,NA,NA,NA,NA,NA,NA,NA,NA,NA,NA,NA,NA,NA
"10",4383.36326007846,4366.8870422929,4350.50725195218,4334.22332471246,4318.03469953272,4301.94081865546,4285.94112758747,4270.0350750807,4254.22211311333,4238.50169687081,4222.87328472716,4207.33633822627,4191.89032206334,4176.53470406649,4161.26895517835,4146.0925494379,4131.0049639623,4116.0056789289,4263.28183203148,4261.47658465196,4259.67253550611,4257.8696837986,4256.06802873463,4254.26756951993,4252.46830536075,4250.67023546386,NA,NA,NA,NA,NA,NA,NA,NA,NA,NA,NA,NA,NA,NA,NA,NA,NA,NA,NA,NA,NA,NA,NA,NA,NA,NA,NA,NA,NA,NA,NA,NA,NA,NA,NA,NA,NA,NA,NA,NA,NA,NA,NA,NA,NA,NA
"11",3023.91282906763,3074.79376181845,3126.53082682701,3179.13842953763,3232.63121778336,3287.02408586446,3342.33217869555,3398.57089602244,3455.75589671001,3513.90310310219,3573.02870545527,3633.14916644589,3694.28122575483,3756.4419047279,3819.64851111534,3883.91864389088,3949.27019815191,4015.72137010218,2982.49295071834,2989.3954401329,2996.33525458999,3003.31259592386,3010.32766706017,3017.38067202192,3024.47181593533,3031.60130503585,NA,NA,NA,NA,NA,NA,NA,NA,NA,NA,NA,NA,NA,NA,NA,NA,NA,NA,NA,NA,NA,NA,NA,NA,NA,NA,NA,NA,NA,NA,NA,NA,NA,NA,NA,NA,NA,NA,NA,NA,NA,NA,NA,NA,NA,NA
"12",5543.30157299824,5617.32652402049,5690.86670558972,5763.9345698196,5836.54201964741,5908.70044279394,5980.42074304301,6051.71336909638,6122.58834123113,6193.05527596222,6263.12340889051,6332.80161589818,6402.09843283589,6471.02207383193,6539.58044834006,6607.78117703131,6675.63160662481,6743.13882374338,5974.40055089877,6007.02041456333,6039.64027822788,6072.26014189244,6104.880005557,6137.49986922156,6170.11973288612,6202.73959655067,NA,NA,NA,NA,NA,NA,NA,NA,NA,NA,NA,NA,NA,NA,NA,NA,NA,NA,NA,NA,NA,NA,NA,NA,NA,NA,NA,NA,NA,NA,NA,NA,NA,NA,NA,NA,NA,NA,NA,NA,NA,NA,NA,NA,NA,NA
"13",3914.20062546826,3960.25787065396,4006.04279056025,4051.56164496052,4096.82044646251,4141.82497421031,4186.58078661531,4231.09323319942,4275.36746562558,4319.40844798301,4363.22096638841,4406.80963795795,4450.17891920036,4493.33311387617,4536.27638036437,4579.01273857402,4621.54607643467,4663.88015599707,4331.4758713922,4362.01708039364,4392.87433357815,4424.05090140976,4455.55008819567,4487.37523243647,4519.52970717994,4552.01692037858,NA,NA,NA,NA,NA,NA,NA,NA,NA,NA,NA,NA,NA,NA,NA,NA,NA,NA,NA,NA,NA,NA,NA,NA,NA,NA,NA,NA,NA,NA,NA,NA,NA,NA,NA,NA,NA,NA,NA,NA,NA,NA,NA,NA,NA,NA
"14",6456.13423753982,6497.13457978975,6538.68704813697,6580.79907772009,6623.47820380208,6666.73206311864,6710.56839524461,6754.99504397889,6800.01995874792,6845.65119602813,6891.89692078752,6938.76540794659,6986.2650438591,7034.40432781257,7083.19187354917,7132.63641080695,7182.74678688193,7233.53196821117,6242.3349665038,6241.1921986048,6240.04963990933,6238.90729037908,6237.76514997576,6236.6232186611,6235.48149639681,6234.33998314461,NA,NA,NA,NA,NA,NA,NA,NA,NA,NA,NA,NA,NA,NA,NA,NA,NA,NA,NA,NA,NA,NA,NA,NA,NA,NA,NA,NA,NA,NA,NA,NA,NA,NA,NA,NA,NA,NA,NA,NA,NA,NA,NA,NA,NA,NA
"15",4867.14131846059,4878.2506332161,4889.39881340034,4900.58599498223,4911.81231440636,4923.07790859469,4934.38291494819,4945.72747134849,4957.11171615964,4968.53578822972,4979.99982689257,4991.50397196949,5003.04836377091,5014.63314309818,5026.2584512452,5037.92443000017,5049.63122164738,5061.37896896884,4658.81589459247,4658.3714821964,4657.92809975039,4657.48574486749,4657.04441516626,4656.60410827079,4656.16482181066,4655.72655342097,NA,NA,NA,NA,NA,NA,NA,NA,NA,NA,NA,NA,NA,NA,NA,NA,NA,NA,NA,NA,NA,NA,NA,NA,NA,NA,NA,NA,NA,NA,NA,NA,NA,NA,NA,NA,NA,NA,NA,NA,NA,NA,NA,NA,NA,NA
"16",6093.63247941103,6091.11166405451,6088.59189150949,6086.07316134459,6083.55547312859,6081.03882643046,6078.52322081935,6076.00865586457,6073.49513113563,6070.9826462022,6068.47120063416,6065.96079400152,6063.4514258745,6060.9430958235,6058.43580341908,6055.92954823198,6053.42432983314,6050.92014779365,6048.63218871297,6048.70284900217,6048.77350929138,6048.84416958058,6048.91482986979,6048.98549015899,6049.0561504482,6049.1268107374,NA,NA,NA,NA,NA,NA,NA,NA,NA,NA,NA,NA,NA,NA,NA,NA,NA,NA,NA,NA,NA,NA,NA,NA,NA,NA,NA,NA,NA,NA,NA,NA,NA,NA,NA,NA,NA,NA,NA,NA,NA,NA,NA,NA,NA,NA
"17",7912.26760072287,7929.93435223848,7947.66399711561,7965.45675925366,7983.31286334911,8001.23253489833,8019.21600020047,8037.26348636031,8055.37522129111,8073.5514337175,8091.79235317836,8110.09821002973,8128.46923544772,8146.90566143141,8165.4077208058,8183.97564722474,8202.60967517391,8221.3100399737,7733.22368937779,7733.13178558071,7733.03989935523,7732.94803069799,7732.85617960562,7732.76434607477,7732.67253010208,7732.5807316842,NA,NA,NA,NA,NA,NA,NA,NA,NA,NA,NA,NA,NA,NA,NA,NA,NA,NA,NA,NA,NA,NA,NA,NA,NA,NA,NA,NA,NA,NA,NA,NA,NA,NA,NA,NA,NA,NA,NA,NA,NA,NA,NA,NA,NA,NA
"18",7500.49966847477,7516.2986446418,7532.15010721764,7548.05423056948,7564.01118964377,7580.02115996818,7596.0843176535,7612.20083939558,7628.37090247729,7644.59468477044,7660.87236473776,7677.20412143488,7693.59013451224,7710.03058421714,7726.52565139566,7743.0755174947,7759.68036456393,7776.34037525782,7227.59075376631,7227.85892838163,7228.12709796499,7228.39526251674,7228.66342203727,7228.93157652695,7229.19972598615,7229.46787041525,NA,NA,NA,NA,NA,NA,NA,NA,NA,NA,NA,NA,NA,NA,NA,NA,NA,NA,NA,NA,NA,NA,NA,NA,NA,NA,NA,NA,NA,NA,NA,NA,NA,NA,NA,NA,NA,NA,NA,NA,NA,NA,NA,NA,NA,NA
"19",4239.10936749561,4234.8308392051,4230.56031419906,4226.29777750677,4222.04321418554,4217.79660932063,4213.55794802519,4209.32721544021,4205.10439673451,4200.88947710461,4196.68244177475,4192.48327599679,4188.29196505019,4184.10849424195,4179.93284890654,4175.76501440587,4171.60497612923,4167.45271949324,4072.46559730162,4075.74252069969,4079.01944409777,4082.29636749584,4085.57329089392,4088.85021429199,4092.12713769006,4095.40406108814,NA,NA,NA,NA,NA,NA,NA,NA,NA,NA,NA,NA,NA,NA,NA,NA,NA,NA,NA,NA,NA,NA,NA,NA,NA,NA,NA,NA,NA,NA,NA,NA,NA,NA,NA,NA,NA,NA,NA,NA,NA,NA,NA,NA,NA,NA
"20",4892.36626578466,4884.42993258821,4876.52934261249,4868.66433487914,4860.8347491348,4853.04042584788,4845.28120620526,4837.55693210908,4829.86744617351,4822.21259172155,4814.59221278182,4807.00615408542,4799.45426106271,4791.93637984022,4784.45235723748,4777.00204076389,4769.58527861565,4762.20191967263,4545.97888674424,4545.07123893706,4544.16377235038,4543.25648694801,4542.34938269378,4541.44245955152,4540.53571748506,4539.62915645826,NA,NA,NA,NA,NA,NA,NA,NA,NA,NA,NA,NA,NA,NA,NA,NA,NA,NA,NA,NA,NA,NA,NA,NA,NA,NA,NA,NA,NA,NA,NA,NA,NA,NA,NA,NA,NA,NA,NA,NA,NA,NA,NA,NA,NA,NA
"21",6880.43076418981,6858.09412059106,6835.87857905532,6813.78348300635,6791.80817942764,6769.95201884313,6748.214355298,6726.59454633961,6705.09195299847,6683.70593976939,6662.43587459268,6641.28112883546,6620.24107727312,6599.31509807079,6578.502572765,6557.80288624539,6537.21542673653,6516.73958577984,5437.03815878206,5409.11199884176,5381.32927552747,5353.68925210827,5326.19119563729,5298.83437693228,5271.61807055629,5244.54155479839,NA,NA,NA,NA,NA,NA,NA,NA,NA,NA,NA,NA,NA,NA,NA,NA,NA,NA,NA,NA,NA,NA,NA,NA,NA,NA,NA,NA,NA,NA,NA,NA,NA,NA,NA,NA,NA,NA,NA,NA,NA,NA,NA,NA,NA,NA
"22",6627.73877175241,6664.9821517847,6702.56325001992,6740.4851288435,6778.7508784102,6817.36361689591,6856.32649075172,6895.64267496035,6935.31537329487,6975.34781857971,7015.7432729542,7056.50502813829,7097.63640570081,7139.14075733021,7181.02146510756,7223.28194178226,7265.92563105004,7308.95600783366,5149.38135995738,5127.42130359844,5105.4612472395,5083.50119088057,5061.54113452163,5039.58107816269,5017.62102180376,4995.66096544482,NA,NA,NA,NA,NA,NA,NA,NA,NA,NA,NA,NA,NA,NA,NA,NA,NA,NA,NA,NA,NA,NA,NA,NA,NA,NA,NA,NA,NA,NA,NA,NA,NA,NA,NA,NA,NA,NA,NA,NA,NA,NA,NA,NA,NA,NA
"23",5476.25345842449,5510.44927691002,5544.52113539041,5578.47068289581,5612.29953086696,5646.00925436196,5679.60139321343,5713.07745313826,5746.43890680255,5779.68719484372,5812.82372685212,5845.84988231391,5878.76701151711,5911.57643642273,5944.27945150232,5976.87732454383,6009.37129742699,6041.76258686983,1580.1470424848,1577.76245045286,1575.38145699688,1573.00405668626,1570.63024409862,1568.26001381973,1565.89336044354,NA,NA,NA,NA,NA,NA,NA,NA,NA,NA,NA,NA,NA,NA,NA,NA,NA,NA,NA,NA,NA,NA,NA,NA,NA,NA,NA,NA,NA,NA,NA,NA,NA,NA,NA,NA,NA,NA,NA,NA,NA,NA,NA,NA,NA,NA,NA
"24",4895.79720336967,4892.76343171059,4889.72845446081,4886.6922699126,4883.65487635403,4880.61627206903,4877.57645533732,4874.53542443442,4871.49317763161,4868.44971319597,4865.4050293903,4862.35912447314,4859.31199669876,4856.26364431712,4853.2140655739,4850.16325871041,4847.11122196365,4844.05795356627,3027.36258733308,3014.35378662069,3001.423653616,2988.57171259426,2975.79749070759,2963.10051796753,2950.48032722776,2937.93645416694,NA,NA,NA,NA,NA,NA,NA,NA,NA,NA,NA,NA,NA,NA,NA,NA,NA,NA,NA,NA,NA,NA,NA,NA,NA,NA,NA,NA,NA,NA,NA,NA,NA,NA,NA,NA,NA,NA,NA,NA,NA,NA,NA,NA,NA,NA
"25",7047.28007330282,7047.2582346797,7047.23635875188,7047.21444539159,7047.19249447038,7047.17050585915,7047.14847942813,7047.12641504688,7047.10431258428,7047.08217190854,7047.05999288717,7047.037775387,7047.01551927415,7046.99322441407,7046.97089067147,7046.94851791037,7046.92610599407,7046.90365478515,8811.9479479099,8915.84835086401,9021.49889531679,9128.92906137782,9238.16882573189,9349.2486700035,9462.19958926228,9577.05310067169,NA,NA,NA,NA,NA,NA,NA,NA,NA,NA,NA,NA,NA,NA,NA,NA,NA,NA,NA,NA,NA,NA,NA,NA,NA,NA,NA,NA,NA,NA,NA,NA,NA,NA,NA,NA,NA,NA,NA,NA,NA,NA,NA,NA,NA,NA
"26",3015.77118518509,2994.38459784449,2973.31956103252,2952.57124018905,2932.13487344229,2912.00577051588,2892.17931165249,2872.65094655351,2853.41619333478,2834.47063749788,2815.80993091709,2797.42979084138,2779.32599891152,2761.49440019194,2743.93090221715,2726.6314740525,2709.59214536902,2692.80900553224,3644.82756717145,3656.27990502531,3667.80126731574,3679.39207006021,3691.05273178361,3702.78367353328,3714.58531889431,3726.45809400473,NA,NA,NA,NA,NA,NA,NA,NA,NA,NA,NA,NA,NA,NA,NA,NA,NA,NA,NA,NA,NA,NA,NA,NA,NA,NA,NA,NA,NA,NA,NA,NA,NA,NA,NA,NA,NA,NA,NA,NA,NA,NA,NA,NA,NA,NA
"27",4181.65424508058,4180.89875637773,4180.14306032218,4179.38715676256,4178.63104554733,4177.87472652475,4177.11819954293,4176.36146444977,4175.604521093,4174.84736932017,4174.09000897865,4173.33243991563,4172.57466197811,4171.81667501292,4171.05847886669,4170.30007338589,4169.54145841678,4168.78263380547,3218.39832536327,3190.84197908219,3163.69510682483,3136.95162400457,3110.6055364488,3084.65093905544,3059.08201446936,3033.89303177855,NA,NA,NA,NA,NA,NA,NA,NA,NA,NA,NA,NA,NA,NA,NA,NA,NA,NA,NA,NA,NA,NA,NA,NA,NA,NA,NA,NA,NA,NA,NA,NA,NA,NA,NA,NA,NA,NA,NA,NA,NA,NA,NA,NA,NA,NA
"28",4294.82976551734,4250.70194786969,4206.57413022205,4162.4463125744,4118.31849492676,4074.19067727912,4030.06285963147,3985.93504198383,3941.80722433619,3897.67940668854,3853.5515890409,3809.42377139326,3765.29595374561,3721.16813609797,3677.04031845032,3632.91250080268,3588.78468315504,3544.65686550739,4087.40063261676,4087.07067855461,4086.7407511279,4086.41085033446,4086.08097617216,4085.75112863884,4085.42130773236,4085.09151345055,NA,NA,NA,NA,NA,NA,NA,NA,NA,NA,NA,NA,NA,NA,NA,NA,NA,NA,NA,NA,NA,NA,NA,NA,NA,NA,NA,NA,NA,NA,NA,NA,NA,NA,NA,NA,NA,NA,NA,NA,NA,NA,NA,NA,NA,NA
"29",6111.48784533155,6111.38180681936,6111.27569908888,6111.16952204846,6111.0632756063,6110.95695967039,6110.85057414857,6110.74411894846,6110.63759397752,6110.53099914301,6110.42433435202,6110.31759951142,6110.21079452794,6110.1039193081,6109.99697375821,6109.88995778443,6109.78287129271,6109.67571418882,6413.62574827801,6422.72575397397,6431.82575966993,6440.92576536589,6450.02577106185,6459.12577675782,6468.22578245378,6477.32578814974,NA,NA,NA,NA,NA,NA,NA,NA,NA,NA,NA,NA,NA,NA,NA,NA,NA,NA,NA,NA,NA,NA,NA,NA,NA,NA,NA,NA,NA,NA,NA,NA,NA,NA,NA,NA,NA,NA,NA,NA,NA,NA,NA,NA,NA,NA
"30",4102.40637262181,4098.20283280349,4094.00668854522,4089.81792683549,4085.63653468573,4081.46249913018,4077.2958072259,4073.13644605275,4068.98440271328,4064.83966433276,4060.70221805911,4056.57205106283,4052.44915053704,4048.33350369736,4044.2250977819,4040.12392005124,4036.02995778837,4031.94319829865,4457.98013757891,4475.03926919212,4492.09840080533,4509.15753241854,4526.21666403175,4543.27579564495,4560.33492725817,4577.39405887137,NA,NA,NA,NA,NA,NA,NA,NA,NA,NA,NA,NA,NA,NA,NA,NA,NA,NA,NA,NA,NA,NA,NA,NA,NA,NA,NA,NA,NA,NA,NA,NA,NA,NA,NA,NA,NA,NA,NA,NA,NA,NA,NA,NA,NA,NA
"31",7017.23008062319,7045.0338500636,7072.83761950402,7100.64138894443,7128.44515838484,7156.24892782525,7184.05269726566,7211.85646670607,7239.66023614648,7267.46400558689,7295.2677750273,7323.07154446771,7350.87531390813,7378.67908334853,7406.48285278894,7434.28662222936,7462.09039166977,7489.89416111018,7116.42630791034,7125.9643079591,7135.51509159347,7145.07867594702,7154.6550781763,7164.24431546085,7173.84640500321,7183.46136402902,NA,NA,NA,NA,NA,NA,NA,NA,NA,NA,NA,NA,NA,NA,NA,NA,NA,NA,NA,NA,NA,NA,NA,NA,NA,NA,NA,NA,NA,NA,NA,NA,NA,NA,NA,NA,NA,NA,NA,NA,NA,NA,NA,NA,NA,NA
"32",1558.56459534083,1558.50819268802,1558.45179003521,1558.3953873824,1558.33898472958,1558.28258207677,1558.22617942396,1558.16977677115,1558.11337411834,1558.05697146553,1558.00056881272,1557.94416615991,1557.8877635071,1557.83136085429,1557.77495820148,1557.71855554867,1557.66215289585,1557.60575024304,1588.82597546072,1588.82230941867,1588.81860985203,1588.81487614189,1588.8111076521,1588.80730372851,1588.80346369836,NA,NA,NA,NA,NA,NA,NA,NA,NA,NA,NA,NA,NA,NA,NA,NA,NA,NA,NA,NA,NA,NA,NA,NA,NA,NA,NA,NA,NA,NA,NA,NA,NA,NA,NA,NA,NA,NA,NA,NA,NA,NA,NA,NA,NA,NA,NA
"33",5822.31276099213,5842.88107980657,5863.56259814238,5884.35793900291,5905.26772882028,5926.29259747421,5947.43317831103,5968.69010816275,5990.06402736623,6011.55557978249,6033.16541281608,6054.89417743463,6076.74252818838,6098.71112322997,6120.80062433425,6143.01169691817,6165.34501006091,6187.80123652394,5526.97057274233,5526.95927887901,5526.94798501568,5526.93669115237,5526.92539728904,5526.91410342573,5526.9028095624,5526.89151569909,NA,NA,NA,NA,NA,NA,NA,NA,NA,NA,NA,NA,NA,NA,NA,NA,NA,NA,NA,NA,NA,NA,NA,NA,NA,NA,NA,NA,NA,NA,NA,NA,NA,NA,NA,NA,NA,NA,NA,NA,NA,NA,NA,NA,NA,NA
"34",5177.59488223122,5205.58938212719,5233.50871568442,5261.35368326368,5289.12507043133,5316.82364834692,5344.45017413766,5372.00539126039,5399.49002985144,5426.904807065,5454.25042740034,5481.52758301845,5508.73695404841,5535.87920888395,5562.95500447063,5589.96498658388,5616.90979009833,5643.79003924884,4617.19073262618,4597.21333708798,4577.3733892269,4557.66994338092,4538.10206039436,4518.66880757304,4499.3692586399,4480.2024936908,NA,NA,NA,NA,NA,NA,NA,NA,NA,NA,NA,NA,NA,NA,NA,NA,NA,NA,NA,NA,NA,NA,NA,NA,NA,NA,NA,NA,NA,NA,NA,NA,NA,NA,NA,NA,NA,NA,NA,NA,NA,NA,NA,NA,NA,NA
"35",4668.46254799512,4672.11577531885,4675.76900264258,4679.42222996631,4683.07545729004,4686.72868461377,4690.3819119375,4694.03513926123,4697.68836658495,4701.34159390868,4704.99482123241,4708.64804855614,4712.30127587987,4715.9545032036,4719.60773052733,4723.26095785106,4726.91418517479,4730.56741249852,4514.924641255,4513.55160620374,4512.17898870657,4510.8067886365,4509.4350058666,4508.06364026996,4506.69269171971,4505.32216008903,NA,NA,NA,NA,NA,NA,NA,NA,NA,NA,NA,NA,NA,NA,NA,NA,NA,NA,NA,NA,NA,NA,NA,NA,NA,NA,NA,NA,NA,NA,NA,NA,NA,NA,NA,NA,NA,NA,NA,NA,NA,NA,NA,NA,NA,NA
"36",3340.2633117629,3341.38129164128,3342.49890483819,3343.61615171657,3344.73303263876,3345.8495479665,3346.96569806093,3348.08148328261,3349.19690399149,3350.31196054694,3351.42665330773,3352.54098263204,3353.65494887748,3354.76855240104,3355.88179355916,3356.99467270768,3358.10719020184,3359.21934639632,2741.25771565495,2729.8920289882,2718.60053138493,2707.38273857899,2696.23816946529,2685.16634607912,2674.16679357565,2663.23904020961,NA,NA,NA,NA,NA,NA,NA,NA,NA,NA,NA,NA,NA,NA,NA,NA,NA,NA,NA,NA,NA,NA,NA,NA,NA,NA,NA,NA,NA,NA,NA,NA,NA,NA,NA,NA,NA,NA,NA,NA,NA,NA,NA,NA,NA,NA
"37",5210.67771409878,5210.66875441891,5210.65979475445,5210.65083510538,5210.64187547173,5210.63291585348,5210.62395625064,5210.6149966632,5210.60603709117,5210.59707753455,5210.58811799333,5210.57915846752,5210.57019895711,5210.56123946211,5210.55227998251,5210.54332051832,5210.53436106954,5210.52540163616,4886.87635685006,4877.74197991484,4868.63382022673,4859.55180253769,4850.49585181562,4841.46589324381,4832.4618522203,4823.4836543572,NA,NA,NA,NA,NA,NA,NA,NA,NA,NA,NA,NA,NA,NA,NA,NA,NA,NA,NA,NA,NA,NA,NA,NA,NA,NA,NA,NA,NA,NA,NA,NA,NA,NA,NA,NA,NA,NA,NA,NA,NA,NA,NA,NA,NA,NA
"38",7265.75267824321,7289.41788699885,7313.04432844862,7336.63225403318,7360.18191235521,7383.69354922498,7407.16740770488,7430.60372815309,7454.0027482664,7477.36470312199,7500.6898252186,7523.9783445166,7547.23048847748,7570.4464821024,7593.62654797004,7616.77090627368,7639.87977485752,7662.95336925233,7402.47228827627,7404.94866290628,7407.42305522507,7409.89546906432,7412.36590824398,7414.83437657232,7417.30087784596,7419.76541584995,NA,NA,NA,NA,NA,NA,NA,NA,NA,NA,NA,NA,NA,NA,NA,NA,NA,NA,NA,NA,NA,NA,NA,NA,NA,NA,NA,NA,NA,NA,NA,NA,NA,NA,NA,NA,NA,NA,NA,NA,NA,NA,NA,NA,NA,NA
"39",4800.50376957371,4841.91575222813,4884.53324844951,4928.39135105078,4973.52617440574,5019.97488418703,5067.77572796963,5116.96806672539,5167.59240723425,5219.69043543903,5273.30505077119,5328.48040147575,5385.26192096462,5443.69636522813,5503.83185133562,5565.71789705681,5629.40546163656,5694.94698775658,3937.67679858256,3898.8006357805,3859.92447297845,3821.0483101764,3782.17214737434,3743.29598457229,3704.41982177023,3665.54365896818,NA,NA,NA,NA,NA,NA,NA,NA,NA,NA,NA,NA,NA,NA,NA,NA,NA,NA,NA,NA,NA,NA,NA,NA,NA,NA,NA,NA,NA,NA,NA,NA,NA,NA,NA,NA,NA,NA,NA,NA,NA,NA,NA,NA,NA,NA
"40",4647.64016605638,4663.11564686359,4678.59112767079,4694.066608478,4709.54208928521,4725.01757009241,4740.49305089962,4755.96853170683,4771.44401251404,4786.91949332124,4802.39497412845,4817.87045493566,4833.34593574286,4848.82141655007,4864.29689735728,4879.77237816449,4895.24785897169,4910.7233397789,4350.32824569765,4340.49861022128,4330.69118496173,4320.90591973468,4311.14276446917,4301.40166920739,4291.68258410443,4281.98545942798,NA,NA,NA,NA,NA,NA,NA,NA,NA,NA,NA,NA,NA,NA,NA,NA,NA,NA,NA,NA,NA,NA,NA,NA,NA,NA,NA,NA,NA,NA,NA,NA,NA,NA,NA,NA,NA,NA,NA,NA,NA,NA,NA,NA,NA,NA
"41",3513.82386587914,3513.86025755562,3513.8965530814,3513.93275296421,3513.96885770775,3514.00486781178,3514.0407837721,3514.07660608064,3514.11233522548,3514.14797169088,3514.18351595735,3514.21896850165,3514.25432979686,3514.28960031241,3514.32478051411,3514.3598708642,3514.39487182135,3514.42978384077,3455.75434919374,3448.23020273809,3440.70605628243,3433.18190982677,3425.65776337111,3418.13361691546,3410.6094704598,3403.08532400414,NA,NA,NA,NA,NA,NA,NA,NA,NA,NA,NA,NA,NA,NA,NA,NA,NA,NA,NA,NA,NA,NA,NA,NA,NA,NA,NA,NA,NA,NA,NA,NA,NA,NA,NA,NA,NA,NA,NA,NA,NA,NA,NA,NA,NA,NA
"42",4768.22449800883,4758.44862570507,4748.65814045672,4738.85296824785,4729.03303442147,4719.19826367169,4709.34858003567,4699.48390688553,4689.60416692011,4679.70928215652,4669.79917392167,4659.87376284356,4649.93296884252,4639.97671112223,4630.00490816063,4620.01747770068,4610.01433674096,4599.9954015261,4857.82401142553,4863.42304627063,4869.03200290796,4874.65089891949,4880.27975191831,4885.91857954875,4891.56739948639,4897.22622943815,NA,NA,NA,NA,NA,NA,NA,NA,NA,NA,NA,NA,NA,NA,NA,NA,NA,NA,NA,NA,NA,NA,NA,NA,NA,NA,NA,NA,NA,NA,NA,NA,NA,NA,NA,NA,NA,NA,NA,NA,NA,NA,NA,NA,NA,NA
"43",5310.92534635353,5300.65623984976,5290.387133346,5280.11802684223,5269.84892033846,5259.57981383469,5249.31070733093,5239.04160082716,5228.77249432339,5218.50338781963,5208.23428131586,5197.96517481209,5187.69606830833,5177.42696180456,5167.15785530079,5156.88874879703,5146.61964229326,5136.35053578949,5150.35989224337,5133.12805529776,5115.89621835214,5098.66438140653,5081.43254446091,5064.2007075153,5046.96887056969,5029.73703362407,NA,NA,NA,NA,NA,NA,NA,NA,NA,NA,NA,NA,NA,NA,NA,NA,NA,NA,NA,NA,NA,NA,NA,NA,NA,NA,NA,NA,NA,NA,NA,NA,NA,NA,NA,NA,NA,NA,NA,NA,NA,NA,NA,NA,NA,NA
"44",2499.12798892917,2484.18932848937,2469.39849033164,2454.75401171258,2440.25444436305,2425.89835434493,2411.68432190933,2397.61094135617,2383.6768208952,2369.88058250831,2356.22086181325,2342.69630792875,2329.30558334088,2316.0473637708,2302.92033804377,2289.92320795951,2277.05468816377,2264.3135060213,2511.10481106055,2506.71647820366,2502.32814534678,2497.93981248989,2493.55147963301,2489.16314677612,2484.77481391923,2480.38648106235,NA,NA,NA,NA,NA,NA,NA,NA,NA,NA,NA,NA,NA,NA,NA,NA,NA,NA,NA,NA,NA,NA,NA,NA,NA,NA,NA,NA,NA,NA,NA,NA,NA,NA,NA,NA,NA,NA,NA,NA,NA,NA,NA,NA,NA,NA
"45",3047.08320300806,3057.7060253307,3068.32884765333,3078.95166997597,3089.5744922986,3100.19731462124,3110.82013694387,3121.44295926651,3132.06578158914,3142.68860391178,3153.31142623441,3163.93424855705,3174.55707087968,3185.17989320232,3195.80271552495,3206.42553784759,3217.04836017022,3227.67118249285,3114.71768188652,3114.7592032863,3114.80068828327,3114.84213694169,3114.88354932566,3114.92492549909,3114.96626552572,3115.00756946915,NA,NA,NA,NA,NA,NA,NA,NA,NA,NA,NA,NA,NA,NA,NA,NA,NA,NA,NA,NA,NA,NA,NA,NA,NA,NA,NA,NA,NA,NA,NA,NA,NA,NA,NA,NA,NA,NA,NA,NA,NA,NA,NA,NA,NA,NA
"46",3437.16235480713,3445.26465342538,3453.36695204362,3461.46925066186,3469.57154928011,3477.67384789835,3485.77614651659,3493.87844513484,3501.98074375308,3510.08304237132,3518.18534098957,3526.28763960781,3534.38993822605,3542.4922368443,3550.59453546254,3558.69683408078,3566.79913269903,3574.90143131727,3028.03297787223,3041.5609813994,3055.08898492657,3068.61698845374,3082.14499198091,3095.67299550808,3109.20099903525,3122.72900256242,NA,NA,NA,NA,NA,NA,NA,NA,NA,NA,NA,NA,NA,NA,NA,NA,NA,NA,NA,NA,NA,NA,NA,NA,NA,NA,NA,NA,NA,NA,NA,NA,NA,NA,NA,NA,NA,NA,NA,NA,NA,NA,NA,NA,NA,NA
"47",4362.1723377114,4372.33853052064,4382.50472332989,4392.67091613913,4402.83710894837,4413.00330175762,4423.16949456686,4433.3356873761,4443.50188018535,4453.66807299459,4463.83426580384,4474.00045861308,4484.16665142232,4494.33284423157,4504.49903704081,4514.66522985005,4524.8314226593,4534.99761546854,4163.46876310682,4146.84003066542,4130.21129822403,4113.58256578264,4096.95383334125,4080.32510089986,4063.69636845846,4047.06763601707,NA,NA,NA,NA,NA,NA,NA,NA,NA,NA,NA,NA,NA,NA,NA,NA,NA,NA,NA,NA,NA,NA,NA,NA,NA,NA,NA,NA,NA,NA,NA,NA,NA,NA,NA,NA,NA,NA,NA,NA,NA,NA,NA,NA,NA,NA
"48",6621.06107885874,6621.02146492523,6620.98139256046,6620.94085102682,6620.89982920497,6620.85831557548,6620.81629819942,6620.77376469773,6620.73070222934,6620.68709746784,6620.64293657677,6620.59820518319,6620.55288834964,6620.50697054415,6620.46043560824,6620.41326672282,6620.36544637166,6620.31695630229,5251.03647224821,5232.33878589038,5213.64109953255,5194.94341317472,5176.24572681689,5157.54804045906,5138.85035410123,5120.1526677434,NA,NA,NA,NA,NA,NA,NA,NA,NA,NA,NA,NA,NA,NA,NA,NA,NA,NA,NA,NA,NA,NA,NA,NA,NA,NA,NA,NA,NA,NA,NA,NA,NA,NA,NA,NA,NA,NA,NA,NA,NA,NA,NA,NA,NA,NA
"49",7279.21363507473,7308.03187434805,7336.793361896,7365.4985419728,7394.14785278263,7422.74172659664,7451.28058986704,7479.76486333835,7508.19496215595,7536.57129597186,7564.89426904804,7593.16428035713,7621.38172368072,7649.54698770534,7677.66045611615,7705.72250768827,7733.73351637615,7761.69385140067,6205.07415406391,6165.76694813376,6126.70874107126,6087.89795554638,6049.333024221,6011.01238968557,5972.93450439627,5935.09783061248,NA,NA,NA,NA,NA,NA,NA,NA,NA,NA,NA,NA,NA,NA,NA,NA,NA,NA,NA,NA,NA,NA,NA,NA,NA,NA,NA,NA,NA,NA,NA,NA,NA,NA,NA,NA,NA,NA,NA,NA,NA,NA,NA,NA,NA,NA
"50",3373.61425205488,3333.41667635325,3294.09829995707,3255.63989306442,3218.0226464666,3181.22816234898,3145.23844529295,3110.0358934748,3075.60329005698,3041.92379476773,3008.98093566486,2976.75860107964,2945.24103173691,2914.41281304761,2884.25886756973,2854.76444763433,2825.91512813271,2797.69679946141,4193.38009989473,4238.62990051146,4283.87970112819,4329.12950174492,4374.37930236166,4419.62910297839,4464.87890359512,4510.12870421185,NA,NA,NA,NA,NA,NA,NA,NA,NA,NA,NA,NA,NA,NA,NA,NA,NA,NA,NA,NA,NA,NA,NA,NA,NA,NA,NA,NA,NA,NA,NA,NA,NA,NA,NA,NA,NA,NA,NA,NA,NA,NA,NA,NA,NA,NA
"51",6391.41767514668,6359.95561869116,6328.73786326096,6297.76251187292,6267.02768227386,6236.53150682616,6206.27213239434,6176.24772023237,6146.45644587199,6116.89649901182,6087.56608340739,6058.46341676194,6029.58673061813,6000.93427025062,5972.50429455939,5944.29507596396,5916.3049002984,5888.53206670721,6920.916586694,6940.67056738078,6960.5197490055,6980.46459037281,7000.50555249853,7020.64309862023,7040.87769420801,7061.20980697519,NA,NA,NA,NA,NA,NA,NA,NA,NA,NA,NA,NA,NA,NA,NA,NA,NA,NA,NA,NA,NA,NA,NA,NA,NA,NA,NA,NA,NA,NA,NA,NA,NA,NA,NA,NA,NA,NA,NA,NA,NA,NA,NA,NA,NA,NA
"52",4964.4396493817,5378.26074556474,5270.84034853618,5482.25115053128,5141.19115590377,4803.79088903587,4402.20790264836,3787.43035063194,3800.64850121464,4340.3479431462,5133.37228350027,5001.05207485922,4884.7949763945,5291.77357483517,5185.88016257428,5393.67379619155,5057.9269865822,4725.80579993273,3367.66514638013,3354.54032665502,3341.46665836134,3328.44394214633,3315.47197943419,3302.55057242301,3289.67952408179,3276.8586381474,3264.08771912161,3251.36657226814,3238.69500360962,3226.07281992467,3213.49982874497,3200.97583835231,3188.50065777565,3176.07409678823,3163.69596590466,3151.36607637802,4671.85056877845,4661.35533887075,4650.88368631194,4640.43555813592,4630.01090149558,4619.60966366253,4609.23179202682,4598.87723409672,4588.54593749839,4578.23784997567,4567.95291938976,4557.69109371902,4547.45232105867,4537.23654962052,4527.04372773274,4516.87380383957,4506.72672650106,4496.60244439283,4430.97747462142,4116.05657051121,4166.3359714929,4433.74865143089,5019.23345957028,5356.46802754653,4808.9714239964,5408.64544955405,NA,NA,NA,NA,NA,NA,NA,NA,NA,NA
"53",8406.12506415509,8226.18983796425,8013.40046322398,6915.15589829348,8351.65614319865,8394.30223963209,8727.77960428645,7682.9017788544,7482.34688836201,8478.984724502,8324.64862063385,8854.36461845039,8406.27855131115,8226.34354424235,8013.55438893695,6915.31004375459,8351.81050872162,8394.45682553108,9769.91819924195,8466.91946488397,8182.16218067023,9113.59009745613,9080.61154943077,9707.93903745031,8995.95381237132,8946.09650005073,8708.26710134591,7900.08020044791,9025.06183988154,9072.07139550531,9818.93178484482,8515.95550875936,8231.22069310865,9162.67108875278,9129.71502988557,9757.06501736791,9023.34765326431,8862.58402635802,8716.91544996955,7597.60266457335,8945.10788461221,8936.88483576107,9727.39015301603,8402.44480124183,8039.9307568112,9059.34560840704,8938.37882006197,9574.60951507894,9036.2116929975,8875.24289342644,8729.38991704679,7608.49598658579,8957.95761001349,8949.74714146904,9239.23895076504,7981.82816803321,7354.5447899875,8793.18673126859,8553.18268597151,9021.60912806791,8615.85484737995,8634.77873517541,8580.9003364883,NA,NA,NA,NA,NA,NA,NA,NA,NA
"54",6395.51617275607,6451.5017688011,6724.33220602357,6138.14570551783,6561.17736361747,6857.31040189595,6948.72616716724,5965.81975648634,5581.49939214997,6010.78704669708,5563.43594290952,6521.00242881262,6584.0616026758,6640.51668801318,6913.81778358417,6328.10311339411,6751.60777669487,7048.21499798546,7589.72667984484,6483.7818583922,6010.86598200926,6286.72094451676,5892.48051476206,6806.77846161914,6874.38605398863,6842.92768579789,7211.05150100103,6587.1043935789,6854.84263253921,7246.50686191652,7703.73460077227,6597.95086819484,6125.19630829958,6401.21281522887,6007.1341581521,6921.59410626577,6557.41129072657,6669.46655925072,7319.77338451376,6194.71802769754,6917.58799993737,7141.25831232232,7449.06647589546,6528.02500165413,6061.66327555027,6159.12505849061,5861.22911133697,6605.81919490654,6651.44219497212,6763.44187226238,7413.69323746213,6288.58255121256,7011.39732411151,7235.0125667137,7722.52480227984,6900.9039830258,6178.50124264254,6339.52533171934,6145.55937584458,6961.41275060571,6884.18358158931,7195.19936938104,7717.33011456569,NA,NA,NA,NA,NA,NA,NA,NA,NA
"55",5614.55062140666,5649.02614706772,5683.71336587214,5718.6135776982,5753.72809040593,5789.05821988615,5824.60529010974,5860.37063317729,5896.35558936899,5932.56150719489,5968.98974344541,6005.64166324219,6042.51864008924,6079.62205592444,6116.95330117128,6154.51377479102,6192.30488433506,6230.32804599773,5838.59108160431,5081.62988181812,4386.03053699126,5446.70788746113,5408.80839758671,6003.08642222485,5615.46951554748,5683.11431485974,5487.15358326668,4198.38800391926,4742.90034382207,5265.29768356804,5889.78322994175,5126.18507451275,4424.48678828956,5494.46404545,5456.23225686167,6055.72084828994,4925.81205573995,5030.20268312027,4760.28554357437,3120.41896558643,4073.98836097898,4625.93747491278,4983.90380255361,4363.09358907216,3692.40266297742,4620.04976944998,4613.29532034205,4997.33722751077,4870.68590281818,4975.13300813127,4705.27228865528,3065.46207293368,4019.0877728482,4571.09313361878,4979.4481112788,4304.57201668881,3407.4358579017,4050.97700809257,4236.02658905602,4749.78863785127,4654.10052344684,4961.84961336472,4596.33785699082,NA,NA,NA,NA,NA,NA,NA,NA,NA
"56",7526.30550742303,7595.33624150788,8110.70629493364,7653.03026550774,8115.42900096376,8340.41084896201,8399.94457375666,6965.59477286294,6355.6104187243,6842.94465037953,5999.10789846329,7299.28246853995,7563.260041104,7632.23854658058,8147.55654032594,7689.82861929457,8152.17563037301,8377.10592038028,9275.35955333571,7720.30128445041,7205.73899540669,7122.86874490616,6376.91142219857,7706.08830128776,8089.01472404989,8015.35768285604,8782.77570102447,8331.06470409245,8502.80288418458,8925.8996020911,9430.5868372744,7849.59424296923,7326.49870307943,7242.32281494015,6483.92982413083,7835.50303057116,7731.47704268457,7900.05916930603,9124.12311072224,8097.11367529681,8748.21733808139,8857.52994914896,9187.42652526058,8003.60291653207,7550.96955643402,7167.09417012515,6638.72156611905,7658.65905295082,7855.01602251045,8023.75603337618,9247.97806081455,8221.12691344705,8872.38906658351,8981.86037055547,9273.93766197747,8325.28793039689,7621.58491172007,7408.73798223829,6972.36901824043,8048.52802101292,8004.44832517313,8391.74451533603,9459.36242611421,NA,NA,NA,NA,NA,NA,NA,NA,NA
"57",6136.49206802089,6097.40283044751,6592.33633631829,6441.34055840716,6680.92952531838,5711.29177609764,5803.23947846214,5668.36545486775,5848.00084756699,5586.57061002456,5779.29588526301,6548.79112701859,6159.11644197795,6119.88308794214,6616.64134329464,6465.08886541428,6705.56116278912,5732.34849702028,6071.45149789864,5921.58172598043,6109.59940133611,5804.99208858753,5986.3852576077,6756.7824311982,6550.06342268683,6523.14281495939,6933.33298531985,6878.13761642765,7209.44462385764,6051.69126118474,6112.16683803089,5961.30412611142,6150.59550974695,5843.9560944623,6026.57901689503,6802.16257027952,6161.8159041594,6096.84071215298,6499.57385358097,6638.51532844337,6926.6234700735,5757.73161180471,5843.31892030366,5675.21872890368,5818.68103760478,5525.58084640695,5721.12648864354,6405.63046431452,6162.11360675326,6097.13841595974,6499.87155860062,6638.81303467592,6926.92117751896,5758.02932046309,6159.01659963076,5994.46353333034,5969.49366329909,5723.44032292748,5852.05351227264,6436.24989805829,6347.52948034145,6301.9339258458,6782.79656796159,NA,NA,NA,NA,NA,NA,NA,NA,NA
"58",7118.09567354986,7931.88392857971,7595.26604270835,7554.31357701619,7243.83161841321,6825.97613173376,7318.60619313537,7146.85764455411,7898.55102511103,7459.05733996288,7315.23061690976,7260.11476618028,7181.42921894496,8002.37965581693,7662.69499918338,7621.30450532462,7307.99797928629,6886.37411499951,7082.46387862862,7029.00034123775,7941.89097051355,7235.51076645601,7242.25556239847,7090.79202500759,6977.41182095006,7717.59411689252,7516.94307950165,7362.22954211078,7114.59933805324,6866.23996732903,7080.90142993816,7027.43789254729,7940.32852182308,7233.94831776554,7240.69311370801,7089.22957631714,7078.33433787921,7777.50680394061,7631.47047532573,7451.47535236051,7401.89643537048,7006.42122468076,7237.21638728278,7221.49025683418,7928.26366699223,7332.95328474714,7379.72577708869,7314.72697767298,7109.62355348898,7808.79050485866,7662.74866543689,7482.74803554482,7433.16361550321,7037.68290563242,7103.57708387573,7089.73638117306,7737.24806936798,7277.78102609308,7070.93859580244,7217.00989639571,6962.078345232,7752.11692197239,NA,NA,NA,NA,NA,NA,NA,NA,NA,NA
"59",6371.64627589941,7128.55509455786,6990.67702412075,6773.63706050573,7221.18519963394,6988.52977076333,6889.21243648867,6487.81652607486,6842.67536879031,5949.62229390687,4854.49063069988,5654.15537511481,6304.86652310058,7061.83240394294,6924.01134693106,6707.02834802425,7154.63340318527,6922.03484171368,7305.52159791072,6417.47603203194,6647.24990859752,5910.68681749464,4922.34974684613,5601.99717113268,6322.58731235543,7025.27097858331,6880.7542302374,6761.8388343541,7142.33436814789,7269.81468040601,7322.54734540245,6432.43216144601,6662.74153324628,5924.46185873005,4933.82143750266,5615.05280145377,6280.83113018287,6686.76703787877,6452.5073987192,6382.87932368917,6721.07280629115,6944.0683470958,6930.41888940089,6019.49482408573,6284.34992424124,5623.61350265029,4630.69327076696,5322.07286449961,6245.74669984242,6649.38895988931,6416.41356970045,6347.14998613094,6683.42401581448,6905.14315843466,7105.94961316034,5555.7313559289,6298.22865536826,5523.02483519675,4597.82821914553,5293.68046429185,6225.58156105907,NA,NA,NA,NA,NA,NA,NA,NA,NA,NA,NA
"60",2678.84759557003,1944.93884459067,1959.61342694465,1974.54842596529,2579.72300831927,3420.88717400658,4799.95064524944,7500.83356093675,10253.8275877352,10013.1896700891,6466.37466910979,4912.83050146376,2678.94258381774,1945.03383283838,1959.70841519236,1974.643414213,2579.81799656697,3420.98216225428,4821.85510156553,7693.91341605031,10476.8264926928,10392.1331585029,6313.43780871928,4885.67833813523,2305.07081626445,1507.26776026402,1507.63770615233,1515.53884836049,2287.51564361982,3153.21605360144,4915.09486010496,7842.45054202561,10678.765089821,10592.1180874309,6434.73830301436,4979.39714404083,2225.01260224267,1371.90798156643,1446.48060367371,1456.59909522845,2157.94518312951,2970.69924798402,4720.50419258045,7355.39484802197,9859.84484681079,9773.13479880387,6053.90243124991,4669.64241973219,2236.85400483129,1379.20434874536,1454.16846483641,1464.33559227235,2169.39916097948,2986.4567151435,4947.72828268383,7797.44053784355,10476.882047154,10191.3548939602,NA,NA,NA,NA,NA,NA,NA,NA,NA,NA,NA,NA,NA,NA
"61",4648.82277915026,4850.50066738485,5066.41700702565,4950.60547160678,5153.10390155433,4592.41138751903,4584.96952037558,4013.98322455535,3705.72242471237,4261.81204572267,3937.84784601697,4489.7068342467,4544.82851928332,4746.81282688438,4963.03468302616,4847.52776390309,5050.3299125937,4489.94022239337,4763.19371913991,4052.90146433162,3781.12042489674,4406.77393190238,4142.8690664174,4618.44207617913,4809.55212559334,4944.63129573424,5111.29458434449,5133.61907250185,5291.97559128587,4635.57872177786,4719.40137839422,4009.14355888648,3737.39692767459,4363.08481584694,4099.21430449368,4574.82164137339,5142.21143946784,5149.28389030714,5343.21259114643,5299.15045865239,5302.73332615834,4795.67952699764,4966.40031117026,4177.39984534289,4071.33271284885,4593.27391368814,4322.79011452743,4656.74798203339,5142.20584953935,5149.27830037864,5343.20700121793,5299.14486872389,5302.72773622985,4795.67393706914,4766.36357758666,4109.11459635979,4075.59057883625,4470.02735835836,4284.76701826844,4847.26830857545,5056.0733126217,5096.31369708283,5329.48321196779,NA,NA,NA,NA,NA,NA,NA,NA,NA
"62",5205.23077693067,5695.41994200789,6249.7502934213,6236.52740546533,6205.89499493589,5072.60936002844,4846.26754411766,4431.18052572956,4164.24384937514,4192.41395328429,4068.15783671728,4880.88944261053,5206.35947555357,5696.65491059274,6251.1054359553,6237.8796564269,6207.2405796336,5073.70920174512,4892.04814759629,4210.88361074552,3921.61516567679,4265.5448956512,4055.56238392989,4868.11346377403,5457.79396844479,5749.22473120337,6139.20783531099,6210.65994736222,6136.26856728499,4999.31494500725,4880.96574712362,4199.80430689543,3910.53895758401,4254.47178245073,4044.49236475697,4857.04653776412,6133.13945027602,6142.50382431417,6450.19267176599,6364.45599432992,6228.2458770396,5199.88732159716,5194.03657970662,4385.80615307384,4243.52521007322,4435.58958574767,4422.38469847532,5206.38971663616,6150.36505861204,6159.74822612003,6467.45588754573,6381.73804460995,6245.54678236871,5217.20710254659,4762.50408756383,4110.67868047852,4064.73869005988,4085.1778663079,4117.28995922258,5091.26871880394,5844.17664505196,5841.78873796665,6139.02583088134,NA,NA,NA,NA,NA,NA,NA,NA,NA
"63",1294.72796259827,1921.48608679811,1727.14497306252,1618.94197521669,1675.63528118648,1041.23224632772,900.908143422247,1478.36866267387,1086.25199503777,1316.19133221653,2080.6302833229,753.381208209234,1232.88146746357,1859.96425573913,1665.94610175048,1558.06436826969,1615.07725212257,980.992117518165,1150.04032018081,1787.20710079649,1313.46087809865,1782.6159198484,2779.66982892658,1043.35270999031,1498.16466946294,2095.06539885739,1877.49917476622,1812.23652551836,2075.08548116936,1023.44782349154,1035.47741929765,1673.29272043119,1200.19134709014,1669.98758781741,2667.67906615799,931.99590731618,1866.97831552461,2518.42596550346,2156.58403214898,2053.36501546117,2337.06266544003,1681.73781541888,1556.0933820644,1879.78478204326,1793.12618202211,1972.3509153343,3401.55898197982,1385.85663195867,1867.05011527086,2518.49776524972,2156.65583189524,2053.43681520743,2337.13446518628,1681.80961516514,2107.93238683412,2428.50105615803,2600.85357786722,2634.44480679616,4829.71461274568,1496.89903631492,2460.84013522003,NA,NA,NA,NA,NA,NA,NA,NA,NA,NA,NA
"64",7010.896792273,7042.82171525059,7074.89201202805,7107.10834458165,7139.47137790204,7171.98178000802,7204.64022196024,7237.44737787514,7270.40392493881,7303.51054342099,7336.76791668909,7370.17673122234,7403.73767662591,7437.45144564518,7471.31873418,7505.34024129913,7539.51666925457,7573.84872349612,6751.17157878213,5964.13821531088,5173.97363161448,6118.53197637462,6293.0423981822,6884.04654553659,6590.54440017837,6558.4734437553,6449.0003244883,4557.22919050415,4369.41002316807,5682.00113708308,6650.10668008928,5862.99746659646,5072.75681091677,6017.23886059725,6191.67276308586,6782.60016573069,5595.12501420515,5696.06126986275,5793.51611237674,3111.09345769664,3698.20972281525,5048.13549243092,5656.22468560991,4903.45622244875,4255.32985740332,4860.80367928452,5171.02327792072,5615.05091082022,5425.28216983363,5526.92514781641,5625.08377195796,2943.36197044419,3531.1761724533,4881.79697481839,5655.12978721817,4758.8292170321,4025.40915473486,4069.32764749407,4631.66773849036,5335.5541335042,4955.42403416729,5405.25630454516,5461.40480438419,NA,NA,NA,NA,NA,NA,NA,NA,NA
"65",7795.14981272623,7795.3806194224,7795.61143295254,7795.84225331683,7796.07308051549,7796.30391454872,7796.53475541671,7796.76560311967,7796.9964576578,7797.22731903131,7797.4581872404,7797.68906228527,7797.91994416612,7798.15083288315,7798.38172843658,7798.61263082659,7798.84354005339,7799.07445611719,9072.18757417364,9182.94959969154,8386.25055520191,7514.09983022826,6989.45828782224,7713.59777578627,8363.64687984938,8322.42737327203,9063.17105046926,9263.99976480387,9308.84625204672,9290.38766156461,9181.3643034955,9293.54493745289,8487.32902952402,7604.73644927062,7073.83173860603,7806.78459913087,7411.18550927906,7407.44410031622,7403.70458013907,7399.96694779406,7396.23120232817,7392.49734278884,7388.76536822399,7385.03527768202,7381.30707021181,7377.58074486274,7373.85630068464,7370.13373672783,7366.41305204313,7362.69424568181,7358.97731669563,7355.26226413683,7351.54908705813,7347.83778451273,6581.73947067162,6578.48786713657,6575.23787000446,6571.98947848165,NA,NA,NA,NA,NA,NA,NA,NA,NA,NA,NA,NA,NA,NA
"66",5815.39286412532,5968.22833766568,5156.24818065924,3575.84787909698,2394.03543873281,4020.88138492289,5025.24792913291,4291.10146878002,3496.78133707604,2754.41021953857,4173.06915383676,5233.50586297164,5393.37433845766,5549.64109017223,4741.06431287301,3164.03971938319,1985.57554044463,3615.74252457213,5528.09959925963,4743.07967982386,4065.44402199905,3730.51050213464,5419.90676770421,6956.51334727568,7066.22927739926,7062.06029913823,6158.1306130337,4698.61342805941,3316.87084872512,4616.28382058523,5314.24835019323,4558.55480491896,3906.37886564862,3583.71184734053,5205.39718810439,6679.58841342564,7303.38391469481,7145.11000267405,6566.48192398661,5403.42467863252,4132.31534994509,5464.54768792432,5432.92794257022,5314.45611388279,4728.38011852869,4794.16870650793,5856.36354448716,7344.47504913307,7311.47197044564,7153.19805842487,6574.56997973744,5411.51273438334,4140.40340569591,5472.63574367515,5090.76334728734,5157.87285864085,4052.87055674796,4231.57330259301,5757.31057147288,6726.06221960588,6704.19055753117,6349.24995257338,6394.82951071346,NA,NA,NA,NA,NA,NA,NA,NA,NA
"67",7244.58175846728,7217.1896510224,7189.90111443574,7162.71575710099,7135.6331888925,7108.6530211597,7081.77486672153,7054.99833986089,7028.32305631908,7001.7486332903,6975.27468941617,6948.90084478025,6922.62672090255,6896.45194073416,6870.3761286518,6844.39891045244,6818.51991334793,6792.73876595964,6627.36014126452,6617.10951225318,6606.88384903499,6596.68309080484,6586.50717690567,6576.35604682819,6566.22964021046,6556.12789683757,6546.05075664125,6535.99815969954,6525.97004623643,6515.96635662147,6505.98703136946,6496.03201114008,6486.10123673753,6476.19464911018,6466.31218935024,6456.45379869337,7190.12822583658,7191.44233879232,7192.75669192358,7194.07128527426,7195.38611888828,7196.70119280954,7198.01650708196,7199.33206174948,7200.64785685602,7201.96389244553,7203.28016856196,7204.59668524928,7205.91344255145,7207.23044051245,7208.54767917626,7209.86515858687,7211.18287878829,7212.50083982452,6463.47616662603,6465.56480324116,6467.65446305247,6469.74514656122,6471.8368542689,6473.92958667725,6476.02334428827,6478.11812760418,6480.21393712746,NA,NA,NA,NA,NA,NA,NA,NA,NA
"68",6477.13607379318,6450.31796938589,3421.73409387019,2764.92612147153,5735.91489309337,5610.07541631712,4579.01186540215,3915.87008128589,5435.23340491707,5940.43517725582,4291.68373927366,4590.1249319535,6518.15459628968,6491.39773995465,3462.87520396564,2806.12866268469,5777.17895715201,5651.40109508596,3624.11998290302,3050.70375919884,5660.10003549465,6460.5796451238,4098.95508808629,4268.1638643821,6933.83097401125,5814.99808364041,3443.87352660289,1927.22813623204,5079.74941252786,5303.83318882367,3500.62529845283,2927.20907474864,5536.60535104446,6337.08496067361,3975.4604036361,4144.66917993191,7586.48922219872,5661.30131865358,3555.69674844178,2201.94634489664,4587.92510801818,4717.65387113971,3856.40346759457,3450.79889738277,5765.7151605043,6934.4855902925,4008.77685341403,4550.1514498689,7564.2343796571,5639.04647611196,3533.44190590016,2179.69150235503,4565.67026547655,4695.39902859809,4347.38308220544,4135.53798021429,6033.81615425836,6332.18228771455,3798.93519482485,4423.8455881296,7108.59411638172,5615.20282997704,3738.49559730698,NA,NA,NA,NA,NA,NA,NA,NA,NA
"69",2751.19968655247,2813.72911197743,3222.29549673414,3126.21133341037,3227.12244793684,3467.96633292055,3047.60756431143,3193.55655140234,3588.58412016235,3277.1902632368,3855.5728899472,4787.9403262913,2698.80298160969,2761.40043191914,3170.03475324591,3074.01843829243,3174.99731310393,3415.90887040176,3025.71324897712,3070.38475615881,3490.75418000717,3155.49860385553,3600.86802770388,4699.88328488557,2571.37770873393,2689.30963258229,2999.68947309731,2945.235980279,3036.83457079402,3234.38107797571,2967.6463351574,3012.31784233909,3432.68726618745,3097.43169003581,3542.80111388416,4641.81637106585,2453.96337525023,2597.85042234265,2976.60744797879,2904.25573154645,2953.86667786094,3174.57634784358,2887.79080705484,2912.55394027408,3320.47054362416,2933.28050711588,3439.82537529345,4432.07236550311,2410.51696634145,2551.78859383589,2923.75187709092,2852.60848398528,2901.25922284164,3117.9540862156,2728.04004401786,2774.68678039751,2762.36564544807,2943.42570455644,3557.16714616593,4371.64054779219,2374.93718221377,NA,NA,NA,NA,NA,NA,NA,NA,NA,NA,NA
"70",1044.29564327449,960.814858300192,1064.35490665923,730.311621684933,519.41417004397,322.141718403006,207.41093342871,1953.97181512108,5526.88686348012,3022.90607850582,1405.34196019819,1303.54867522389,990.02622358293,906.545438608635,1010.08548696767,676.042201993375,465.144750352412,267.872298711449,413.701283868583,1874.51057136501,5669.09069104046,3014.31664289408,1597.83426025839,1671.85187646589,1084.70282484906,902.699605407081,907.675551472442,761.380663044307,749.231606788506,515.624216037529,413.662657457206,1874.47193104669,5669.05203680515,3014.27797473174,1597.79557815894,1671.81318041924,790.105489758281,830.5475989234,796.578100941167,741.392261175351,745.899265674809,662.838936025997,457.432166815659,1722.50116488487,6071.45791228459,2815.14436129323,1612.74339323157,1534.89042133098,791.527781227185,832.04289122171,798.012427259102,742.727397706758,747.242698104609,664.032928717718,751.980882633066,1574.49022012922,6802.20789095872,2993.23806178821,1554.30989928437,1719.44423678053,1138.45357427669,NA,NA,NA,NA,NA,NA,NA,NA,NA,NA,NA
"71",13496.2201901194,12623.5258612914,11883.9774989348,9658.37626473554,7691.43683903201,6056.12134202318,4451.52155750253,5470.78078979659,11599.2720204283,13974.9786192051,13833.6048857477,13706.5655876212,13448.6428120612,12578.9981892727,11842.0332656647,9624.2667265223,7664.25739085231,6034.70776004994,5861.48280692909,6697.62954908534,14773.6086921673,17803.8228881537,17839.51332603,17952.0628583679,17451.2014509371,16337.9714689069,15313.1366310696,12177.600855779,9812.23014097912,7799.96362995067,5809.3502579571,6638.01605270564,14642.0158371616,17645.1212285641,17680.3753133044,17791.801708932,9680.89222201993,8775.51712504648,8057.12381816084,5905.45188308882,4496.02215155721,3368.78253862714,1486.0247093607,1565.19657882099,8671.55856207208,10544.0169075123,10544.1861968745,10467.6393452255,9629.68885096676,8724.34512916719,8005.9831782301,5854.34257989308,4444.9441658947,3317.73585130785,3959.59475063185,3437.76659164342,10759.4774258266,12400.664739802,11929.4535200887,11570.6875031031,10865.2000084913,NA,NA,NA,NA,NA,NA,NA,NA,NA,NA,NA
"72",6181.17910525788,6063.10982425263,4457.31554324737,4115.00751224211,3903.89260623685,4109.13270023159,7366.48529422633,10299.9503882211,9017.36548221582,3914.39307621056,5141.5331702053,7835.72638920004,5973.31023319479,5855.24095218953,4249.44667118427,3907.13864017901,3696.02373417375,3901.2638281685,7475.95907546246,10741.370503613,7440.00498232122,4019.6648313549,4933.84299615777,7153.64367284708,5640.16668321102,5452.61059970627,4358.67962045543,3390.49856924457,3282.31102052069,3581.5730493893,7325.3657316119,10591.3420186035,7290.53923743037,3870.75971580721,4785.49640709508,7005.85351529882,5656.67633166103,4230.49397051731,3603.00677029132,2874.40529715161,3766.76824241537,4467.85429754803,8319.57715416294,11998.1867540209,7939.61616403,4205.99345124489,5350.30918286677,6455.13830124281,5547.59949886584,4121.692718374,3494.48040255034,2766.15311932247,3658.7895617622,4360.14842308515,6550.54458454119,11205.6947740899,11057.6512136387,4699.7239031874,4778.40346773614,6018.12553228488,5770.16447183361,3409.11466138235,3153.81797593109,NA,NA,NA,NA,NA,NA,NA,NA,NA
"73",4639.5753725006,4787.45735086548,5791.44282959353,4415.81512760443,5276.16027217504,4839.15908227269,5229.37987688851,4946.50660003737,3838.91694575781,4592.10673311206,4481.74678118594,5282.56520075555,4577.00572762051,4724.99126427061,5729.08012988578,4353.55564366938,5214.00383318146,4777.10551767212,5653.31803834212,5066.19522434305,4494.43907701065,4367.83584634491,4315.74615734584,5222.6323016801,4635.26657101436,4916.03959034862,5693.87406801622,4093.00437901715,5130.41906501808,4554.31916768567,5626.03177035327,5038.90895635419,4467.15280902179,4340.54957835605,4288.45988935698,5195.34603369124,4454.00769475982,5044.99747086728,5633.46378398588,3774.03141964159,4655.5209967018,4607.04605070863,5529.76615887896,4954.17964843768,4535.27692995112,3760.27362232693,4335.00930281414,5253.14438200313,4411.84135382559,5002.88667055458,5591.40845113777,3732.03148119749,4613.57637969735,4565.1566822756,4739.06709080849,5049.79341510399,4142.41498393889,3989.65010969589,4113.51168813141,5000.23574004219,4229.79703626515,4958.87576434408,5320.50065352948,NA,NA,NA,NA,NA,NA,NA,NA,NA
"74",3478.31568577944,5436.68460097157,5216.29309950241,5423.73284803862,5026.69551324688,4264.05817846052,4401.46667701287,4283.48142557059,2467.60034080035,421.448422702161,705.973587942678,757.873753188572,3478.36766843984,5436.73658369649,5216.34508229185,5423.78483089258,5026.74749616536,4264.11016144351,5678.85421899945,5397.53533023295,4099.63310813312,1506.43713603329,1475.66199726679,1633.8118585003,4541.65963640047,6166.88241430063,6100.03227553414,6157.18213676764,5968.67574800115,5528.25269256798,5699.15255380149,5417.83366503499,4119.93144293516,1526.73547083533,1495.96033206883,1654.11019330233,5196.97181826156,6101.2579350525,6132.8947570505,6131.83030933907,6125.08345064273,5808.22512332786,5968.3471034036,5553.59325052269,5090.91992464903,2082.0147360586,1656.66946200696,1981.07171339682,5361.0757681123,6265.82757101978,6297.93140063546,6297.33528579295,6291.05808897752,5974.67075632695,5661.85189881017,5187.58005360969,5272.3779871,2173.74576389353,1496.43761473233,1893.90776982772,5193.78962553324,6107.48949435082,6303.83243827015,NA,NA,NA,NA,NA,NA,NA,NA,NA
"75",2593.2538105989,2566.51450840685,2539.534751009,2512.30754926939,2484.82556489544,2457.08108539779,2429.06599668654,2400.7717530245,2372.18934401894,2343.30925828588,2314.12144336728,2284.61526141648,2254.77944009197,2224.60201800914,2194.07028399313,2163.17070924758,2131.88887140088,2100.20936920622,3433.02526186252,3409.15818206517,3385.74775953337,3362.78525688242,3340.26210390306,3318.16989436289,3296.50038286892,3275.24548179016,3254.39725823914,3233.94793111112,3213.88986817998,3194.21558324967,3174.9177333602,3155.989116047,3137.42266665281,3119.21145569094,3101.34868625904,3083.82769150227,3012.63814205199,2995.62866944341,2978.78385446935,2962.10210318641,2945.5818370811,2929.22149292052,2913.01952260441,2896.97439301864,2881.08458589017,2865.34859764338,2849.76493925779,2834.33213612714,2819.04872791989,2803.91326844101,2788.92432549514,2774.08048075109,2759.38032960759,2744.82248106041,3573.78930712457,3581.54769033648,3589.33150764117,3597.14084241856,3604.97577832184,3612.83639927849,3620.7227894911,3628.63503343832,3636.57321587573,NA,NA,NA,NA,NA,NA,NA,NA,NA
"76",4800.53770798694,4678.47387748947,4814.36069436188,4049.16855960433,5432.59892422919,5507.74244588268,5689.75502314032,4989.89493297797,5095.89302246691,5451.24867020426,4820.94609838935,4904.27732081824,4825.14603951412,4702.44111717612,4839.00826613314,4069.88538732214,5460.37603705842,5535.88576544662,5766.52636514252,5075.11023711994,4833.1214947709,5260.38305485536,4914.07200079999,5162.38624936482,4900.84663397657,4824.17190472865,4850.88289504785,4277.28168836098,5392.84745142821,5497.78851767641,5778.3028038658,5086.89031008998,4844.90520310923,5272.17039968387,4925.86298324091,5174.18087054073,5283.33908079942,5310.55674289361,5303.82992532157,4706.18990566951,5578.02212824524,5716.15995407829,6041.48882758668,5447.64419324365,5124.64691224453,5444.37201250675,5169.31952200337,5474.90613542979,5367.7464642039,5395.13220313285,5388.57379707982,4791.10252429747,5663.10382976139,5801.41107517019,5469.90934770774,5060.27408787624,4695.32611455429,4937.50292786676,4894.62744460505,5201.1684148938,4855.21958885749,5006.31221662047,4990.008798307,NA,NA,NA,NA,NA,NA,NA,NA,NA
"77",7552.39860139291,7536.20086525626,7520.05947897779,7503.9742465235,7487.94497254141,7471.97146235914,7456.05352198153,7440.19095808832,7424.38357803179,7408.6311898344,7392.9336021865,7377.29062444396,7361.70206662587,7346.16773941228,7330.68745414181,7315.26102280945,7299.88825806421,7284.56897320688,6867.78308466667,6847.78072066235,6827.87207665279,6808.05671351802,6788.33419419554,6768.70408367069,6749.16594896706,6729.7193591369,6710.36388525166,6691.09910039251,6671.92457964092,6652.8399000693,6633.84464073166,6614.93838265433,6596.12070882671,6577.39120419209,6558.7494556385,6540.19505198955,5175.87216465404,5165.40010828485,5154.92805191566,5144.45599554646,5133.98393917727,5123.51188280808,5113.03982643889,5102.5677700697,5092.09571370051,5081.62365733132,5071.15160096213,5060.67954459294,5050.20748822374,5039.73543185455,5029.26337548536,5018.79131911617,5008.31926274698,4997.84720637779,6320.12745873855,6313.3799199929,6306.63958510183,6299.9064463743,6293.1804961275,6286.46172668682,6279.75013038583,6273.04569956629,6266.34842657814,NA,NA,NA,NA,NA,NA,NA,NA,NA
"78",5293.84002349911,5298.13572951468,5302.43492129674,5306.73760167383,5311.04377347678,5315.35343953873,5319.66660269511,5323.98326578363,5328.30343164435,5332.62710311959,5336.954283054,5341.28497429452,5345.61917969043,5349.9569020933,5354.29814435701,5358.64290933777,5362.99119989411,5367.34301888686,5368.77731092734,5369.86932840175,5370.96123468851,5372.05302983285,5373.14471387998,5374.23628687507,5375.32774886326,5376.41909988966,5377.51033999934,5378.60146923736,5379.69248764871,5380.7833952784,5381.87419217135,5382.96487837249,5384.0554539267,5385.14591887883,5386.23627327371,5387.32651715613,5685.8178256254,5689.05008044968,5692.28141623597,5695.51183402803,5698.74133486753,5701.96991979407,5705.1975898452,5708.4243460564,5711.65018946111,5714.87512109073,5718.09914197462,5721.3222531401,5724.54445561248,5727.76575041504,5730.98613856904,5734.20562109373,5737.42419900638,5740.64187332224,5844.33807350679,5850.61720172063,5856.89295575546,5863.16534284535,5869.43437019722,5875.70004499111,5881.96237438019,5888.22136549101,5894.47702542358,NA,NA,NA,NA,NA,NA,NA,NA,NA
"79",6521.56309764673,6517.49036485663,6513.41763206653,6509.34489927643,6505.27216648633,6501.19943369623,6497.12670090613,6493.05396811603,6488.98123532593,6484.90850253583,6480.83576974573,6476.76303695563,6472.69030416554,6468.61757137544,6464.54483858534,6460.47210579524,6456.39937300514,6452.32664021504,6396.43164978476,6420.07464806755,6443.84501074913,6467.74342393921,6491.77057744353,6515.9271647838,6540.21388321773,6564.63143375912,6589.18052119816,6613.86185412171,6638.67614493375,6663.62410987601,6688.70646904857,6713.9239464307,6739.27726990171,6764.767171262,6790.39438625416,6816.1596545842,6861.26690996773,6873.45837529476,6885.62228306959,6897.75880594725,6909.86811481509,6921.95037881789,6934.00576538244,6946.03444024171,6958.03656745859,6970.01230944918,6981.96182700572,6993.88527931905,7005.78282400071,7017.65461710464,7029.5008131485,7041.32156513464,7053.11702457063,7064.88734148957,6475.06907825351,6475.33589316714,6475.60271907528,6475.86955597839,6476.13640387691,6476.40326277129,6476.670132662,6476.93701354948,6477.20390543418,NA,NA,NA,NA,NA,NA,NA,NA,NA
"80",5241.51512685951,5234.00376047656,5226.5188839273,5219.06040379182,5211.62822697964,5204.22226072859,5196.84241260365,5189.48859049576,5182.1607026207,5174.85865751795,5167.58236404954,5160.33173139889,5153.10666906972,5145.90708688488,5138.73289498525,5131.5840038286,5124.46032418851,5117.3617671532,4718.34663252758,4720.73167466749,4723.11572931848,4725.49879779575,4727.88088141151,4730.2619814751,4732.64209929285,4735.02123616819,4737.39939340164,4739.77657229079,4742.15277413034,4744.52800021211,4746.902251825,4749.27553025509,4751.64783678554,4754.01917269668,4756.38953926601,4758.75893776816,4987.84436444181,4993.4303011078,4999.02582128171,5004.63094140548,5010.24567794926,5015.87004741144,5021.50406631875,5027.14775122623,5032.80111871736,5038.46418540406,5044.13696792674,5049.81948295436,5055.5117471845,5061.21377734337,5066.92559018586,5072.64720249564,5078.37863108516,5084.1198927957,5617.85537562636,4963.94514283847,4842.17307765887,5079.44855532942,5119.36595109204,5496.77401518877,5029.82587286171,5162.26027435306,4830.25471990512,NA,NA,NA,NA,NA,NA,NA,NA,NA
"81",5181.55913333304,5192.83821857569,5204.1418558423,5215.47009857706,5226.82300034054,5238.20061480987,5249.60299577905,5261.03019715915,5272.48227297862,5283.95927738348,5295.46126463765,5306.98828912316,5318.54040534041,5330.11766790843,5341.72013156517,5353.34785116771,5365.00088169253,5376.67927823582,4829.1595508392,4835.33638107154,4841.52463043884,4847.72432005171,4853.93547105978,4860.1581046518,4866.39224205566,4872.63790453852,4878.89511340684,4885.16389000649,4891.44425572277,4897.73623198056,4904.03984024429,4910.35510201813,4916.68203884597,4923.02067231154,4929.37102403846,4935.73311569034,5022.31604724286,5024.63329629167,5026.95217999388,5029.27269950264,5031.59485597188,5033.91865055636,5036.24408441165,5038.57115869415,5040.89987456105,5043.23023317038,5045.56223568097,5047.89588325248,5050.23117704538,5052.56811822097,5054.90670794135,5057.24694736945,5059.58883766903,5061.93238000466,4785.98227971138,4785.96385377763,4785.94542024114,4785.92697909563,4785.90853033477,4785.89007395225,4785.87160994172,4785.85313829687,4785.83465901133,NA,NA,NA,NA,NA,NA,NA,NA,NA
"82",2379.47406279818,2372.2909967183,2365.12961460594,2357.98985100238,2350.87164064646,2343.77491847407,2336.6996196175,2329.64567940484,2322.61303335944,2315.60161719926,2308.61136683635,2301.64221837618,2294.69410811715,2287.76697254991,2280.86074835688,2273.97537241158,2267.11078177811,2260.26691371057,3006.1362187051,3016.18913098798,3026.27566152301,3036.395922734,3046.55002742075,3056.73808876026,3066.96022030801,3077.21653599924,3087.50715015017,3097.83217745935,3108.19173300887,3118.58593226568,3129.01489108286,3139.47872570093,3149.97755274911,3160.51148924667,3171.08065260419,3181.6851606249,2955.47197216481,2969.29649413756,2983.08890756391,2996.84950867665,3010.57858895856,3024.27643525054,3037.94332985646,3051.579550645,3065.18537114854,3078.76106065918,3092.30688432199,3105.82310322572,3119.30997449081,3132.76775135501,3146.19668325664,3159.59701591545,3172.96899141135,3186.31284826091,3244.125621813,3254.27302718964,3264.4046361103,3274.52054647836,3284.62085514025,3294.70565790164,3304.7750495434,3314.82912383712,3324.86797356044,NA,NA,NA,NA,NA,NA,NA,NA,NA
"83",5127.96962985896,5127.89925727482,5127.82888469069,5127.75851210655,5127.68813952241,5127.61776693827,5127.54739435414,5127.47702177,5127.40664918586,5127.33627660173,5127.26590401759,5127.19553143345,5127.12515884932,5127.05478626518,5126.98441368104,5126.91404109691,5126.84366851277,5126.77329592863,6181.59792477332,6191.26961773136,6200.96689688106,6210.68982990997,6220.43848468473,6230.21292925147,6240.01323183637,6249.83946084608,6259.69168486824,6269.56997267192,6279.47439320813,6289.40501561026,6299.36190919461,6309.34514346088,6319.35478809258,6329.39091295758,6339.45358810862,6349.54288378372,5087.39341037684,5102.80713777373,5118.28014950826,5133.81267360008,5149.40493894585,5165.05717532261,5180.76961339116,5196.54248469949,5212.37602168616,5228.27045768374,5244.22602692222,5260.24296453252,5276.32150654991,5292.4618899175,5308.66435248972,5324.92913303584,5341.25647124351,5357.64660772224,6851.09035540958,6858.18520561835,6865.28005582711,6872.37490603588,NA,NA,NA,NA,NA,NA,NA,NA,NA,NA,NA,NA,NA,NA
"84",4770.91159762451,4760.62147158338,4750.37425061392,4740.16975582183,4730.00780905868,4719.88823291884,4709.81085073639,4699.77548658202,4689.78196525996,4679.83011230494,4669.91975397912,4660.05071726905,4650.2228298827,4640.43592024639,4630.68981750184,4620.98435150316,4611.3193528139,4601.69465270406,4716.69008769237,4718.21952343096,4719.74991185195,4721.28125354874,4722.81354911514,4724.34679914531,4725.88100423379,4727.41616497547,4728.95228196563,4730.48935579992,4732.02738707435,4733.56637638531,4735.10632432956,4736.64723150423,4738.18909850682,4739.73192593521,4741.27571438764,4742.82046446274,4969.19562787154,4970.68538713295,4972.17404950166,4973.6616169194,4975.1480913225,4976.63347464185,4978.11776880294,4979.60097572589,4981.08309732546,4982.56413551107,4984.04409218681,4985.5229692515,4987.00076859867,4988.47749211659,4989.95314168828,4991.42771919158,4992.90122649911,4994.37366547829,4318.00224353211,4318.73331312545,4319.46396020803,4320.19418533928,4320.92398907749,4321.65337197975,4322.38233460205,4323.1108774992,4323.83900122489,NA,NA,NA,NA,NA,NA,NA,NA,NA
"85",4794.44501608544,4780.2405427445,4766.03606940356,4751.83159606262,4737.62712272168,4723.42264938075,4709.21817603981,4695.01370269887,4680.80922935793,4666.60475601699,4652.40028267605,4638.19580933511,4623.99133599417,4609.78686265323,4595.58238931229,4581.37791597135,4567.17344263041,4552.96896928947,4176.37718703347,4176.37881883979,4176.38044977358,4176.38207983577,4176.38370902728,4176.38533734906,4176.38696480203,4176.38859138711,4176.39021710523,4176.39184195732,4176.39346594429,4176.39508906707,4176.39671132659,4176.39833272375,4176.39995325947,4176.40157293467,4176.40319175026,4176.40480970715,4609.97353852552,4616.04329441831,4622.10903604915,4628.17077398185,4634.22851873169,4640.28228076573,4646.33207050315,4652.37789831552,4658.41977452717,4664.45770941542,4670.49171321095,4676.52179609809,4682.54796821508,4688.57023965442,4694.58862046312,4700.60312064302,4706.61375015108,4712.62051889963,4503.25450419069,4503.95808647182,4504.66147909669,4505.36468219709,4506.06769590468,4506.77052035099,4507.47315566738,NA,NA,NA,NA,NA,NA,NA,NA,NA,NA,NA
"86",4189.97762805257,4189.85742785117,4189.73722764977,4189.61702744837,4189.49682724698,4189.37662704558,4189.25642684418,4189.13622664278,4189.01602644138,4188.89582623999,4188.77562603859,4188.65542583719,4188.53522563579,4188.41502543439,4188.294825233,4188.1746250316,4188.0544248302,4187.9342246288,4353.76084301247,4353.5964339784,4353.43204144455,4353.26766540927,4353.1033058709,4352.93896282779,4352.77463627828,4352.61032622073,4352.44603265346,4352.28175557483,4352.11749498317,4351.95325087685,4351.7890232542,4351.62481211357,4351.46061745331,4351.29643927175,4351.13227756725,4350.96813233816,4764.88027432945,4777.70602806383,4790.61818241339,4803.61731941537,4816.7040250279,4829.87888915641,4843.14250568024,4856.49547247937,4869.93839146141,4883.47186858872,4897.09651390572,4910.81294156638,4924.62176986192,4938.5236212487,4952.5191223762,4966.60890411537,4980.793601587,4995.07385419036,4912.28539494113,4917.96760631034,4923.64653129553,4929.32217747992,4934.99455241614,4940.66366362643,4946.32951860282,4951.9921248073,4957.65148967199,NA,NA,NA,NA,NA,NA,NA,NA,NA
"87",4780.13322640328,4777.16640922109,4774.19824504057,4771.22873179944,4768.25786743006,4765.28564985936,4762.31207700886,4759.33714679464,4756.36085712732,4753.38320591201,4750.40419104836,4747.42381043045,4744.44206194685,4741.45894348054,4738.47445290893,4735.48858810382,4732.50134693138,4729.51272725212,4593.20819310073,4594.56273282734,4595.91727255395,4597.27181228056,4598.62635200717,4599.98089173379,4601.3354314604,4602.68997118701,4604.04451091362,4605.39905064023,4606.75359036684,4608.10813009345,4609.46266982006,4610.81720954668,4612.17174927329,4613.5262889999,4614.88082872651,4616.23536845312,5828.96672937661,5843.36423717672,5857.76174497683,5872.15925277694,5886.55676057705,5900.95426837716,5915.35177617728,5929.74928397738,5944.1467917775,5958.54429957761,5972.94180737772,5987.33931517783,6001.73682297794,6016.13433077805,6030.53183857816,6044.92934637827,6059.32685417838,6073.72436197849,6952.48303907244,6973.65962293769,6995.02644888471,7016.58522597337,7038.33767861707,7060.28554672064,7082.43058581955,7104.77456722029,7127.31927814208,NA,NA,NA,NA,NA,NA,NA,NA,NA
"88",2378.65955539796,2372.34613905762,2366.04947972894,2359.7695329356,2353.50625431935,2347.25959963966,2341.02952477344,2334.8159857147,2328.61893857425,2322.43833957939,2316.2741450736,2310.12631151624,2303.99479548223,2297.87955366175,2291.78054285994,2285.69771999656,2279.63104210575,2273.58046633567,1549.48023249822,1534.0979289809,1518.86833167856,1503.78992461617,1488.86120686839,1474.08069241014,1459.44690996871,1444.95840287729,1430.61372893,1416.41146023828,1402.3501830888,1388.42849780272,1374.64501859636,1360.99837344328,1347.48720393766,1334.11016515914,1320.86592553891,1307.75316672716,2697.88177282268,2675.96585950002,2654.22797742455,2632.66668038114,2611.28053390285,2590.06811517544,2569.02801294272,2548.15882741268,2527.45917016435,2506.92766405542,2486.56294313063,2466.36365253089,2446.32844840314,2426.45599781096,2406.74497864586,2387.19407953935,2367.80199977567,2348.56744920527,2684.81953947768,2686.45010782965,2688.08017895597,2689.70975346103,2691.33883194796,2692.9674150186,2694.59550327351,NA,NA,NA,NA,NA,NA,NA,NA,NA,NA,NA
"89",4316.98803195243,4333.47979194946,4349.94016056793,4366.36937519783,4382.76767010571,4399.1352764931,4415.47242255344,4431.77933352772,4448.0562317587,4464.30333674389,4480.52086518733,4496.70903105005,4512.8680455994,4528.99811745729,4545.09945264716,4561.17225464008,4577.21672439958,4593.23306042563,4386.7924244204,4384.45624173402,4382.11943102811,4379.78199162978,4377.44392286486,4375.1052240579,4372.76589453219,4370.42593360976,4368.08534061135,4365.74411485643,4363.40225566318,4361.0597623485,4358.71663422799,4356.37287061597,4354.02847082547,4351.68343416819,4349.33775995456,4346.99144749368,4093.6939273295,4086.78506903031,4079.88787069492,NA,NA,NA,NA,NA,NA,NA,NA,NA,NA,NA,NA,NA,NA,NA,NA,NA,NA,NA,NA,NA,NA,NA,NA,NA,NA,NA,NA,NA,NA,NA,NA,NA
"90",1469.60358110831,1469.59670103964,1469.58983293438,1469.58297677174,1469.57613253094,1469.56930019125,1469.56247973199,1469.55567113248,1469.54887437212,1469.54208943031,1469.53531628651,1469.52855492019,1469.52180531088,1469.51506743813,1469.50834128154,1469.50162682074,1469.49492403538,1469.48823290516,1691.21458606924,1691.19911065192,1691.18363537622,1691.16816024212,1691.15268524962,1691.13721039873,1691.12173568944,1691.10626112175,1691.09078669566,1691.07531241117,1691.05983826828,1691.04436426698,1691.02889040728,1691.01341668917,1690.99794311265,1690.98246967772,1690.96699638439,1690.95152323264,1789.13972563691,1791.27141831317,1793.40694479535,1795.54631197848,1797.68952676998,1799.83659608969,1801.98752686991,1804.14232605539,1806.30100060338,1808.46355748364,1810.63000367846,1812.80034618271,1814.97459200381,1817.1527481618,1819.33482168934,1821.52081963173,1823.71074904697,1825.90461700572,2258.88896276959,2262.30179127742,2265.72359425663,2269.15439530676,2272.5942180894,2276.04308632834,2279.50102380978,2282.96805438246,2286.44420195783,NA,NA,NA,NA,NA,NA,NA,NA,NA
"91",4829.56697505705,4839.03250270588,4848.49803035471,4857.96355800353,4867.42908565236,4876.89461330119,4886.36014095002,4895.82566859885,4905.29119624767,4914.7567238965,4924.22225154533,4933.68777919416,4943.15330684298,4952.61883449181,4962.08436214064,4971.54988978947,4981.01541743829,4990.48094508712,4668.72584087461,4677.45080760048,4686.17577432636,4694.90074105224,4703.62570777812,4712.35067450399,4721.07564122987,4729.80060795575,4738.52557468163,4747.25054140751,4755.97550813339,4764.70047485926,4773.42544158514,4782.15040831102,4790.8753750369,4799.60034176277,4808.32530848865,4817.05027521453,4886.90721822148,4890.71305711519,4894.52350057475,4898.33855417108,4902.15822348184,4905.98251409143,4909.81143159103,4913.64498157857,4917.48316965874,4921.32600144302,4925.17348254971,4929.02561860385,4932.88241523733,4936.74387808884,4940.61001280389,4944.48082503483,4948.35632044083,4952.23650468791,4938.16255267732,4937.87215735846,4937.58180389283,4937.2914922744,4937.00122249712,4936.71099455497,4936.42080844193,4936.13066415195,4935.84056167902,NA,NA,NA,NA,NA,NA,NA,NA,NA
"92",5430.3041300758,5430.61170326062,5430.91926652466,5431.22681986913,5431.53436329523,5431.84189680415,5432.14942039711,5432.4569340753,5432.76443783992,5433.07193169218,5433.37941563326,5433.68688966438,5433.99435378673,5434.30180800151,5434.60925230992,5434.91668671316,5435.22411121242,5435.53152580891,5617.00007609206,5624.01263211449,5631.03839159583,5638.07737939596,5645.12962042158,5652.19513962627,5659.2739620106,5666.36611262221,5673.4716165559,5680.59049895373,5687.72278500507,5694.86849994676,5702.02766906311,5709.20031768608,5716.38647119529,5723.58615501817,5730.79939463001,5738.02621555407,5789.78365761144,5799.55910991158,5809.32586574688,5819.08395515851,5828.8334080072,5838.57425397481,5848.30652256581,5858.03024310884,5867.74544475815,5877.45215649514,5887.15040712974,5896.84022530191,5906.52163948305,5916.19467797741,5925.85936892348,5935.51574029539,5945.16381990425,5954.80363539952,6050.12152442107,6055.24553727215,6060.36955012323,6065.49356297431,NA,NA,NA,NA,NA,NA,NA,NA,NA,NA,NA,NA,NA,NA
"93",2516.21010515005,2512.42543783575,2508.63789173393,2504.84745810544,2501.05412816464,2497.25789307902,2493.45874396886,2489.65667190686,2485.85166791779,2482.04372297811,2478.23282801558,2474.41897390893,2470.60215148744,2466.78235153057,2462.95956476757,2459.1337818771,2455.30499348681,2451.47319017297,2537.9477270826,2535.88655453818,2533.82449797632,2531.76155591806,2529.69772688009,2527.6330093748,2525.56740191021,2523.50090298996,2521.43351111331,2519.3652247751,2517.29604246574,2515.22596267121,2513.15498387301,2511.08310454816,2509.01032316918,2506.93663820404,2504.86204811621,2502.78655136458,2780.37177345253,2780.73659428318,2781.10050995918,2781.46352507852,2781.82564420394,2782.18687186334,2782.54721255004,2782.90667072322,2783.26525080822,2783.62295719689,2783.97979424796,2784.3357662873,2784.69087760835,2785.04513247236,2785.39853510874,2785.7510897154,2786.10280045905,2786.45367147549,2500.07906476373,2500.15516980191,2500.23132537236,2500.30753150865,NA,NA,NA,NA,NA,NA,NA,NA,NA,NA,NA,NA,NA,NA
"94",7501.40274077848,7501.59886734285,7501.79499903501,7501.9911358551,7502.18727780324,7502.38342487958,7502.57957708424,7502.77573441737,7502.97189687909,7503.16806446955,7503.36423718887,7503.56041503718,7503.75659801463,7503.95278612134,7504.14897935746,7504.34517772311,7504.54138121843,7504.73758984355,23065.0097646229,23065.135951607,23065.262138591,23065.3883255751,23065.5145125592,23065.6406995433,23065.7668865273,23065.8930735114,23066.0192604955,23066.1454474796,23066.2716344636,23066.3978214477,23066.5240084318,23066.6501954159,23066.7763824,23066.902569384,23067.0287563681,23067.1549433522,872.991548380005,810.744515944742,750.095113332752,691.002335841446,633.426231193274,577.32787252423,522.669332065631,469.413655501374,417.524836983341,366.96779478806,317.70834759816,269.713191392581,222.949876929922,177.386787809709,132.993119096719,89.7388564939605,47.5947560501729,6.53232438817198,20524.558049395,20528.8190657101,20533.0809666367,20537.3437523584,20541.607423059,20545.8719789222,20550.1374201317,20554.4037468713,20558.6709593249,NA,NA,NA,NA,NA,NA,NA,NA,NA
"95",3384.93169457235,3354.46127960131,3323.55282506149,3292.18929715423,3260.35256145289,3228.02328202725,3195.18080845219,3161.80304888246,3127.86632704456,3093.34522059565,3058.21237780848,3022.43830893962,2985.99114789401,2948.83637887467,2910.93652155063,2872.25076682026,2832.73455340169,2792.33907312226,5331.02880490763,5317.07132114277,5303.15038029677,5289.26588669444,5275.41774491107,5261.60585977182,5247.830136351,5234.09047997146,5220.38679620394,5206.7189908664,5193.08697002339,5179.4906399854,5165.92990730819,5152.40467879221,5138.9148614819,5125.46036266507,5112.04108987227,5098.65695087616,4541.84081032278,4543.65170373211,4545.45350691239,4547.24631421893,4549.03021852727,4550.80531126422,4552.57168243795,4554.32942066743,4556.07861321103,4557.81934599436,4559.55170363749,4561.27576948142,4562.99162561384,4564.69935289435,4566.39903097895,4568.09073834396,4569.77455230934,4571.45054906145,5150.32646829329,5155.62237558462,5160.91828287594,5166.21419016727,NA,NA,NA,NA,NA,NA,NA,NA,NA,NA,NA,NA,NA,NA
"96",3478.4895126751,3483.59925264424,3488.70899261338,3493.81873258252,3498.92847255167,3504.03821252081,3509.14795248995,3514.25769245909,3519.36743242824,3524.47717239738,3529.58691236652,3534.69665233566,3539.80639230481,3544.91613227395,3550.02587224309,3555.13561221223,3560.24535218138,3565.35509215052,3956.98948248535,3956.95514371548,3956.92096869683,3956.88695664854,3956.85310679345,3956.8194183581,3956.78589057274,3956.75252267126,3956.71931389125,3956.68626347389,3956.653370664,3956.62063470999,3956.58805486387,3956.55563038121,3956.52336052113,3956.49124454627,3956.45928172281,3956.42747132041,2942.08601935043,2913.63054039672,2885.175061443,2856.71958248929,2828.26410353557,2799.80862458186,2771.35314562814,2742.89766667443,2714.44218772071,2685.986708767,2657.53122981328,2629.07575085957,2600.62027190586,2572.16479295214,2543.70931399843,2515.25383504471,2486.798356091,2458.34287713728,4135.06039752947,4135.06530512672,4135.07021272981,4135.07512033872,4135.08002795345,4135.08493557401,4135.08984320039,4135.09475083259,4135.09965847062,NA,NA,NA,NA,NA,NA,NA,NA,NA
"97",6313.59192976305,6140.647146008,5869.48055117394,4487.07129631569,6152.79436585455,5007.52474424487,4098.42908264067,2848.02819889555,3697.42624422933,3617.82111989458,5675.5669771766,6818.21588406001,6272.48657522865,6099.6290353989,5828.54949931955,4446.22711843845,6112.03687756906,4966.85376155709,1019.01053597874,1019.01535216805,1019.02013938106,1019.0248979645,1019.02962825889,1019.03433059873,1019.0390053126,1019.04365272335,1019.04827314817,1019.05286689877,1019.05743428149,1019.06197559741,1019.06649114251,1019.07098120773,1019.07544607912,1019.07988603793,1019.08430136073,1019.08869231953,4927.87378587741,4920.73836587274,4913.64020035796,4906.57909482495,4899.55485578115,4892.56729074424,4885.61620823684,4878.70141778132,4871.82272989451,4864.97995608258,4858.1729088358,4851.40140162347,4844.66524888876,4837.96426604367,4831.29826946392,4824.66707648395,4818.07050539191,4811.50837542469,3827.56238830996,3828.26707035843,3828.97094664933,3829.67401917083,3830.37628990359,3831.07776082074,3831.77843388799,3832.4783110636,3833.17739429848,NA,NA,NA,NA,NA,NA,NA,NA,NA
"98",6708.67303977344,6718.08287746869,6727.48346019576,6736.87481903636,6746.25698489433,6755.62998849712,6764.99386039717,6774.34863097334,6783.69433043231,6793.03098880994,6802.35863597262,6811.67730161866,6820.98701527958,6830.28780632146,6839.57970394626,6848.86273719307,6858.13693493943,6867.40232590258,6904.95763713254,6902.73150324995,6900.50647266979,6898.28254484526,6896.05971922981,6893.83799527719,6891.61737244138,6889.39785017666,6887.17942793757,6884.96210517893,6882.74588135581,6880.53075592357,6878.31672833783,6876.10379805448,6873.89196452969,6871.68122721988,6869.47158558176,6867.2630390723,6880.40690406118,6878.50124055228,6876.59644236329,6874.6925091013,6872.78944037356,6870.8872357875,6868.98589495074,6867.08541747107,6865.18580295645,6863.28705101504,6861.38916125515,6859.49213328529,6857.59596671414,6855.70066115056,6853.80621620358,6851.91263148242,6850.01990659646,6848.12804115528,6918.28194373598,6918.0207651628,6917.75960185004,6917.49845379681,6917.23732100223,6916.97620346538,6916.71510118539,6916.45401416136,6916.1929423924,NA,NA,NA,NA,NA,NA,NA,NA,NA
"99",3505.0465162386,3494.80745507974,3484.56839392088,3474.32933276202,3464.09027160316,3453.85121044429,3443.61214928543,3433.37308812657,3423.1340269677,3412.89496580884,3402.65590464998,3392.41684349112,3382.17778233225,3371.93872117339,3361.69966001453,3351.46059885567,3341.2215376968,3330.98247653794,4476.29638243365,4474.471702382,4472.64838408356,4470.82642652205,4469.00582868197,4467.18658954855,4465.3687081078,4463.55218334648,4461.73701425209,4459.92319981292,4458.11073901798,4456.29963085706,4454.48987432068,4452.68146840013,4450.87441208746,4449.06870437546,4447.26434425766,4445.46133072837,4835.61554556617,4845.78809510684,4856.02784081424,4866.33522656185,4876.71069915519,4887.15470835123,4897.66770687787,4908.25015045357,4918.9024978071,4929.62521069741,4940.41875393368,4951.28359539544,4962.22020605287,4973.2290599872,4984.31063441127,4995.46540969022,5006.69386936232,5017.99650015987,5715.98843380808,5743.22689407623,5770.5951540678,5798.09383231878,5825.72355031269,5853.48493249462,5881.3786062853,5909.40520209534,5937.56535333946,NA,NA,NA,NA,NA,NA,NA,NA,NA
"100",4626.76043583643,4646.41580004591,4666.07116425539,4685.72652846487,4705.38189267435,4725.03725688383,4744.69262109331,4764.34798530279,4784.00334951227,4803.65871372175,4823.31407793123,4842.96944214071,4862.62480635019,4882.28017055967,4901.93553476915,4921.59089897863,4941.24626318812,4960.9016273976,4575.01053479099,4579.57248022161,4584.13442565223,4588.69637108285,4593.25831651347,4597.82026194409,4602.3822073747,4606.94415280532,4611.50609823594,4616.06804366656,4620.62998909718,4625.1919345278,4629.75387995842,4634.31582538904,4638.87777081965,4643.43971625027,4648.00166168089,4652.56360711151,5277.74296628278,5278.17655797586,5278.61169094091,5279.04837065661,5279.48660262114,5279.92639235223,5280.36774538721,5280.81066728309,5281.25516361665,5281.70123998447,5282.14890200306,5282.59815530885,5283.04900555835,5283.50145842813,5283.95551961499,5284.41119483593,5284.86848982832,5285.32741034987,4151.5383300494,4150.14117040896,4148.74401076851,4147.34685112807,NA,NA,NA,NA,NA,NA,NA,NA,NA,NA,NA,NA,NA,NA
"101",3480.9372868557,3476.89301292694,3472.8534377762,3468.81855594427,3464.7883619783,3460.76285043175,3456.74201586444,3452.72585284249,3448.71435593832,3444.70751973069,3440.70533880463,3436.70780775148,3432.71492116885,3428.72667366063,3424.74305983699,3420.76407431435,3416.78971171539,3412.81996666904,2732.21997950748,2719.39427157975,2706.53634199154,2693.64587419684,2680.72254619135,2667.76603037727,2654.77599342367,2641.75209612236,2628.69399323897,2615.60133335912,2602.47375872945,2589.31090509328,2576.11240152069,2562.87787023283,2549.60692642014,2536.29917805423,2522.95422569323,2509.57166228025,2636.80509789183,2637.16779688872,2637.53054577574,2637.89334455977,2638.25619324765,2638.61909184626,2638.98204036246,2639.34503880312,2639.7080871751,2640.07118548527,2640.43433374051,2640.79753194767,2641.16078011364,2641.52407824529,2641.88742634948,2642.25082443309,2642.614272503,2642.97777056608,3500.01096281175,3500.03727477458,3500.06358673741,3500.08989870024,NA,NA,NA,NA,NA,NA,NA,NA,NA,NA,NA,NA,NA,NA
"102",4836.13477104274,4979.98564392355,4888.91398441658,5002.05313174313,5128.61767513208,4830.47845381997,5034.26672371764,4900.67624074358,5249.72576082391,5207.93612322578,4678.94275055735,5159.2352321011,4878.64690714726,5022.55278166039,4931.53619494611,5044.73048631779,5171.3502450965,4873.26631061109,5364.25228610073,5081.3673528253,5483.42574491053,5510.95927096745,5000.42430884952,5394.28871160029,5149.28517624751,5288.38273314998,5192.08170503801,5388.49983831178,5456.57199389707,5090.62456673473,5441.12152022146,5154.18287227986,5562.00272356259,5589.93080247566,5072.07992204578,5471.58836489237,5036.18408512568,5130.00033702388,5160.37210266044,5259.32302233634,5379.74774938627,5058.28017384014,5408.71124887771,5124.04009354508,5603.96941066876,5430.64649979851,5043.69146922986,5471.28323679297,5108.55946693598,5203.63577423929,5234.35499755425,5334.63457366644,5456.69192039684,5130.54040966585,5308.66535884244,5079.43803330526,5493.87847680439,5301.09928751295,4870.0650695326,5284.25207787209,4971.82627059837,5072.85555286169,5125.76635116441,NA,NA,NA,NA,NA,NA,NA,NA,NA
"103",2911.36064753367,2435.0483557441,1963.03073765815,1470.37866089677,6890.7827848352,6596.51293560312,6312.0587310849,5917.61916425318,5348.81822816908,4720.40595764908,4145.62197093191,3515.30484467883,2975.31919730711,2499.17027232366,2027.31643832523,1534.82856399862,6955.39730978763,6661.29250289325,7554.76675637423,7164.76084553985,6651.48540565953,6052.76336268702,5459.13743425601,4803.33054634675,4310.52708328614,3834.45101274769,3344.71484408491,2924.95921166463,8260.18933320041,7965.17605141913,7610.00270906111,7220.07556554674,6706.87900530983,6108.23595446432,5514.6891308043,4858.96146047065,4295.6161508514,3876.13985058997,3460.26256237723,3019.03116125405,8041.28939726136,7645.40185377342,7332.42582249789,6894.48630347576,6431.87496341476,5889.8834690226,5329.55348700707,4777.37460074263,4296.4666019371,3876.99094896503,3461.1143085343,3019.88355568617,8042.14244046193,7646.25554623623,8653.19564900829,8224.48817776903,7714.01508152977,7164.28261029051,6580.68555571792,5915.87183447866,5460.23727990607,5047.10272533347,4581.24942076088,NA,NA,NA,NA,NA,NA,NA,NA,NA
"104",4651.37453241664,3854.39950677086,2913.67448112507,1282.14112214596,46027.9910965002,43828.7744041877,34929.4827118753,21205.0076862295,11280.0743272504,6410.97430160461,5348.99927595882,3825.69091697971,3813.17422466726,3016.19919902148,2075.4741733757,443.940814396584,45189.7907887508,42990.5740964384,25284.5778604923,10738.1056141482,2922.80003447082,0,0,0,0,0,0,0,37477.1053970518,35285.091484041,25278.4109043636,10731.9386580196,2916.63307834221,0,0,0,3727.05796624154,3466.547450626,2515.67595835133,1018.01603864957,23784.7878459905,38136.1732192696,27888.6238845492,14661.8048705434,8178.73778656926,5604.48099149388,4885.48197057451,4888.6066399549,3674.94476110961,3418.07680701639,2480.50077769932,1003.78173397004,23452.2194933476,37602.9380949641,32306.0711212222,19156.0735344987,11316.2973902791,7212.26921734902,5614.87327505943,5132.29157889055,4269.99114247394,4118.18976915297,3508.79431353364,NA,NA,NA,NA,NA,NA,NA,NA,NA
"105",6208.49403668431,6254.34865408074,4982.98408338912,1831.17111447557,2140.21178690071,2766.37688991652,5260.8573513522,7699.84757094425,7308.11833700002,7660.10363194995,6799.85896567769,5938.61345885003,6077.27331513582,6122.99473786915,4851.49643004593,1699.54917765371,2008.45501633476,2634.48473138247,6443.28763259363,7883.21681450472,7801.99190182222,7737.93583779445,7428.70489885378,7280.75744461781,7201.5587790017,6998.99087244152,6794.30375078431,3654.06341195589,3428.35668707313,4070.21485155616,6565.5233473517,8005.3551162675,7924.03309997344,7859.88024000259,7550.55281108563,7402.50917115187,7403.7606232375,7104.9634406277,7206.4776624829,4711.78467255723,3629.32420548378,4261.50476358007,6858.32167254357,7730.65916492611,7897.41538027604,8152.69333750374,7856.35301835943,7806.09470091201,7847.5561819181,7552.27111030319,7657.32523731074,5166.2001666524,4087.33585465946,4723.14102710214,5364.69968988053,6468.7341125814,6518.73728528227,6949.3758746498,NA,NA,NA,NA,NA,NA,NA,NA,NA,NA,NA,NA,NA,NA
"106",4164.33299391382,4151.80076927732,4139.32886287858,4126.91698440284,4114.56484493263,4102.27215694108,4090.03863428516,4077.86399219911,4065.74794728773,4053.69021751982,4041.69052222161,4029.74858207024,4017.86411908723,4006.03685663203,3994.26651939558,3982.55283339389,3970.89552596167,3959.29432574599,4139.46575944704,4129.92483979315,4120.41939980864,4110.94930755581,4101.5144315876,4092.11464094576,4082.74980515904,4073.41979424136,4064.12447869003,4054.86372948391,4045.63741808169,4036.44541642005,4027.28759691186,4018.16383244451,4009.07399637804,4000.01796254343,3990.99560524085,3982.0067992379,4403.96769042203,4403.09610260047,4402.22442794207,4401.35266641232,4400.4808179767,4399.60888260065,4398.7368602496,4397.86475088895,4396.99255448407,4396.12027100031,4395.247900403,4394.37544265745,4393.50289772892,4392.63026558269,4391.75754618397,4390.88473949797,4390.01184548988,4389.13886412485,4421.37498208033,4427.71303814864,4434.04654896544,4440.37552752361,4446.6999867512,4453.01993951184,4459.33539860528,4465.64637676775,4471.95288667249,NA,NA,NA,NA,NA,NA,NA,NA,NA
"107",4927.61478324515,4919.20089027437,4910.80136401001,4902.41617992094,4894.04531351793,4885.68874035355,4877.34643602213,4869.01837615966,4860.70453644373,4852.40489259347,4844.11942036947,4835.8480955737,4827.59089404946,4819.34779168128,4811.11876439489,4802.90378815711,4794.7028389758,4786.51589289978,5067.1096327189,5063.19011740772,5059.27060209655,5055.35108678538,5051.43157147421,5047.51205616304,5043.59254085187,5039.67302554069,5035.75351022952,5031.83399491835,5027.91447960718,5023.99496429601,5020.07544898484,5016.15593367366,5012.23641836249,5008.31690305132,5004.39738774015,5000.47787242898,4640.87892523011,5118.49678723316,5147.67714923622,4982.58667790594,5574.57953990899,4959.07240191205,4599.29443058177,4619.09979258483,4692.55098792121,4722.2521832576,4518.09921192732,5205.09207393037,4659.79326926676,5137.41113126982,5166.59149327287,5001.50102194259,5593.49388394565,4977.9867459487,5276.98256443045,4623.37166097656,4831.50190423391,4921.46544610177,4660.50242276364,5140.74025154347,4858.82573600231,5211.00514031526,5195.5509981869,NA,NA,NA,NA,NA,NA,NA,NA,NA
"108",4144.35469461726,4144.7058148594,4145.05699761346,4145.40824289057,4145.75955070186,4146.11092105847,4146.46235397153,4146.81384945217,4147.16540751154,4147.51702816078,4147.86871141103,4148.22045727344,4148.57226575915,4148.92413687931,4149.27607064507,4149.6280670676,4149.98012615803,4150.33224792754,3691.0202872051,3690.03892024981,3689.0574130595,3688.07576555674,3687.09397766406,3686.11204930389,3685.1299803986,3684.14777087049,3683.16542064176,3682.18292963455,3681.20029777094,3680.21752497292,3679.23461116239,3678.2515562612,3677.26836019112,3676.28502287383,3675.30154423095,3674.31792418401,3676.02430619461,3686.79736683423,3617.46709039763,3688.04082608423,3642.22890713649,3695.22059757007,3545.52945781497,3634.33538840295,3718.86595077222,3985.48264786231,3991.26429860499,3765.1093772559,3669.25110447767,3680.00327218491,3610.79973490066,3681.24235190861,3635.51385036795,3688.40679491232,3486.28987804694,3534.6831846376,3553.84372534482,3810.57363039579,3790.46421085082,3610.32461361712,3596.81558101843,3518.06759632007,3402.82422079197,NA,NA,NA,NA,NA,NA,NA,NA,NA
"109",2773.69117691283,2773.68707510279,2773.68297329274,2773.6788714827,2773.67476967266,2773.67066786262,2773.66656605258,2773.66246424254,2773.65836243249,2773.65426062245,2773.65015881241,2773.64605700237,2773.64195519233,2773.63785338229,2773.63375157225,2773.6296497622,2773.62554795216,2773.62144614212,3489.42311379899,3488.75161043641,3488.08010707384,3487.40860371127,3486.73710034869,3486.06559698612,3485.39409362354,3484.72259026097,3484.05108689839,3483.37958353582,3482.70808017325,3482.03657681067,3481.3650734481,3480.69357008552,3480.02206672295,3479.35056336037,3478.6790599978,3478.00755663522,3598.83457707943,3614.15900591103,3629.48343474263,3644.80786357424,3660.13229240584,3675.45672123744,3690.78115006905,3706.10557890065,3721.43000773226,3736.75443656386,3752.07886539546,3767.40329422707,3782.72772305867,3798.05215189027,3813.37658072188,3828.70100955348,3844.02543838508,3859.34986721669,3401.35870728415,3401.29808153176,3401.23749564138,3401.1769495868,NA,NA,NA,NA,NA,NA,NA,NA,NA,NA,NA,NA,NA,NA
"110",3436.17892317285,3411.5374157899,3387.07261744908,3362.78326093548,3338.66808812164,3314.72584990235,3290.95530613003,3267.35522555038,3243.92438573871,3220.66157303654,3197.56558248879,3174.63521778135,3151.86929117911,3129.26662346442,3106.82604387606,3084.54639004853,3062.42650795193,3040.46525183207,2580.10532992493,2571.13908544246,2562.15717115794,2553.15947698304,2544.14589146882,2535.11630178155,2526.07059367806,2517.00865148036,2507.93035804985,2498.83559476078,2489.72424147315,2480.59617650493,2471.45127660364,2462.28941691723,2453.11047096426,2443.91431060335,2434.70080600189,2425.46982560397,3454.61202776749,3450.84367886974,3447.07944055034,3443.31930832541,3439.56327771594,3435.81134424783,3432.06350345184,3428.31975086362,3424.58008202369,3420.84449247742,3417.11297777505,3413.38553347167,3409.66215512723,3405.9428383065,3402.2275785791,3398.5163715195,3394.80921270698,3391.10609772563,3500.48676914967,3501.21149172588,3501.93648101377,3502.66173711147,3503.38726011718,3504.11305012913,3504.83910724559,3505.56543156484,NA,NA,NA,NA,NA,NA,NA,NA,NA,NA
"111",2783.29307637839,2782.97762496358,2782.66220930123,2782.3468293873,2782.03148521774,2781.71617678848,2781.40090409549,2781.08566713471,2780.77046590209,2780.45530039358,2780.14017060514,2779.82507653271,2779.51001817225,2779.19499551971,2778.88000857104,2778.5650573222,2778.25014176914,2777.93526190781,2472.11069257315,2459.9580600226,2447.80542747205,2435.65279492151,2423.50016237096,2411.34752982041,2399.19489726987,2387.04226471932,2374.88963216877,2362.73699961822,2350.58436706768,2338.43173451713,2326.27910196658,2314.12646941603,2301.97383686549,2289.82120431494,2277.66857176439,2265.51593921384,1908.15696493312,1888.99042248054,1869.82388002797,1850.6573375754,1831.49079512283,1812.32425267025,1793.15771021768,1773.99116776511,1754.82462531254,1735.65808285996,1716.49154040739,1697.32499795482,1678.15845550225,1658.99191304967,1639.8253705971,1620.65882814453,1601.49228569196,1582.32574323938,2285.67043835845,2285.6613562814,2285.65227424044,2285.64319223556,2285.63411026677,2285.62502833407,2285.61594643745,2285.60686457692,2285.59778275248,NA,NA,NA,NA,NA,NA,NA,NA,NA
"112",3124.81867959223,3482.91852765434,3137.18551396071,3119.84873939696,3071.84563838514,3898.78031221646,4987.06936238396,4902.48355724861,3726.77283203862,2609.93712218222,2649.05969664034,2817.78632457263,3043.40860867028,3401.75981848861,3056.27739044658,3039.1904278261,2991.43636743813,3818.6193129554,5337.70562343513,4448.53580211324,3689.57431412468,3145.30032613612,2988.31800481422,2898.16901682566,3042.2700288371,3454.66270751521,4025.38871952665,3104.96889820475,3360.69491021619,3873.4000888943,5318.91776757241,4429.74794625051,3670.78645826195,3126.51247027339,2969.5301489515,2879.38116096294,3048.31781736641,3428.65781841518,4402.85198839407,2977.12949396994,3328.99033514296,3847.43451191333,4802.75369094789,4525.38537224684,3673.85038914369,3263.98207497197,2748.38459639852,2788.7246200902,3048.64797938053,3428.98800760303,4403.18220475788,2977.45973751195,3329.3206058654,3847.76480981844,3398.85765707481,3394.44901435252,3390.04037163024,3385.63172890795,3381.22308618567,3376.81444346338,3372.4058007411,3367.99715801881,3363.58851529653,NA,NA,NA,NA,NA,NA,NA,NA,NA
